ISO-10303-21;
HEADER;
/* Generated by software containing ST-Developer
 * from STEP Tools, Inc. (www.steptools.com) 
 */
/* OPTION: using custom renumber hook */

FILE_DESCRIPTION(
/* description */ ('STEP AP242 Edition 2',
'CAx-IF Rec.Pracs.---Representation and Presentation of Product Manufa
cturing Information (PMI)---4.0---2014-10-13',
'CAx-IF Rec.Pracs.---3D Tessellated Geometry---0.4---2014-09-14','2;1',
'CAx-IF Rec.Pracs.---User Defined Attributes---1.5---2016-08-15'),
/* implementation_level */ '2;1');

FILE_NAME(
/* name */ 'Part Studio 1 - top case',
/* time_stamp */ '2026-06-21T01:37:38Z',
/* author */ (''),
/* organization */ (''),
/* preprocessor_version */ 'ST-DEVELOPER v20',
/* originating_system */ 'ONSHAPE BY PTC INC, 1.216',
/* authorisation */ '  ');

FILE_SCHEMA (('AP242_MANAGED_MODEL_BASED_3D_ENGINEERING_MIM_LF { 1 0 10303 442 3 1 4 }'));
ENDSEC;

DATA;
#10=SHAPE_REPRESENTATION_RELATIONSHIP('','',#8027,#11);
#11=ADVANCED_BREP_SHAPE_REPRESENTATION('',(#8025),#12625);
#12=PLANE('',#8101);
#13=PLANE('',#8105);
#14=PLANE('',#8109);
#15=PLANE('',#8128);
#16=PLANE('',#8129);
#17=PLANE('',#8130);
#18=PLANE('',#8131);
#19=PLANE('',#8132);
#20=PLANE('',#8133);
#21=PLANE('',#8134);
#22=PLANE('',#8135);
#23=PLANE('',#8136);
#24=PLANE('',#8137);
#25=PLANE('',#8138);
#26=PLANE('',#8139);
#27=PLANE('',#8140);
#28=PLANE('',#8141);
#29=PLANE('',#8142);
#30=PLANE('',#8143);
#31=PLANE('',#8144);
#32=PLANE('',#8145);
#33=PLANE('',#8146);
#34=PLANE('',#8147);
#35=PLANE('',#8148);
#36=PLANE('',#8149);
#37=PLANE('',#8150);
#38=PLANE('',#8151);
#39=PLANE('',#8152);
#40=PLANE('',#8153);
#41=PLANE('',#8154);
#42=PLANE('',#8155);
#43=PLANE('',#8156);
#44=PLANE('',#8157);
#45=PLANE('',#8158);
#46=PLANE('',#8159);
#47=PLANE('',#8160);
#48=PLANE('',#8161);
#49=PLANE('',#8162);
#50=PLANE('',#8163);
#51=PLANE('',#8164);
#52=PLANE('',#8165);
#53=PLANE('',#8166);
#54=PLANE('',#8167);
#55=PLANE('',#8168);
#56=PLANE('',#8169);
#57=PLANE('',#8170);
#58=PLANE('',#8171);
#59=PLANE('',#8172);
#60=PLANE('',#8173);
#61=PLANE('',#8174);
#62=PLANE('',#8175);
#63=PLANE('',#8176);
#64=PLANE('',#8177);
#65=PLANE('',#8178);
#66=PLANE('',#8179);
#67=PLANE('',#8180);
#68=PLANE('',#8181);
#69=PLANE('',#8182);
#70=PLANE('',#8183);
#71=PLANE('',#8184);
#72=PLANE('',#8185);
#73=PLANE('',#8186);
#74=PLANE('',#8187);
#75=PLANE('',#8188);
#76=PLANE('',#8189);
#77=PLANE('',#8190);
#78=PLANE('',#8191);
#79=PLANE('',#8192);
#80=PLANE('',#8193);
#81=PLANE('',#8194);
#82=PLANE('',#8195);
#83=PLANE('',#8196);
#84=PLANE('',#8197);
#85=PLANE('',#8198);
#86=PLANE('',#8199);
#87=PLANE('',#8200);
#88=PLANE('',#8201);
#89=PLANE('',#8202);
#90=PLANE('',#8203);
#91=PLANE('',#8204);
#92=PLANE('',#8205);
#93=PLANE('',#8206);
#94=PLANE('',#8207);
#95=PLANE('',#8208);
#96=PLANE('',#8209);
#97=PLANE('',#8210);
#98=PLANE('',#8211);
#99=PLANE('',#8212);
#100=PLANE('',#8213);
#101=PLANE('',#8214);
#102=PLANE('',#8215);
#103=PLANE('',#8216);
#104=PLANE('',#8217);
#105=PLANE('',#8218);
#106=PLANE('',#8219);
#107=PLANE('',#8220);
#108=PLANE('',#8221);
#109=PLANE('',#8222);
#110=PLANE('',#8223);
#111=PLANE('',#8224);
#112=PLANE('',#8225);
#113=PLANE('',#8226);
#114=PLANE('',#8227);
#115=PLANE('',#8228);
#116=PLANE('',#8229);
#117=PLANE('',#8230);
#118=PLANE('',#8231);
#119=PLANE('',#8232);
#120=PLANE('',#8233);
#121=PLANE('',#8234);
#122=PLANE('',#8235);
#123=PLANE('',#8236);
#124=PLANE('',#8237);
#125=PLANE('',#8238);
#126=PLANE('',#8239);
#127=PLANE('',#8240);
#128=PLANE('',#8241);
#129=PLANE('',#8242);
#130=PLANE('',#8243);
#131=PLANE('',#8244);
#132=PLANE('',#8245);
#133=PLANE('',#8246);
#134=PLANE('',#8247);
#135=PLANE('',#8248);
#136=PLANE('',#8249);
#137=PLANE('',#8250);
#138=PLANE('',#8251);
#139=PLANE('',#8252);
#140=PLANE('',#8253);
#141=PLANE('',#8254);
#142=PLANE('',#8255);
#143=PLANE('',#8256);
#144=PLANE('',#8257);
#145=PLANE('',#8258);
#146=PLANE('',#8259);
#147=PLANE('',#8260);
#148=PLANE('',#8261);
#149=PLANE('',#8262);
#150=PLANE('',#8263);
#151=PLANE('',#8264);
#152=PLANE('',#8265);
#153=PLANE('',#8266);
#154=PLANE('',#8267);
#155=PLANE('',#8268);
#156=PLANE('',#8269);
#157=PLANE('',#8270);
#158=PLANE('',#8271);
#159=PLANE('',#8272);
#160=PLANE('',#8273);
#161=PLANE('',#8274);
#162=PLANE('',#8275);
#163=PLANE('',#8276);
#164=PLANE('',#8277);
#165=PLANE('',#8278);
#166=PLANE('',#8279);
#167=PLANE('',#8280);
#168=PLANE('',#8281);
#169=PLANE('',#8282);
#170=PLANE('',#8283);
#171=PLANE('',#8284);
#172=PLANE('',#8285);
#173=PLANE('',#8286);
#174=PLANE('',#8287);
#175=PLANE('',#8288);
#176=PLANE('',#8289);
#177=PLANE('',#8290);
#178=PLANE('',#8291);
#179=PLANE('',#8292);
#180=PLANE('',#8293);
#181=PLANE('',#8294);
#182=PLANE('',#8295);
#183=PLANE('',#8296);
#184=PLANE('',#8297);
#185=PLANE('',#8298);
#186=PLANE('',#8299);
#187=PLANE('',#8300);
#188=PLANE('',#8301);
#189=PLANE('',#8302);
#190=PLANE('',#8303);
#191=PLANE('',#8304);
#192=PLANE('',#8305);
#193=PLANE('',#8306);
#194=PLANE('',#8307);
#195=PLANE('',#8308);
#196=PLANE('',#8309);
#197=PLANE('',#8310);
#198=PLANE('',#8311);
#199=PLANE('',#8312);
#200=PLANE('',#8313);
#201=PLANE('',#8314);
#202=PLANE('',#8315);
#203=PLANE('',#8316);
#204=PLANE('',#8317);
#205=PLANE('',#8318);
#206=PLANE('',#8319);
#207=PLANE('',#8320);
#208=PLANE('',#8321);
#209=PLANE('',#8322);
#210=PLANE('',#8323);
#211=PLANE('',#8324);
#212=PLANE('',#8325);
#213=PLANE('',#8326);
#214=PLANE('',#8327);
#215=PLANE('',#8328);
#216=PLANE('',#8329);
#217=PLANE('',#8330);
#218=PLANE('',#8331);
#219=PLANE('',#8332);
#220=PLANE('',#8333);
#221=PLANE('',#8334);
#222=PLANE('',#8335);
#223=PLANE('',#8336);
#224=PLANE('',#8337);
#225=PLANE('',#8338);
#226=PLANE('',#8339);
#227=PLANE('',#8340);
#228=PLANE('',#8341);
#229=PLANE('',#8342);
#230=PLANE('',#8343);
#231=PLANE('',#8344);
#232=PLANE('',#8345);
#233=PLANE('',#8346);
#234=PLANE('',#8347);
#235=PLANE('',#8348);
#236=PLANE('',#8349);
#237=PLANE('',#8350);
#238=PLANE('',#8351);
#239=PLANE('',#8352);
#240=PLANE('',#8353);
#241=PLANE('',#8354);
#242=PLANE('',#8355);
#243=PLANE('',#8356);
#244=PLANE('',#8357);
#245=PLANE('',#8358);
#246=PLANE('',#8359);
#247=PLANE('',#8360);
#248=PLANE('',#8361);
#249=PLANE('',#8362);
#250=PLANE('',#8363);
#251=PLANE('',#8364);
#252=PLANE('',#8365);
#253=PLANE('',#8366);
#254=PLANE('',#8367);
#255=PLANE('',#8368);
#256=PLANE('',#8369);
#257=PLANE('',#8370);
#258=PLANE('',#8371);
#259=PLANE('',#8372);
#260=PLANE('',#8373);
#261=PLANE('',#8374);
#262=PLANE('',#8375);
#263=PLANE('',#8376);
#264=PLANE('',#8377);
#265=PLANE('',#8378);
#266=PLANE('',#8379);
#267=PLANE('',#8380);
#268=PLANE('',#8381);
#269=PLANE('',#8382);
#270=PLANE('',#8383);
#271=PLANE('',#8384);
#272=PLANE('',#8385);
#273=PLANE('',#8386);
#274=PLANE('',#8387);
#275=PLANE('',#8388);
#276=PLANE('',#8389);
#277=PLANE('',#8390);
#278=PLANE('',#8391);
#279=PLANE('',#8392);
#280=PLANE('',#8393);
#281=PLANE('',#8394);
#282=PLANE('',#8395);
#283=PLANE('',#8396);
#284=PLANE('',#8397);
#285=PLANE('',#8398);
#286=PLANE('',#8399);
#287=PLANE('',#8400);
#288=PLANE('',#8401);
#289=PLANE('',#8402);
#290=PLANE('',#8403);
#291=PLANE('',#8404);
#292=PLANE('',#8405);
#293=PLANE('',#8406);
#294=PLANE('',#8407);
#295=PLANE('',#8408);
#296=PLANE('',#8409);
#297=PLANE('',#8410);
#298=PLANE('',#8411);
#299=PLANE('',#8412);
#300=PLANE('',#8413);
#301=PLANE('',#8414);
#302=PLANE('',#8415);
#303=PLANE('',#8416);
#304=PLANE('',#8417);
#305=PLANE('',#8418);
#306=PLANE('',#8419);
#307=PLANE('',#8420);
#308=PLANE('',#8421);
#309=PLANE('',#8422);
#310=PLANE('',#8423);
#311=PLANE('',#8424);
#312=PLANE('',#8425);
#313=PLANE('',#8426);
#314=PLANE('',#8427);
#315=PLANE('',#8428);
#316=PLANE('',#8429);
#317=PLANE('',#8430);
#318=PLANE('',#8431);
#319=PLANE('',#8432);
#320=PLANE('',#8433);
#321=PLANE('',#8434);
#322=PLANE('',#8435);
#323=PLANE('',#8436);
#324=PLANE('',#8437);
#325=PLANE('',#8438);
#326=PLANE('',#8439);
#327=PLANE('',#8440);
#328=PLANE('',#8441);
#329=PLANE('',#8442);
#330=PLANE('',#8443);
#331=PLANE('',#8444);
#332=PLANE('',#8445);
#333=PLANE('',#8446);
#334=PLANE('',#8447);
#335=PLANE('',#8448);
#336=PLANE('',#8449);
#337=PLANE('',#8450);
#338=PLANE('',#8451);
#339=PLANE('',#8452);
#340=PLANE('',#8453);
#341=PLANE('',#8454);
#342=PLANE('',#8455);
#343=PLANE('',#8456);
#344=PLANE('',#8457);
#345=PLANE('',#8458);
#346=PLANE('',#8459);
#347=PLANE('',#8460);
#348=PLANE('',#8461);
#349=PLANE('',#8462);
#350=PLANE('',#8463);
#351=PLANE('',#8464);
#352=PLANE('',#8465);
#353=PLANE('',#8466);
#354=CIRCLE('',#8030,0.015);
#355=CIRCLE('',#8031,0.015);
#356=CIRCLE('',#8033,0.015);
#357=CIRCLE('',#8034,0.015);
#358=CIRCLE('',#8036,0.015);
#359=CIRCLE('',#8037,0.015);
#360=CIRCLE('',#8039,0.015);
#361=CIRCLE('',#8040,0.015);
#362=CIRCLE('',#8042,0.015);
#363=CIRCLE('',#8043,0.015);
#364=CIRCLE('',#8045,0.015);
#365=CIRCLE('',#8046,0.015);
#366=CIRCLE('',#8048,0.015);
#367=CIRCLE('',#8049,0.015);
#368=CIRCLE('',#8051,0.015);
#369=CIRCLE('',#8052,0.015);
#370=CIRCLE('',#8054,0.015);
#371=CIRCLE('',#8055,0.015);
#372=CIRCLE('',#8057,0.015);
#373=CIRCLE('',#8058,0.015);
#374=CIRCLE('',#8060,0.015);
#375=CIRCLE('',#8061,0.015);
#376=CIRCLE('',#8063,0.015);
#377=CIRCLE('',#8064,0.015);
#378=CIRCLE('',#8066,0.015);
#379=CIRCLE('',#8067,0.015);
#380=CIRCLE('',#8069,0.015);
#381=CIRCLE('',#8070,0.015);
#382=CIRCLE('',#8072,0.015);
#383=CIRCLE('',#8073,0.015);
#384=CIRCLE('',#8075,0.015);
#385=CIRCLE('',#8076,0.015);
#386=CIRCLE('',#8078,0.015);
#387=CIRCLE('',#8079,0.015);
#388=CIRCLE('',#8081,0.015);
#389=CIRCLE('',#8082,0.015);
#390=CIRCLE('',#8084,0.015);
#391=CIRCLE('',#8085,0.015);
#392=CIRCLE('',#8087,0.015);
#393=CIRCLE('',#8088,0.015);
#394=CIRCLE('',#8090,0.015);
#395=CIRCLE('',#8091,0.015);
#396=CIRCLE('',#8093,0.015);
#397=CIRCLE('',#8094,0.015);
#398=CIRCLE('',#8096,0.015);
#399=CIRCLE('',#8097,0.015);
#400=CIRCLE('',#8099,0.005);
#401=CIRCLE('',#8100,0.005);
#402=CIRCLE('',#8103,0.005);
#403=CIRCLE('',#8104,0.005);
#404=CIRCLE('',#8107,0.005);
#405=CIRCLE('',#8108,0.005);
#406=CIRCLE('',#8111,0.005);
#407=CIRCLE('',#8112,0.005);
#408=CIRCLE('',#8114,0.00095);
#409=CIRCLE('',#8115,0.00095);
#410=CIRCLE('',#8117,0.00095);
#411=CIRCLE('',#8118,0.00095);
#412=CIRCLE('',#8120,0.00095);
#413=CIRCLE('',#8121,0.00095);
#414=CIRCLE('',#8123,0.00095);
#415=CIRCLE('',#8124,0.00095);
#416=CIRCLE('',#8126,0.015);
#417=CIRCLE('',#8127,0.015);
#418=ORIENTED_EDGE('',*,*,#2642,.F.);
#419=ORIENTED_EDGE('',*,*,#2643,.F.);
#420=ORIENTED_EDGE('',*,*,#2644,.F.);
#421=ORIENTED_EDGE('',*,*,#2645,.T.);
#422=ORIENTED_EDGE('',*,*,#2646,.F.);
#423=ORIENTED_EDGE('',*,*,#2647,.T.);
#424=ORIENTED_EDGE('',*,*,#2648,.F.);
#425=ORIENTED_EDGE('',*,*,#2649,.F.);
#426=ORIENTED_EDGE('',*,*,#2650,.F.);
#427=ORIENTED_EDGE('',*,*,#2651,.T.);
#428=ORIENTED_EDGE('',*,*,#2652,.F.);
#429=ORIENTED_EDGE('',*,*,#2653,.F.);
#430=ORIENTED_EDGE('',*,*,#2654,.F.);
#431=ORIENTED_EDGE('',*,*,#2655,.F.);
#432=ORIENTED_EDGE('',*,*,#2656,.F.);
#433=ORIENTED_EDGE('',*,*,#2657,.T.);
#434=ORIENTED_EDGE('',*,*,#2658,.F.);
#435=ORIENTED_EDGE('',*,*,#2659,.F.);
#436=ORIENTED_EDGE('',*,*,#2660,.F.);
#437=ORIENTED_EDGE('',*,*,#2661,.T.);
#438=ORIENTED_EDGE('',*,*,#2662,.F.);
#439=ORIENTED_EDGE('',*,*,#2663,.T.);
#440=ORIENTED_EDGE('',*,*,#2664,.F.);
#441=ORIENTED_EDGE('',*,*,#2665,.F.);
#442=ORIENTED_EDGE('',*,*,#2666,.F.);
#443=ORIENTED_EDGE('',*,*,#2667,.T.);
#444=ORIENTED_EDGE('',*,*,#2668,.F.);
#445=ORIENTED_EDGE('',*,*,#2669,.F.);
#446=ORIENTED_EDGE('',*,*,#2670,.F.);
#447=ORIENTED_EDGE('',*,*,#2671,.T.);
#448=ORIENTED_EDGE('',*,*,#2672,.F.);
#449=ORIENTED_EDGE('',*,*,#2673,.F.);
#450=ORIENTED_EDGE('',*,*,#2674,.F.);
#451=ORIENTED_EDGE('',*,*,#2675,.T.);
#452=ORIENTED_EDGE('',*,*,#2676,.F.);
#453=ORIENTED_EDGE('',*,*,#2677,.F.);
#454=ORIENTED_EDGE('',*,*,#2678,.F.);
#455=ORIENTED_EDGE('',*,*,#2679,.F.);
#456=ORIENTED_EDGE('',*,*,#2680,.F.);
#457=ORIENTED_EDGE('',*,*,#2681,.T.);
#458=ORIENTED_EDGE('',*,*,#2682,.F.);
#459=ORIENTED_EDGE('',*,*,#2683,.T.);
#460=ORIENTED_EDGE('',*,*,#2684,.F.);
#461=ORIENTED_EDGE('',*,*,#2685,.F.);
#462=ORIENTED_EDGE('',*,*,#2686,.F.);
#463=ORIENTED_EDGE('',*,*,#2687,.F.);
#464=ORIENTED_EDGE('',*,*,#2688,.F.);
#465=ORIENTED_EDGE('',*,*,#2689,.T.);
#466=ORIENTED_EDGE('',*,*,#2690,.F.);
#467=ORIENTED_EDGE('',*,*,#2691,.F.);
#468=ORIENTED_EDGE('',*,*,#2692,.F.);
#469=ORIENTED_EDGE('',*,*,#2693,.T.);
#470=ORIENTED_EDGE('',*,*,#2694,.F.);
#471=ORIENTED_EDGE('',*,*,#2695,.F.);
#472=ORIENTED_EDGE('',*,*,#2696,.F.);
#473=ORIENTED_EDGE('',*,*,#2697,.T.);
#474=ORIENTED_EDGE('',*,*,#2698,.F.);
#475=ORIENTED_EDGE('',*,*,#2699,.F.);
#476=ORIENTED_EDGE('',*,*,#2700,.F.);
#477=ORIENTED_EDGE('',*,*,#2701,.T.);
#478=ORIENTED_EDGE('',*,*,#2702,.F.);
#479=ORIENTED_EDGE('',*,*,#2703,.T.);
#480=ORIENTED_EDGE('',*,*,#2704,.F.);
#481=ORIENTED_EDGE('',*,*,#2705,.F.);
#482=ORIENTED_EDGE('',*,*,#2706,.F.);
#483=ORIENTED_EDGE('',*,*,#2707,.F.);
#484=ORIENTED_EDGE('',*,*,#2708,.F.);
#485=ORIENTED_EDGE('',*,*,#2709,.T.);
#486=ORIENTED_EDGE('',*,*,#2710,.F.);
#487=ORIENTED_EDGE('',*,*,#2711,.T.);
#488=ORIENTED_EDGE('',*,*,#2712,.F.);
#489=ORIENTED_EDGE('',*,*,#2713,.F.);
#490=ORIENTED_EDGE('',*,*,#2714,.F.);
#491=ORIENTED_EDGE('',*,*,#2715,.T.);
#492=ORIENTED_EDGE('',*,*,#2716,.F.);
#493=ORIENTED_EDGE('',*,*,#2717,.F.);
#494=ORIENTED_EDGE('',*,*,#2718,.F.);
#495=ORIENTED_EDGE('',*,*,#2719,.T.);
#496=ORIENTED_EDGE('',*,*,#2720,.F.);
#497=ORIENTED_EDGE('',*,*,#2721,.F.);
#498=ORIENTED_EDGE('',*,*,#2722,.F.);
#499=ORIENTED_EDGE('',*,*,#2723,.F.);
#500=ORIENTED_EDGE('',*,*,#2724,.F.);
#501=ORIENTED_EDGE('',*,*,#2725,.T.);
#502=ORIENTED_EDGE('',*,*,#2726,.F.);
#503=ORIENTED_EDGE('',*,*,#2727,.F.);
#504=ORIENTED_EDGE('',*,*,#2728,.F.);
#505=ORIENTED_EDGE('',*,*,#2729,.T.);
#506=ORIENTED_EDGE('',*,*,#2730,.F.);
#507=ORIENTED_EDGE('',*,*,#2731,.T.);
#508=ORIENTED_EDGE('',*,*,#2732,.F.);
#509=ORIENTED_EDGE('',*,*,#2733,.F.);
#510=ORIENTED_EDGE('',*,*,#2734,.T.);
#511=ORIENTED_EDGE('',*,*,#2735,.F.);
#512=ORIENTED_EDGE('',*,*,#2736,.F.);
#513=ORIENTED_EDGE('',*,*,#2737,.T.);
#514=ORIENTED_EDGE('',*,*,#2738,.T.);
#515=ORIENTED_EDGE('',*,*,#2739,.F.);
#516=ORIENTED_EDGE('',*,*,#2740,.F.);
#517=ORIENTED_EDGE('',*,*,#2735,.T.);
#518=ORIENTED_EDGE('',*,*,#2741,.T.);
#519=ORIENTED_EDGE('',*,*,#2742,.F.);
#520=ORIENTED_EDGE('',*,*,#2743,.F.);
#521=ORIENTED_EDGE('',*,*,#2739,.T.);
#522=ORIENTED_EDGE('',*,*,#2744,.T.);
#523=ORIENTED_EDGE('',*,*,#2745,.F.);
#524=ORIENTED_EDGE('',*,*,#2746,.F.);
#525=ORIENTED_EDGE('',*,*,#2742,.T.);
#526=ORIENTED_EDGE('',*,*,#2747,.T.);
#527=ORIENTED_EDGE('',*,*,#2748,.F.);
#528=ORIENTED_EDGE('',*,*,#2749,.F.);
#529=ORIENTED_EDGE('',*,*,#2745,.T.);
#530=ORIENTED_EDGE('',*,*,#2750,.F.);
#531=ORIENTED_EDGE('',*,*,#2751,.F.);
#532=ORIENTED_EDGE('',*,*,#2752,.T.);
#533=ORIENTED_EDGE('',*,*,#2748,.T.);
#534=ORIENTED_EDGE('',*,*,#2753,.T.);
#535=ORIENTED_EDGE('',*,*,#2754,.F.);
#536=ORIENTED_EDGE('',*,*,#2755,.F.);
#537=ORIENTED_EDGE('',*,*,#2751,.T.);
#538=ORIENTED_EDGE('',*,*,#2756,.T.);
#539=ORIENTED_EDGE('',*,*,#2757,.F.);
#540=ORIENTED_EDGE('',*,*,#2758,.T.);
#541=ORIENTED_EDGE('',*,*,#2759,.F.);
#542=ORIENTED_EDGE('',*,*,#2760,.T.);
#543=ORIENTED_EDGE('',*,*,#2761,.F.);
#544=ORIENTED_EDGE('',*,*,#2762,.T.);
#545=ORIENTED_EDGE('',*,*,#2763,.F.);
#546=ORIENTED_EDGE('',*,*,#2764,.F.);
#547=ORIENTED_EDGE('',*,*,#2765,.T.);
#548=ORIENTED_EDGE('',*,*,#2766,.F.);
#549=ORIENTED_EDGE('',*,*,#2767,.F.);
#550=ORIENTED_EDGE('',*,*,#2768,.F.);
#551=ORIENTED_EDGE('',*,*,#2737,.F.);
#552=ORIENTED_EDGE('',*,*,#2769,.T.);
#553=ORIENTED_EDGE('',*,*,#2754,.T.);
#554=ORIENTED_EDGE('',*,*,#2647,.F.);
#555=ORIENTED_EDGE('',*,*,#2770,.T.);
#556=ORIENTED_EDGE('',*,*,#2771,.T.);
#557=ORIENTED_EDGE('',*,*,#2772,.T.);
#558=ORIENTED_EDGE('',*,*,#2773,.T.);
#559=ORIENTED_EDGE('',*,*,#2774,.T.);
#560=ORIENTED_EDGE('',*,*,#2775,.T.);
#561=ORIENTED_EDGE('',*,*,#2645,.F.);
#562=ORIENTED_EDGE('',*,*,#2776,.T.);
#563=ORIENTED_EDGE('',*,*,#2777,.T.);
#564=ORIENTED_EDGE('',*,*,#2778,.T.);
#565=ORIENTED_EDGE('',*,*,#2779,.T.);
#566=ORIENTED_EDGE('',*,*,#2780,.T.);
#567=ORIENTED_EDGE('',*,*,#2651,.F.);
#568=ORIENTED_EDGE('',*,*,#2781,.T.);
#569=ORIENTED_EDGE('',*,*,#2782,.T.);
#570=ORIENTED_EDGE('',*,*,#2783,.T.);
#571=ORIENTED_EDGE('',*,*,#2784,.T.);
#572=ORIENTED_EDGE('',*,*,#2785,.T.);
#573=ORIENTED_EDGE('',*,*,#2786,.T.);
#574=ORIENTED_EDGE('',*,*,#2667,.F.);
#575=ORIENTED_EDGE('',*,*,#2787,.T.);
#576=ORIENTED_EDGE('',*,*,#2788,.T.);
#577=ORIENTED_EDGE('',*,*,#2789,.T.);
#578=ORIENTED_EDGE('',*,*,#2790,.T.);
#579=ORIENTED_EDGE('',*,*,#2791,.T.);
#580=ORIENTED_EDGE('',*,*,#2671,.F.);
#581=ORIENTED_EDGE('',*,*,#2792,.T.);
#582=ORIENTED_EDGE('',*,*,#2793,.T.);
#583=ORIENTED_EDGE('',*,*,#2794,.T.);
#584=ORIENTED_EDGE('',*,*,#2795,.T.);
#585=ORIENTED_EDGE('',*,*,#2796,.T.);
#586=ORIENTED_EDGE('',*,*,#2663,.F.);
#587=ORIENTED_EDGE('',*,*,#2797,.T.);
#588=ORIENTED_EDGE('',*,*,#2798,.T.);
#589=ORIENTED_EDGE('',*,*,#2799,.T.);
#590=ORIENTED_EDGE('',*,*,#2683,.F.);
#591=ORIENTED_EDGE('',*,*,#2800,.T.);
#592=ORIENTED_EDGE('',*,*,#2801,.T.);
#593=ORIENTED_EDGE('',*,*,#2802,.T.);
#594=ORIENTED_EDGE('',*,*,#2803,.T.);
#595=ORIENTED_EDGE('',*,*,#2804,.T.);
#596=ORIENTED_EDGE('',*,*,#2661,.F.);
#597=ORIENTED_EDGE('',*,*,#2805,.T.);
#598=ORIENTED_EDGE('',*,*,#2806,.T.);
#599=ORIENTED_EDGE('',*,*,#2807,.T.);
#600=ORIENTED_EDGE('',*,*,#2675,.F.);
#601=ORIENTED_EDGE('',*,*,#2808,.T.);
#602=ORIENTED_EDGE('',*,*,#2809,.T.);
#603=ORIENTED_EDGE('',*,*,#2810,.T.);
#604=ORIENTED_EDGE('',*,*,#2657,.F.);
#605=ORIENTED_EDGE('',*,*,#2811,.T.);
#606=ORIENTED_EDGE('',*,*,#2812,.T.);
#607=ORIENTED_EDGE('',*,*,#2813,.T.);
#608=ORIENTED_EDGE('',*,*,#2814,.T.);
#609=ORIENTED_EDGE('',*,*,#2815,.T.);
#610=ORIENTED_EDGE('',*,*,#2681,.F.);
#611=ORIENTED_EDGE('',*,*,#2816,.T.);
#612=ORIENTED_EDGE('',*,*,#2817,.T.);
#613=ORIENTED_EDGE('',*,*,#2818,.T.);
#614=ORIENTED_EDGE('',*,*,#2819,.T.);
#615=ORIENTED_EDGE('',*,*,#2820,.T.);
#616=ORIENTED_EDGE('',*,*,#2689,.F.);
#617=ORIENTED_EDGE('',*,*,#2821,.T.);
#618=ORIENTED_EDGE('',*,*,#2822,.T.);
#619=ORIENTED_EDGE('',*,*,#2823,.T.);
#620=ORIENTED_EDGE('',*,*,#2824,.T.);
#621=ORIENTED_EDGE('',*,*,#2825,.T.);
#622=ORIENTED_EDGE('',*,*,#2826,.T.);
#623=ORIENTED_EDGE('',*,*,#2693,.F.);
#624=ORIENTED_EDGE('',*,*,#2827,.T.);
#625=ORIENTED_EDGE('',*,*,#2828,.T.);
#626=ORIENTED_EDGE('',*,*,#2829,.T.);
#627=ORIENTED_EDGE('',*,*,#2830,.T.);
#628=ORIENTED_EDGE('',*,*,#2831,.T.);
#629=ORIENTED_EDGE('',*,*,#2697,.F.);
#630=ORIENTED_EDGE('',*,*,#2832,.T.);
#631=ORIENTED_EDGE('',*,*,#2833,.T.);
#632=ORIENTED_EDGE('',*,*,#2834,.T.);
#633=ORIENTED_EDGE('',*,*,#2703,.F.);
#634=ORIENTED_EDGE('',*,*,#2835,.T.);
#635=ORIENTED_EDGE('',*,*,#2836,.T.);
#636=ORIENTED_EDGE('',*,*,#2837,.T.);
#637=ORIENTED_EDGE('',*,*,#2838,.T.);
#638=ORIENTED_EDGE('',*,*,#2839,.T.);
#639=ORIENTED_EDGE('',*,*,#2701,.F.);
#640=ORIENTED_EDGE('',*,*,#2840,.T.);
#641=ORIENTED_EDGE('',*,*,#2841,.T.);
#642=ORIENTED_EDGE('',*,*,#2842,.T.);
#643=ORIENTED_EDGE('',*,*,#2711,.F.);
#644=ORIENTED_EDGE('',*,*,#2843,.T.);
#645=ORIENTED_EDGE('',*,*,#2844,.T.);
#646=ORIENTED_EDGE('',*,*,#2845,.T.);
#647=ORIENTED_EDGE('',*,*,#2846,.T.);
#648=ORIENTED_EDGE('',*,*,#2847,.T.);
#649=ORIENTED_EDGE('',*,*,#2848,.T.);
#650=ORIENTED_EDGE('',*,*,#2715,.F.);
#651=ORIENTED_EDGE('',*,*,#2849,.T.);
#652=ORIENTED_EDGE('',*,*,#2850,.T.);
#653=ORIENTED_EDGE('',*,*,#2851,.T.);
#654=ORIENTED_EDGE('',*,*,#2852,.T.);
#655=ORIENTED_EDGE('',*,*,#2853,.T.);
#656=ORIENTED_EDGE('',*,*,#2719,.F.);
#657=ORIENTED_EDGE('',*,*,#2854,.T.);
#658=ORIENTED_EDGE('',*,*,#2855,.T.);
#659=ORIENTED_EDGE('',*,*,#2856,.T.);
#660=ORIENTED_EDGE('',*,*,#2731,.F.);
#661=ORIENTED_EDGE('',*,*,#2857,.T.);
#662=ORIENTED_EDGE('',*,*,#2858,.T.);
#663=ORIENTED_EDGE('',*,*,#2859,.T.);
#664=ORIENTED_EDGE('',*,*,#2860,.T.);
#665=ORIENTED_EDGE('',*,*,#2861,.T.);
#666=ORIENTED_EDGE('',*,*,#2729,.F.);
#667=ORIENTED_EDGE('',*,*,#2862,.T.);
#668=ORIENTED_EDGE('',*,*,#2863,.T.);
#669=ORIENTED_EDGE('',*,*,#2864,.T.);
#670=ORIENTED_EDGE('',*,*,#2865,.T.);
#671=ORIENTED_EDGE('',*,*,#2866,.T.);
#672=ORIENTED_EDGE('',*,*,#2725,.F.);
#673=ORIENTED_EDGE('',*,*,#2867,.T.);
#674=ORIENTED_EDGE('',*,*,#2868,.T.);
#675=ORIENTED_EDGE('',*,*,#2869,.T.);
#676=ORIENTED_EDGE('',*,*,#2870,.T.);
#677=ORIENTED_EDGE('',*,*,#2871,.T.);
#678=ORIENTED_EDGE('',*,*,#2872,.T.);
#679=ORIENTED_EDGE('',*,*,#2765,.F.);
#680=ORIENTED_EDGE('',*,*,#2873,.T.);
#681=ORIENTED_EDGE('',*,*,#2874,.T.);
#682=ORIENTED_EDGE('',*,*,#2875,.T.);
#683=ORIENTED_EDGE('',*,*,#2876,.T.);
#684=ORIENTED_EDGE('',*,*,#2877,.T.);
#685=ORIENTED_EDGE('',*,*,#2878,.T.);
#686=ORIENTED_EDGE('',*,*,#2879,.T.);
#687=ORIENTED_EDGE('',*,*,#2709,.F.);
#688=ORIENTED_EDGE('',*,*,#2880,.T.);
#689=ORIENTED_EDGE('',*,*,#2881,.T.);
#690=ORIENTED_EDGE('',*,*,#2882,.T.);
#691=ORIENTED_EDGE('',*,*,#2883,.T.);
#692=ORIENTED_EDGE('',*,*,#2762,.F.);
#693=ORIENTED_EDGE('',*,*,#2760,.F.);
#694=ORIENTED_EDGE('',*,*,#2758,.F.);
#695=ORIENTED_EDGE('',*,*,#2756,.F.);
#696=ORIENTED_EDGE('',*,*,#2736,.T.);
#697=ORIENTED_EDGE('',*,*,#2740,.T.);
#698=ORIENTED_EDGE('',*,*,#2743,.T.);
#699=ORIENTED_EDGE('',*,*,#2746,.T.);
#700=ORIENTED_EDGE('',*,*,#2749,.T.);
#701=ORIENTED_EDGE('',*,*,#2752,.F.);
#702=ORIENTED_EDGE('',*,*,#2755,.T.);
#703=ORIENTED_EDGE('',*,*,#2769,.F.);
#704=ORIENTED_EDGE('',*,*,#2884,.T.);
#705=ORIENTED_EDGE('',*,*,#2885,.T.);
#706=ORIENTED_EDGE('',*,*,#2886,.T.);
#707=ORIENTED_EDGE('',*,*,#2887,.T.);
#708=ORIENTED_EDGE('',*,*,#2888,.T.);
#709=ORIENTED_EDGE('',*,*,#2889,.T.);
#710=ORIENTED_EDGE('',*,*,#2890,.T.);
#711=ORIENTED_EDGE('',*,*,#2891,.T.);
#712=ORIENTED_EDGE('',*,*,#2892,.T.);
#713=ORIENTED_EDGE('',*,*,#2893,.T.);
#714=ORIENTED_EDGE('',*,*,#2894,.T.);
#715=ORIENTED_EDGE('',*,*,#2895,.T.);
#716=ORIENTED_EDGE('',*,*,#2896,.T.);
#717=ORIENTED_EDGE('',*,*,#2897,.T.);
#718=ORIENTED_EDGE('',*,*,#2898,.T.);
#719=ORIENTED_EDGE('',*,*,#2899,.T.);
#720=ORIENTED_EDGE('',*,*,#2900,.T.);
#721=ORIENTED_EDGE('',*,*,#2901,.T.);
#722=ORIENTED_EDGE('',*,*,#2902,.T.);
#723=ORIENTED_EDGE('',*,*,#2903,.T.);
#724=ORIENTED_EDGE('',*,*,#2904,.T.);
#725=ORIENTED_EDGE('',*,*,#2905,.T.);
#726=ORIENTED_EDGE('',*,*,#2906,.T.);
#727=ORIENTED_EDGE('',*,*,#2907,.T.);
#728=ORIENTED_EDGE('',*,*,#2908,.T.);
#729=ORIENTED_EDGE('',*,*,#2909,.T.);
#730=ORIENTED_EDGE('',*,*,#2910,.T.);
#731=ORIENTED_EDGE('',*,*,#2911,.T.);
#732=ORIENTED_EDGE('',*,*,#2912,.T.);
#733=ORIENTED_EDGE('',*,*,#2913,.T.);
#734=ORIENTED_EDGE('',*,*,#2914,.T.);
#735=ORIENTED_EDGE('',*,*,#2915,.T.);
#736=ORIENTED_EDGE('',*,*,#2916,.T.);
#737=ORIENTED_EDGE('',*,*,#2917,.T.);
#738=ORIENTED_EDGE('',*,*,#2918,.T.);
#739=ORIENTED_EDGE('',*,*,#2919,.T.);
#740=ORIENTED_EDGE('',*,*,#2920,.T.);
#741=ORIENTED_EDGE('',*,*,#2921,.T.);
#742=ORIENTED_EDGE('',*,*,#2922,.T.);
#743=ORIENTED_EDGE('',*,*,#2923,.T.);
#744=ORIENTED_EDGE('',*,*,#2924,.T.);
#745=ORIENTED_EDGE('',*,*,#2925,.T.);
#746=ORIENTED_EDGE('',*,*,#2926,.T.);
#747=ORIENTED_EDGE('',*,*,#2927,.T.);
#748=ORIENTED_EDGE('',*,*,#2928,.T.);
#749=ORIENTED_EDGE('',*,*,#2929,.T.);
#750=ORIENTED_EDGE('',*,*,#2930,.T.);
#751=ORIENTED_EDGE('',*,*,#2931,.T.);
#752=ORIENTED_EDGE('',*,*,#2932,.T.);
#753=ORIENTED_EDGE('',*,*,#2933,.T.);
#754=ORIENTED_EDGE('',*,*,#2934,.T.);
#755=ORIENTED_EDGE('',*,*,#2935,.T.);
#756=ORIENTED_EDGE('',*,*,#2936,.T.);
#757=ORIENTED_EDGE('',*,*,#2937,.T.);
#758=ORIENTED_EDGE('',*,*,#2938,.T.);
#759=ORIENTED_EDGE('',*,*,#2939,.T.);
#760=ORIENTED_EDGE('',*,*,#2940,.T.);
#761=ORIENTED_EDGE('',*,*,#2941,.T.);
#762=ORIENTED_EDGE('',*,*,#2942,.T.);
#763=ORIENTED_EDGE('',*,*,#2943,.T.);
#764=ORIENTED_EDGE('',*,*,#2944,.T.);
#765=ORIENTED_EDGE('',*,*,#2945,.T.);
#766=ORIENTED_EDGE('',*,*,#2946,.T.);
#767=ORIENTED_EDGE('',*,*,#2947,.T.);
#768=ORIENTED_EDGE('',*,*,#2948,.T.);
#769=ORIENTED_EDGE('',*,*,#2949,.T.);
#770=ORIENTED_EDGE('',*,*,#2950,.T.);
#771=ORIENTED_EDGE('',*,*,#2951,.T.);
#772=ORIENTED_EDGE('',*,*,#2952,.T.);
#773=ORIENTED_EDGE('',*,*,#2953,.T.);
#774=ORIENTED_EDGE('',*,*,#2954,.T.);
#775=ORIENTED_EDGE('',*,*,#2955,.T.);
#776=ORIENTED_EDGE('',*,*,#2956,.T.);
#777=ORIENTED_EDGE('',*,*,#2957,.T.);
#778=ORIENTED_EDGE('',*,*,#2958,.T.);
#779=ORIENTED_EDGE('',*,*,#2959,.T.);
#780=ORIENTED_EDGE('',*,*,#2960,.T.);
#781=ORIENTED_EDGE('',*,*,#2961,.T.);
#782=ORIENTED_EDGE('',*,*,#2962,.T.);
#783=ORIENTED_EDGE('',*,*,#2963,.T.);
#784=ORIENTED_EDGE('',*,*,#2964,.T.);
#785=ORIENTED_EDGE('',*,*,#2965,.T.);
#786=ORIENTED_EDGE('',*,*,#2966,.T.);
#787=ORIENTED_EDGE('',*,*,#2967,.T.);
#788=ORIENTED_EDGE('',*,*,#2968,.T.);
#789=ORIENTED_EDGE('',*,*,#2969,.T.);
#790=ORIENTED_EDGE('',*,*,#2970,.T.);
#791=ORIENTED_EDGE('',*,*,#2971,.T.);
#792=ORIENTED_EDGE('',*,*,#2972,.T.);
#793=ORIENTED_EDGE('',*,*,#2973,.T.);
#794=ORIENTED_EDGE('',*,*,#2974,.T.);
#795=ORIENTED_EDGE('',*,*,#2975,.T.);
#796=ORIENTED_EDGE('',*,*,#2976,.T.);
#797=ORIENTED_EDGE('',*,*,#2977,.T.);
#798=ORIENTED_EDGE('',*,*,#2978,.T.);
#799=ORIENTED_EDGE('',*,*,#2979,.T.);
#800=ORIENTED_EDGE('',*,*,#2980,.T.);
#801=ORIENTED_EDGE('',*,*,#2981,.T.);
#802=ORIENTED_EDGE('',*,*,#2982,.T.);
#803=ORIENTED_EDGE('',*,*,#2983,.T.);
#804=ORIENTED_EDGE('',*,*,#2984,.T.);
#805=ORIENTED_EDGE('',*,*,#2985,.T.);
#806=ORIENTED_EDGE('',*,*,#2986,.T.);
#807=ORIENTED_EDGE('',*,*,#2987,.T.);
#808=ORIENTED_EDGE('',*,*,#2988,.T.);
#809=ORIENTED_EDGE('',*,*,#2989,.T.);
#810=ORIENTED_EDGE('',*,*,#2990,.T.);
#811=ORIENTED_EDGE('',*,*,#2991,.T.);
#812=ORIENTED_EDGE('',*,*,#2992,.T.);
#813=ORIENTED_EDGE('',*,*,#2993,.T.);
#814=ORIENTED_EDGE('',*,*,#2994,.T.);
#815=ORIENTED_EDGE('',*,*,#2995,.T.);
#816=ORIENTED_EDGE('',*,*,#2996,.T.);
#817=ORIENTED_EDGE('',*,*,#2997,.T.);
#818=ORIENTED_EDGE('',*,*,#2998,.T.);
#819=ORIENTED_EDGE('',*,*,#2999,.T.);
#820=ORIENTED_EDGE('',*,*,#3000,.T.);
#821=ORIENTED_EDGE('',*,*,#3001,.T.);
#822=ORIENTED_EDGE('',*,*,#3002,.T.);
#823=ORIENTED_EDGE('',*,*,#3003,.T.);
#824=ORIENTED_EDGE('',*,*,#3004,.T.);
#825=ORIENTED_EDGE('',*,*,#3005,.T.);
#826=ORIENTED_EDGE('',*,*,#3006,.T.);
#827=ORIENTED_EDGE('',*,*,#3007,.T.);
#828=ORIENTED_EDGE('',*,*,#3008,.T.);
#829=ORIENTED_EDGE('',*,*,#3009,.T.);
#830=ORIENTED_EDGE('',*,*,#3010,.T.);
#831=ORIENTED_EDGE('',*,*,#3011,.T.);
#832=ORIENTED_EDGE('',*,*,#3012,.T.);
#833=ORIENTED_EDGE('',*,*,#3013,.T.);
#834=ORIENTED_EDGE('',*,*,#3014,.T.);
#835=ORIENTED_EDGE('',*,*,#3015,.T.);
#836=ORIENTED_EDGE('',*,*,#3016,.T.);
#837=ORIENTED_EDGE('',*,*,#3017,.T.);
#838=ORIENTED_EDGE('',*,*,#3018,.T.);
#839=ORIENTED_EDGE('',*,*,#3019,.T.);
#840=ORIENTED_EDGE('',*,*,#3020,.T.);
#841=ORIENTED_EDGE('',*,*,#3021,.T.);
#842=ORIENTED_EDGE('',*,*,#3022,.T.);
#843=ORIENTED_EDGE('',*,*,#3023,.T.);
#844=ORIENTED_EDGE('',*,*,#3024,.T.);
#845=ORIENTED_EDGE('',*,*,#3025,.T.);
#846=ORIENTED_EDGE('',*,*,#3026,.T.);
#847=ORIENTED_EDGE('',*,*,#3027,.T.);
#848=ORIENTED_EDGE('',*,*,#3028,.T.);
#849=ORIENTED_EDGE('',*,*,#3029,.T.);
#850=ORIENTED_EDGE('',*,*,#3030,.T.);
#851=ORIENTED_EDGE('',*,*,#3031,.T.);
#852=ORIENTED_EDGE('',*,*,#3032,.T.);
#853=ORIENTED_EDGE('',*,*,#3033,.T.);
#854=ORIENTED_EDGE('',*,*,#3034,.T.);
#855=ORIENTED_EDGE('',*,*,#3035,.T.);
#856=ORIENTED_EDGE('',*,*,#3036,.T.);
#857=ORIENTED_EDGE('',*,*,#3037,.T.);
#858=ORIENTED_EDGE('',*,*,#3038,.T.);
#859=ORIENTED_EDGE('',*,*,#3039,.T.);
#860=ORIENTED_EDGE('',*,*,#3040,.T.);
#861=ORIENTED_EDGE('',*,*,#3041,.T.);
#862=ORIENTED_EDGE('',*,*,#3042,.T.);
#863=ORIENTED_EDGE('',*,*,#3043,.T.);
#864=ORIENTED_EDGE('',*,*,#3044,.T.);
#865=ORIENTED_EDGE('',*,*,#3045,.T.);
#866=ORIENTED_EDGE('',*,*,#3046,.T.);
#867=ORIENTED_EDGE('',*,*,#3047,.T.);
#868=ORIENTED_EDGE('',*,*,#3048,.T.);
#869=ORIENTED_EDGE('',*,*,#3049,.T.);
#870=ORIENTED_EDGE('',*,*,#3050,.T.);
#871=ORIENTED_EDGE('',*,*,#3051,.T.);
#872=ORIENTED_EDGE('',*,*,#3052,.T.);
#873=ORIENTED_EDGE('',*,*,#3053,.T.);
#874=ORIENTED_EDGE('',*,*,#3054,.T.);
#875=ORIENTED_EDGE('',*,*,#3055,.T.);
#876=ORIENTED_EDGE('',*,*,#3056,.T.);
#877=ORIENTED_EDGE('',*,*,#3057,.T.);
#878=ORIENTED_EDGE('',*,*,#3058,.T.);
#879=ORIENTED_EDGE('',*,*,#3059,.T.);
#880=ORIENTED_EDGE('',*,*,#3060,.T.);
#881=ORIENTED_EDGE('',*,*,#3061,.T.);
#882=ORIENTED_EDGE('',*,*,#3062,.T.);
#883=ORIENTED_EDGE('',*,*,#3063,.T.);
#884=ORIENTED_EDGE('',*,*,#3064,.T.);
#885=ORIENTED_EDGE('',*,*,#3065,.T.);
#886=ORIENTED_EDGE('',*,*,#3066,.T.);
#887=ORIENTED_EDGE('',*,*,#3067,.T.);
#888=ORIENTED_EDGE('',*,*,#3068,.T.);
#889=ORIENTED_EDGE('',*,*,#3069,.T.);
#890=ORIENTED_EDGE('',*,*,#3070,.T.);
#891=ORIENTED_EDGE('',*,*,#3071,.T.);
#892=ORIENTED_EDGE('',*,*,#3072,.T.);
#893=ORIENTED_EDGE('',*,*,#3073,.T.);
#894=ORIENTED_EDGE('',*,*,#3074,.T.);
#895=ORIENTED_EDGE('',*,*,#3075,.T.);
#896=ORIENTED_EDGE('',*,*,#3076,.T.);
#897=ORIENTED_EDGE('',*,*,#3077,.T.);
#898=ORIENTED_EDGE('',*,*,#3078,.T.);
#899=ORIENTED_EDGE('',*,*,#3079,.T.);
#900=ORIENTED_EDGE('',*,*,#3080,.T.);
#901=ORIENTED_EDGE('',*,*,#3081,.T.);
#902=ORIENTED_EDGE('',*,*,#3082,.T.);
#903=ORIENTED_EDGE('',*,*,#3083,.T.);
#904=ORIENTED_EDGE('',*,*,#3084,.T.);
#905=ORIENTED_EDGE('',*,*,#3085,.T.);
#906=ORIENTED_EDGE('',*,*,#3086,.T.);
#907=ORIENTED_EDGE('',*,*,#3087,.T.);
#908=ORIENTED_EDGE('',*,*,#3088,.T.);
#909=ORIENTED_EDGE('',*,*,#3089,.T.);
#910=ORIENTED_EDGE('',*,*,#3090,.T.);
#911=ORIENTED_EDGE('',*,*,#3091,.T.);
#912=ORIENTED_EDGE('',*,*,#3092,.T.);
#913=ORIENTED_EDGE('',*,*,#3093,.T.);
#914=ORIENTED_EDGE('',*,*,#3094,.T.);
#915=ORIENTED_EDGE('',*,*,#3095,.T.);
#916=ORIENTED_EDGE('',*,*,#3096,.T.);
#917=ORIENTED_EDGE('',*,*,#3097,.T.);
#918=ORIENTED_EDGE('',*,*,#3098,.T.);
#919=ORIENTED_EDGE('',*,*,#3099,.T.);
#920=ORIENTED_EDGE('',*,*,#3100,.T.);
#921=ORIENTED_EDGE('',*,*,#3101,.T.);
#922=ORIENTED_EDGE('',*,*,#3102,.T.);
#923=ORIENTED_EDGE('',*,*,#3103,.T.);
#924=ORIENTED_EDGE('',*,*,#3104,.T.);
#925=ORIENTED_EDGE('',*,*,#3105,.T.);
#926=ORIENTED_EDGE('',*,*,#3106,.F.);
#927=ORIENTED_EDGE('',*,*,#2649,.T.);
#928=ORIENTED_EDGE('',*,*,#3107,.F.);
#929=ORIENTED_EDGE('',*,*,#3108,.F.);
#930=ORIENTED_EDGE('',*,*,#3109,.F.);
#931=ORIENTED_EDGE('',*,*,#3110,.F.);
#932=ORIENTED_EDGE('',*,*,#3111,.F.);
#933=ORIENTED_EDGE('',*,*,#3112,.F.);
#934=ORIENTED_EDGE('',*,*,#2643,.T.);
#935=ORIENTED_EDGE('',*,*,#3113,.F.);
#936=ORIENTED_EDGE('',*,*,#3114,.F.);
#937=ORIENTED_EDGE('',*,*,#3115,.F.);
#938=ORIENTED_EDGE('',*,*,#3116,.F.);
#939=ORIENTED_EDGE('',*,*,#3117,.F.);
#940=ORIENTED_EDGE('',*,*,#2653,.T.);
#941=ORIENTED_EDGE('',*,*,#3118,.F.);
#942=ORIENTED_EDGE('',*,*,#3119,.F.);
#943=ORIENTED_EDGE('',*,*,#3120,.F.);
#944=ORIENTED_EDGE('',*,*,#3121,.F.);
#945=ORIENTED_EDGE('',*,*,#3122,.F.);
#946=ORIENTED_EDGE('',*,*,#3123,.F.);
#947=ORIENTED_EDGE('',*,*,#2669,.T.);
#948=ORIENTED_EDGE('',*,*,#3124,.F.);
#949=ORIENTED_EDGE('',*,*,#3125,.F.);
#950=ORIENTED_EDGE('',*,*,#3126,.F.);
#951=ORIENTED_EDGE('',*,*,#3127,.F.);
#952=ORIENTED_EDGE('',*,*,#3128,.F.);
#953=ORIENTED_EDGE('',*,*,#2673,.T.);
#954=ORIENTED_EDGE('',*,*,#3129,.F.);
#955=ORIENTED_EDGE('',*,*,#3130,.F.);
#956=ORIENTED_EDGE('',*,*,#3131,.F.);
#957=ORIENTED_EDGE('',*,*,#3132,.F.);
#958=ORIENTED_EDGE('',*,*,#3133,.F.);
#959=ORIENTED_EDGE('',*,*,#2665,.T.);
#960=ORIENTED_EDGE('',*,*,#3134,.F.);
#961=ORIENTED_EDGE('',*,*,#3135,.F.);
#962=ORIENTED_EDGE('',*,*,#3136,.F.);
#963=ORIENTED_EDGE('',*,*,#2685,.T.);
#964=ORIENTED_EDGE('',*,*,#3137,.F.);
#965=ORIENTED_EDGE('',*,*,#3138,.F.);
#966=ORIENTED_EDGE('',*,*,#3139,.F.);
#967=ORIENTED_EDGE('',*,*,#3140,.F.);
#968=ORIENTED_EDGE('',*,*,#3141,.F.);
#969=ORIENTED_EDGE('',*,*,#2659,.T.);
#970=ORIENTED_EDGE('',*,*,#3142,.F.);
#971=ORIENTED_EDGE('',*,*,#3143,.F.);
#972=ORIENTED_EDGE('',*,*,#3144,.F.);
#973=ORIENTED_EDGE('',*,*,#2677,.T.);
#974=ORIENTED_EDGE('',*,*,#3145,.F.);
#975=ORIENTED_EDGE('',*,*,#3146,.F.);
#976=ORIENTED_EDGE('',*,*,#3147,.F.);
#977=ORIENTED_EDGE('',*,*,#2655,.T.);
#978=ORIENTED_EDGE('',*,*,#3148,.F.);
#979=ORIENTED_EDGE('',*,*,#3149,.F.);
#980=ORIENTED_EDGE('',*,*,#3150,.F.);
#981=ORIENTED_EDGE('',*,*,#3151,.F.);
#982=ORIENTED_EDGE('',*,*,#3152,.F.);
#983=ORIENTED_EDGE('',*,*,#2679,.T.);
#984=ORIENTED_EDGE('',*,*,#3153,.F.);
#985=ORIENTED_EDGE('',*,*,#3154,.F.);
#986=ORIENTED_EDGE('',*,*,#3155,.F.);
#987=ORIENTED_EDGE('',*,*,#3156,.F.);
#988=ORIENTED_EDGE('',*,*,#3157,.F.);
#989=ORIENTED_EDGE('',*,*,#2687,.T.);
#990=ORIENTED_EDGE('',*,*,#3158,.F.);
#991=ORIENTED_EDGE('',*,*,#3159,.F.);
#992=ORIENTED_EDGE('',*,*,#3160,.F.);
#993=ORIENTED_EDGE('',*,*,#3161,.F.);
#994=ORIENTED_EDGE('',*,*,#3162,.F.);
#995=ORIENTED_EDGE('',*,*,#3163,.F.);
#996=ORIENTED_EDGE('',*,*,#2691,.T.);
#997=ORIENTED_EDGE('',*,*,#3164,.F.);
#998=ORIENTED_EDGE('',*,*,#3165,.F.);
#999=ORIENTED_EDGE('',*,*,#3166,.F.);
#1000=ORIENTED_EDGE('',*,*,#3167,.F.);
#1001=ORIENTED_EDGE('',*,*,#3168,.F.);
#1002=ORIENTED_EDGE('',*,*,#2695,.T.);
#1003=ORIENTED_EDGE('',*,*,#3169,.F.);
#1004=ORIENTED_EDGE('',*,*,#3170,.F.);
#1005=ORIENTED_EDGE('',*,*,#3171,.F.);
#1006=ORIENTED_EDGE('',*,*,#2705,.T.);
#1007=ORIENTED_EDGE('',*,*,#3172,.F.);
#1008=ORIENTED_EDGE('',*,*,#3173,.F.);
#1009=ORIENTED_EDGE('',*,*,#3174,.F.);
#1010=ORIENTED_EDGE('',*,*,#3175,.F.);
#1011=ORIENTED_EDGE('',*,*,#3176,.F.);
#1012=ORIENTED_EDGE('',*,*,#2699,.T.);
#1013=ORIENTED_EDGE('',*,*,#3177,.F.);
#1014=ORIENTED_EDGE('',*,*,#3178,.F.);
#1015=ORIENTED_EDGE('',*,*,#3179,.F.);
#1016=ORIENTED_EDGE('',*,*,#2713,.T.);
#1017=ORIENTED_EDGE('',*,*,#3180,.F.);
#1018=ORIENTED_EDGE('',*,*,#3181,.F.);
#1019=ORIENTED_EDGE('',*,*,#3182,.F.);
#1020=ORIENTED_EDGE('',*,*,#3183,.F.);
#1021=ORIENTED_EDGE('',*,*,#3184,.F.);
#1022=ORIENTED_EDGE('',*,*,#3185,.F.);
#1023=ORIENTED_EDGE('',*,*,#2717,.T.);
#1024=ORIENTED_EDGE('',*,*,#3186,.F.);
#1025=ORIENTED_EDGE('',*,*,#3187,.F.);
#1026=ORIENTED_EDGE('',*,*,#3188,.F.);
#1027=ORIENTED_EDGE('',*,*,#3189,.F.);
#1028=ORIENTED_EDGE('',*,*,#3190,.F.);
#1029=ORIENTED_EDGE('',*,*,#2721,.T.);
#1030=ORIENTED_EDGE('',*,*,#3191,.F.);
#1031=ORIENTED_EDGE('',*,*,#3192,.F.);
#1032=ORIENTED_EDGE('',*,*,#3193,.F.);
#1033=ORIENTED_EDGE('',*,*,#2733,.T.);
#1034=ORIENTED_EDGE('',*,*,#3194,.F.);
#1035=ORIENTED_EDGE('',*,*,#3195,.F.);
#1036=ORIENTED_EDGE('',*,*,#3196,.F.);
#1037=ORIENTED_EDGE('',*,*,#3197,.F.);
#1038=ORIENTED_EDGE('',*,*,#3198,.F.);
#1039=ORIENTED_EDGE('',*,*,#2727,.T.);
#1040=ORIENTED_EDGE('',*,*,#3199,.F.);
#1041=ORIENTED_EDGE('',*,*,#3200,.F.);
#1042=ORIENTED_EDGE('',*,*,#3201,.F.);
#1043=ORIENTED_EDGE('',*,*,#3202,.F.);
#1044=ORIENTED_EDGE('',*,*,#3203,.F.);
#1045=ORIENTED_EDGE('',*,*,#2723,.T.);
#1046=ORIENTED_EDGE('',*,*,#3204,.F.);
#1047=ORIENTED_EDGE('',*,*,#3205,.F.);
#1048=ORIENTED_EDGE('',*,*,#3206,.F.);
#1049=ORIENTED_EDGE('',*,*,#3207,.F.);
#1050=ORIENTED_EDGE('',*,*,#3208,.F.);
#1051=ORIENTED_EDGE('',*,*,#3209,.F.);
#1052=ORIENTED_EDGE('',*,*,#2767,.T.);
#1053=ORIENTED_EDGE('',*,*,#3210,.F.);
#1054=ORIENTED_EDGE('',*,*,#3211,.F.);
#1055=ORIENTED_EDGE('',*,*,#3212,.F.);
#1056=ORIENTED_EDGE('',*,*,#3213,.F.);
#1057=ORIENTED_EDGE('',*,*,#3214,.F.);
#1058=ORIENTED_EDGE('',*,*,#2707,.T.);
#1059=ORIENTED_EDGE('',*,*,#3215,.F.);
#1060=ORIENTED_EDGE('',*,*,#3216,.F.);
#1061=ORIENTED_EDGE('',*,*,#3217,.F.);
#1062=ORIENTED_EDGE('',*,*,#3218,.F.);
#1063=ORIENTED_EDGE('',*,*,#3219,.F.);
#1064=ORIENTED_EDGE('',*,*,#2763,.T.);
#1065=ORIENTED_EDGE('',*,*,#2761,.T.);
#1066=ORIENTED_EDGE('',*,*,#2759,.T.);
#1067=ORIENTED_EDGE('',*,*,#2757,.T.);
#1068=ORIENTED_EDGE('',*,*,#2734,.F.);
#1069=ORIENTED_EDGE('',*,*,#2768,.T.);
#1070=ORIENTED_EDGE('',*,*,#2753,.F.);
#1071=ORIENTED_EDGE('',*,*,#2750,.T.);
#1072=ORIENTED_EDGE('',*,*,#2747,.F.);
#1073=ORIENTED_EDGE('',*,*,#2744,.F.);
#1074=ORIENTED_EDGE('',*,*,#2741,.F.);
#1075=ORIENTED_EDGE('',*,*,#2738,.F.);
#1076=ORIENTED_EDGE('',*,*,#3220,.F.);
#1077=ORIENTED_EDGE('',*,*,#3221,.F.);
#1078=ORIENTED_EDGE('',*,*,#3222,.F.);
#1079=ORIENTED_EDGE('',*,*,#3223,.F.);
#1080=ORIENTED_EDGE('',*,*,#3224,.F.);
#1081=ORIENTED_EDGE('',*,*,#3225,.F.);
#1082=ORIENTED_EDGE('',*,*,#3226,.F.);
#1083=ORIENTED_EDGE('',*,*,#3227,.F.);
#1084=ORIENTED_EDGE('',*,*,#3228,.F.);
#1085=ORIENTED_EDGE('',*,*,#3229,.F.);
#1086=ORIENTED_EDGE('',*,*,#3230,.F.);
#1087=ORIENTED_EDGE('',*,*,#3231,.F.);
#1088=ORIENTED_EDGE('',*,*,#3232,.F.);
#1089=ORIENTED_EDGE('',*,*,#3233,.F.);
#1090=ORIENTED_EDGE('',*,*,#3234,.F.);
#1091=ORIENTED_EDGE('',*,*,#3235,.F.);
#1092=ORIENTED_EDGE('',*,*,#3236,.F.);
#1093=ORIENTED_EDGE('',*,*,#3237,.F.);
#1094=ORIENTED_EDGE('',*,*,#3238,.F.);
#1095=ORIENTED_EDGE('',*,*,#3239,.F.);
#1096=ORIENTED_EDGE('',*,*,#3240,.F.);
#1097=ORIENTED_EDGE('',*,*,#3241,.F.);
#1098=ORIENTED_EDGE('',*,*,#3242,.F.);
#1099=ORIENTED_EDGE('',*,*,#3243,.F.);
#1100=ORIENTED_EDGE('',*,*,#3244,.F.);
#1101=ORIENTED_EDGE('',*,*,#3245,.F.);
#1102=ORIENTED_EDGE('',*,*,#3246,.F.);
#1103=ORIENTED_EDGE('',*,*,#3247,.F.);
#1104=ORIENTED_EDGE('',*,*,#3248,.F.);
#1105=ORIENTED_EDGE('',*,*,#3249,.F.);
#1106=ORIENTED_EDGE('',*,*,#3250,.F.);
#1107=ORIENTED_EDGE('',*,*,#3251,.F.);
#1108=ORIENTED_EDGE('',*,*,#3252,.F.);
#1109=ORIENTED_EDGE('',*,*,#3253,.F.);
#1110=ORIENTED_EDGE('',*,*,#3254,.F.);
#1111=ORIENTED_EDGE('',*,*,#3255,.F.);
#1112=ORIENTED_EDGE('',*,*,#3256,.F.);
#1113=ORIENTED_EDGE('',*,*,#3257,.F.);
#1114=ORIENTED_EDGE('',*,*,#3258,.F.);
#1115=ORIENTED_EDGE('',*,*,#3259,.F.);
#1116=ORIENTED_EDGE('',*,*,#3260,.F.);
#1117=ORIENTED_EDGE('',*,*,#3261,.F.);
#1118=ORIENTED_EDGE('',*,*,#3262,.F.);
#1119=ORIENTED_EDGE('',*,*,#3263,.F.);
#1120=ORIENTED_EDGE('',*,*,#3264,.F.);
#1121=ORIENTED_EDGE('',*,*,#3265,.F.);
#1122=ORIENTED_EDGE('',*,*,#3266,.F.);
#1123=ORIENTED_EDGE('',*,*,#3267,.F.);
#1124=ORIENTED_EDGE('',*,*,#3268,.F.);
#1125=ORIENTED_EDGE('',*,*,#3269,.F.);
#1126=ORIENTED_EDGE('',*,*,#3270,.F.);
#1127=ORIENTED_EDGE('',*,*,#3271,.F.);
#1128=ORIENTED_EDGE('',*,*,#3272,.F.);
#1129=ORIENTED_EDGE('',*,*,#3273,.F.);
#1130=ORIENTED_EDGE('',*,*,#3274,.F.);
#1131=ORIENTED_EDGE('',*,*,#3275,.F.);
#1132=ORIENTED_EDGE('',*,*,#3276,.F.);
#1133=ORIENTED_EDGE('',*,*,#3277,.F.);
#1134=ORIENTED_EDGE('',*,*,#3278,.F.);
#1135=ORIENTED_EDGE('',*,*,#3279,.F.);
#1136=ORIENTED_EDGE('',*,*,#3280,.F.);
#1137=ORIENTED_EDGE('',*,*,#3281,.F.);
#1138=ORIENTED_EDGE('',*,*,#3282,.F.);
#1139=ORIENTED_EDGE('',*,*,#3283,.F.);
#1140=ORIENTED_EDGE('',*,*,#3284,.F.);
#1141=ORIENTED_EDGE('',*,*,#3285,.F.);
#1142=ORIENTED_EDGE('',*,*,#3286,.F.);
#1143=ORIENTED_EDGE('',*,*,#3287,.F.);
#1144=ORIENTED_EDGE('',*,*,#3288,.F.);
#1145=ORIENTED_EDGE('',*,*,#3289,.F.);
#1146=ORIENTED_EDGE('',*,*,#3290,.F.);
#1147=ORIENTED_EDGE('',*,*,#3291,.F.);
#1148=ORIENTED_EDGE('',*,*,#3292,.F.);
#1149=ORIENTED_EDGE('',*,*,#3293,.F.);
#1150=ORIENTED_EDGE('',*,*,#3294,.F.);
#1151=ORIENTED_EDGE('',*,*,#3295,.F.);
#1152=ORIENTED_EDGE('',*,*,#3296,.F.);
#1153=ORIENTED_EDGE('',*,*,#3297,.F.);
#1154=ORIENTED_EDGE('',*,*,#3298,.F.);
#1155=ORIENTED_EDGE('',*,*,#3299,.F.);
#1156=ORIENTED_EDGE('',*,*,#3300,.F.);
#1157=ORIENTED_EDGE('',*,*,#3301,.F.);
#1158=ORIENTED_EDGE('',*,*,#3302,.F.);
#1159=ORIENTED_EDGE('',*,*,#3303,.F.);
#1160=ORIENTED_EDGE('',*,*,#3304,.F.);
#1161=ORIENTED_EDGE('',*,*,#3305,.F.);
#1162=ORIENTED_EDGE('',*,*,#3306,.F.);
#1163=ORIENTED_EDGE('',*,*,#3307,.F.);
#1164=ORIENTED_EDGE('',*,*,#3308,.F.);
#1165=ORIENTED_EDGE('',*,*,#3309,.F.);
#1166=ORIENTED_EDGE('',*,*,#3310,.F.);
#1167=ORIENTED_EDGE('',*,*,#3311,.F.);
#1168=ORIENTED_EDGE('',*,*,#3312,.F.);
#1169=ORIENTED_EDGE('',*,*,#3313,.F.);
#1170=ORIENTED_EDGE('',*,*,#3314,.F.);
#1171=ORIENTED_EDGE('',*,*,#3315,.F.);
#1172=ORIENTED_EDGE('',*,*,#3316,.F.);
#1173=ORIENTED_EDGE('',*,*,#3317,.F.);
#1174=ORIENTED_EDGE('',*,*,#3318,.F.);
#1175=ORIENTED_EDGE('',*,*,#3319,.F.);
#1176=ORIENTED_EDGE('',*,*,#3320,.F.);
#1177=ORIENTED_EDGE('',*,*,#3321,.F.);
#1178=ORIENTED_EDGE('',*,*,#3322,.F.);
#1179=ORIENTED_EDGE('',*,*,#3323,.F.);
#1180=ORIENTED_EDGE('',*,*,#3324,.F.);
#1181=ORIENTED_EDGE('',*,*,#3325,.F.);
#1182=ORIENTED_EDGE('',*,*,#3326,.F.);
#1183=ORIENTED_EDGE('',*,*,#3327,.F.);
#1184=ORIENTED_EDGE('',*,*,#3328,.F.);
#1185=ORIENTED_EDGE('',*,*,#3329,.F.);
#1186=ORIENTED_EDGE('',*,*,#3330,.F.);
#1187=ORIENTED_EDGE('',*,*,#3331,.F.);
#1188=ORIENTED_EDGE('',*,*,#3332,.F.);
#1189=ORIENTED_EDGE('',*,*,#3333,.F.);
#1190=ORIENTED_EDGE('',*,*,#3334,.F.);
#1191=ORIENTED_EDGE('',*,*,#3335,.F.);
#1192=ORIENTED_EDGE('',*,*,#3336,.F.);
#1193=ORIENTED_EDGE('',*,*,#3337,.F.);
#1194=ORIENTED_EDGE('',*,*,#3338,.F.);
#1195=ORIENTED_EDGE('',*,*,#3339,.F.);
#1196=ORIENTED_EDGE('',*,*,#3340,.F.);
#1197=ORIENTED_EDGE('',*,*,#3341,.F.);
#1198=ORIENTED_EDGE('',*,*,#3342,.F.);
#1199=ORIENTED_EDGE('',*,*,#3343,.F.);
#1200=ORIENTED_EDGE('',*,*,#3344,.F.);
#1201=ORIENTED_EDGE('',*,*,#3345,.F.);
#1202=ORIENTED_EDGE('',*,*,#3346,.F.);
#1203=ORIENTED_EDGE('',*,*,#3347,.F.);
#1204=ORIENTED_EDGE('',*,*,#3348,.F.);
#1205=ORIENTED_EDGE('',*,*,#3349,.F.);
#1206=ORIENTED_EDGE('',*,*,#3350,.F.);
#1207=ORIENTED_EDGE('',*,*,#3351,.F.);
#1208=ORIENTED_EDGE('',*,*,#3352,.F.);
#1209=ORIENTED_EDGE('',*,*,#3353,.F.);
#1210=ORIENTED_EDGE('',*,*,#3354,.F.);
#1211=ORIENTED_EDGE('',*,*,#3355,.F.);
#1212=ORIENTED_EDGE('',*,*,#3356,.F.);
#1213=ORIENTED_EDGE('',*,*,#3357,.F.);
#1214=ORIENTED_EDGE('',*,*,#3358,.F.);
#1215=ORIENTED_EDGE('',*,*,#3359,.F.);
#1216=ORIENTED_EDGE('',*,*,#3360,.F.);
#1217=ORIENTED_EDGE('',*,*,#3361,.F.);
#1218=ORIENTED_EDGE('',*,*,#3362,.F.);
#1219=ORIENTED_EDGE('',*,*,#3363,.F.);
#1220=ORIENTED_EDGE('',*,*,#3364,.F.);
#1221=ORIENTED_EDGE('',*,*,#3365,.F.);
#1222=ORIENTED_EDGE('',*,*,#3366,.F.);
#1223=ORIENTED_EDGE('',*,*,#3367,.F.);
#1224=ORIENTED_EDGE('',*,*,#3368,.F.);
#1225=ORIENTED_EDGE('',*,*,#3369,.F.);
#1226=ORIENTED_EDGE('',*,*,#3370,.F.);
#1227=ORIENTED_EDGE('',*,*,#3371,.F.);
#1228=ORIENTED_EDGE('',*,*,#3372,.F.);
#1229=ORIENTED_EDGE('',*,*,#3373,.F.);
#1230=ORIENTED_EDGE('',*,*,#3374,.F.);
#1231=ORIENTED_EDGE('',*,*,#3375,.F.);
#1232=ORIENTED_EDGE('',*,*,#3376,.F.);
#1233=ORIENTED_EDGE('',*,*,#3377,.F.);
#1234=ORIENTED_EDGE('',*,*,#3378,.F.);
#1235=ORIENTED_EDGE('',*,*,#3379,.F.);
#1236=ORIENTED_EDGE('',*,*,#3380,.F.);
#1237=ORIENTED_EDGE('',*,*,#3381,.F.);
#1238=ORIENTED_EDGE('',*,*,#3382,.F.);
#1239=ORIENTED_EDGE('',*,*,#3383,.F.);
#1240=ORIENTED_EDGE('',*,*,#3384,.F.);
#1241=ORIENTED_EDGE('',*,*,#3385,.F.);
#1242=ORIENTED_EDGE('',*,*,#3386,.F.);
#1243=ORIENTED_EDGE('',*,*,#3387,.F.);
#1244=ORIENTED_EDGE('',*,*,#3388,.F.);
#1245=ORIENTED_EDGE('',*,*,#3389,.F.);
#1246=ORIENTED_EDGE('',*,*,#3390,.F.);
#1247=ORIENTED_EDGE('',*,*,#3391,.F.);
#1248=ORIENTED_EDGE('',*,*,#3392,.F.);
#1249=ORIENTED_EDGE('',*,*,#3393,.F.);
#1250=ORIENTED_EDGE('',*,*,#3394,.F.);
#1251=ORIENTED_EDGE('',*,*,#3395,.F.);
#1252=ORIENTED_EDGE('',*,*,#3396,.F.);
#1253=ORIENTED_EDGE('',*,*,#3397,.F.);
#1254=ORIENTED_EDGE('',*,*,#3398,.F.);
#1255=ORIENTED_EDGE('',*,*,#3399,.F.);
#1256=ORIENTED_EDGE('',*,*,#3400,.F.);
#1257=ORIENTED_EDGE('',*,*,#3401,.F.);
#1258=ORIENTED_EDGE('',*,*,#3402,.F.);
#1259=ORIENTED_EDGE('',*,*,#3403,.F.);
#1260=ORIENTED_EDGE('',*,*,#3404,.F.);
#1261=ORIENTED_EDGE('',*,*,#3405,.F.);
#1262=ORIENTED_EDGE('',*,*,#3406,.F.);
#1263=ORIENTED_EDGE('',*,*,#3407,.F.);
#1264=ORIENTED_EDGE('',*,*,#3408,.F.);
#1265=ORIENTED_EDGE('',*,*,#3409,.F.);
#1266=ORIENTED_EDGE('',*,*,#3410,.F.);
#1267=ORIENTED_EDGE('',*,*,#3411,.F.);
#1268=ORIENTED_EDGE('',*,*,#3412,.F.);
#1269=ORIENTED_EDGE('',*,*,#3413,.F.);
#1270=ORIENTED_EDGE('',*,*,#3414,.F.);
#1271=ORIENTED_EDGE('',*,*,#3415,.F.);
#1272=ORIENTED_EDGE('',*,*,#3416,.F.);
#1273=ORIENTED_EDGE('',*,*,#3417,.F.);
#1274=ORIENTED_EDGE('',*,*,#3418,.F.);
#1275=ORIENTED_EDGE('',*,*,#3419,.F.);
#1276=ORIENTED_EDGE('',*,*,#3420,.F.);
#1277=ORIENTED_EDGE('',*,*,#3421,.F.);
#1278=ORIENTED_EDGE('',*,*,#3422,.F.);
#1279=ORIENTED_EDGE('',*,*,#3423,.F.);
#1280=ORIENTED_EDGE('',*,*,#3424,.F.);
#1281=ORIENTED_EDGE('',*,*,#3425,.F.);
#1282=ORIENTED_EDGE('',*,*,#3426,.F.);
#1283=ORIENTED_EDGE('',*,*,#3427,.F.);
#1284=ORIENTED_EDGE('',*,*,#3428,.F.);
#1285=ORIENTED_EDGE('',*,*,#3429,.F.);
#1286=ORIENTED_EDGE('',*,*,#3430,.F.);
#1287=ORIENTED_EDGE('',*,*,#3431,.F.);
#1288=ORIENTED_EDGE('',*,*,#3432,.F.);
#1289=ORIENTED_EDGE('',*,*,#3433,.F.);
#1290=ORIENTED_EDGE('',*,*,#3434,.F.);
#1291=ORIENTED_EDGE('',*,*,#3435,.F.);
#1292=ORIENTED_EDGE('',*,*,#3436,.F.);
#1293=ORIENTED_EDGE('',*,*,#3437,.F.);
#1294=ORIENTED_EDGE('',*,*,#3438,.F.);
#1295=ORIENTED_EDGE('',*,*,#3439,.F.);
#1296=ORIENTED_EDGE('',*,*,#3440,.F.);
#1297=ORIENTED_EDGE('',*,*,#3441,.F.);
#1298=ORIENTED_EDGE('',*,*,#3442,.T.);
#1299=ORIENTED_EDGE('',*,*,#3328,.T.);
#1300=ORIENTED_EDGE('',*,*,#3443,.F.);
#1301=ORIENTED_EDGE('',*,*,#2885,.F.);
#1302=ORIENTED_EDGE('',*,*,#3444,.T.);
#1303=ORIENTED_EDGE('',*,*,#3329,.T.);
#1304=ORIENTED_EDGE('',*,*,#3442,.F.);
#1305=ORIENTED_EDGE('',*,*,#2884,.F.);
#1306=ORIENTED_EDGE('',*,*,#3445,.T.);
#1307=ORIENTED_EDGE('',*,*,#3330,.T.);
#1308=ORIENTED_EDGE('',*,*,#3444,.F.);
#1309=ORIENTED_EDGE('',*,*,#2889,.F.);
#1310=ORIENTED_EDGE('',*,*,#3446,.T.);
#1311=ORIENTED_EDGE('',*,*,#3331,.T.);
#1312=ORIENTED_EDGE('',*,*,#3445,.F.);
#1313=ORIENTED_EDGE('',*,*,#2888,.F.);
#1314=ORIENTED_EDGE('',*,*,#3447,.T.);
#1315=ORIENTED_EDGE('',*,*,#3332,.T.);
#1316=ORIENTED_EDGE('',*,*,#3446,.F.);
#1317=ORIENTED_EDGE('',*,*,#2887,.F.);
#1318=ORIENTED_EDGE('',*,*,#3443,.T.);
#1319=ORIENTED_EDGE('',*,*,#3333,.T.);
#1320=ORIENTED_EDGE('',*,*,#3447,.F.);
#1321=ORIENTED_EDGE('',*,*,#2886,.F.);
#1322=ORIENTED_EDGE('',*,*,#3448,.T.);
#1323=ORIENTED_EDGE('',*,*,#3322,.T.);
#1324=ORIENTED_EDGE('',*,*,#3449,.F.);
#1325=ORIENTED_EDGE('',*,*,#2891,.F.);
#1326=ORIENTED_EDGE('',*,*,#3450,.T.);
#1327=ORIENTED_EDGE('',*,*,#3323,.T.);
#1328=ORIENTED_EDGE('',*,*,#3448,.F.);
#1329=ORIENTED_EDGE('',*,*,#2890,.F.);
#1330=ORIENTED_EDGE('',*,*,#3451,.T.);
#1331=ORIENTED_EDGE('',*,*,#3324,.T.);
#1332=ORIENTED_EDGE('',*,*,#3450,.F.);
#1333=ORIENTED_EDGE('',*,*,#2895,.F.);
#1334=ORIENTED_EDGE('',*,*,#3452,.T.);
#1335=ORIENTED_EDGE('',*,*,#3325,.T.);
#1336=ORIENTED_EDGE('',*,*,#3451,.F.);
#1337=ORIENTED_EDGE('',*,*,#2894,.F.);
#1338=ORIENTED_EDGE('',*,*,#3453,.T.);
#1339=ORIENTED_EDGE('',*,*,#3326,.T.);
#1340=ORIENTED_EDGE('',*,*,#3452,.F.);
#1341=ORIENTED_EDGE('',*,*,#2893,.F.);
#1342=ORIENTED_EDGE('',*,*,#3449,.T.);
#1343=ORIENTED_EDGE('',*,*,#3327,.T.);
#1344=ORIENTED_EDGE('',*,*,#3453,.F.);
#1345=ORIENTED_EDGE('',*,*,#2892,.F.);
#1346=ORIENTED_EDGE('',*,*,#3454,.T.);
#1347=ORIENTED_EDGE('',*,*,#3212,.T.);
#1348=ORIENTED_EDGE('',*,*,#3455,.F.);
#1349=ORIENTED_EDGE('',*,*,#2876,.F.);
#1350=ORIENTED_EDGE('',*,*,#3456,.T.);
#1351=ORIENTED_EDGE('',*,*,#3213,.T.);
#1352=ORIENTED_EDGE('',*,*,#3454,.F.);
#1353=ORIENTED_EDGE('',*,*,#2875,.F.);
#1354=ORIENTED_EDGE('',*,*,#3457,.T.);
#1355=ORIENTED_EDGE('',*,*,#3214,.T.);
#1356=ORIENTED_EDGE('',*,*,#3456,.F.);
#1357=ORIENTED_EDGE('',*,*,#2874,.F.);
#1358=ORIENTED_EDGE('',*,*,#3455,.T.);
#1359=ORIENTED_EDGE('',*,*,#3211,.T.);
#1360=ORIENTED_EDGE('',*,*,#3458,.F.);
#1361=ORIENTED_EDGE('',*,*,#2877,.F.);
#1362=ORIENTED_EDGE('',*,*,#2764,.T.);
#1363=ORIENTED_EDGE('',*,*,#3209,.T.);
#1364=ORIENTED_EDGE('',*,*,#3457,.F.);
#1365=ORIENTED_EDGE('',*,*,#2873,.F.);
#1366=ORIENTED_EDGE('',*,*,#3458,.T.);
#1367=ORIENTED_EDGE('',*,*,#3210,.T.);
#1368=ORIENTED_EDGE('',*,*,#2766,.T.);
#1369=ORIENTED_EDGE('',*,*,#2878,.F.);
#1370=ORIENTED_EDGE('',*,*,#3459,.T.);
#1371=ORIENTED_EDGE('',*,*,#3195,.T.);
#1372=ORIENTED_EDGE('',*,*,#3460,.F.);
#1373=ORIENTED_EDGE('',*,*,#2860,.F.);
#1374=ORIENTED_EDGE('',*,*,#3461,.T.);
#1375=ORIENTED_EDGE('',*,*,#3196,.T.);
#1376=ORIENTED_EDGE('',*,*,#3459,.F.);
#1377=ORIENTED_EDGE('',*,*,#2859,.F.);
#1378=ORIENTED_EDGE('',*,*,#3462,.T.);
#1379=ORIENTED_EDGE('',*,*,#3197,.T.);
#1380=ORIENTED_EDGE('',*,*,#3461,.F.);
#1381=ORIENTED_EDGE('',*,*,#2858,.F.);
#1382=ORIENTED_EDGE('',*,*,#3460,.T.);
#1383=ORIENTED_EDGE('',*,*,#3194,.T.);
#1384=ORIENTED_EDGE('',*,*,#2732,.T.);
#1385=ORIENTED_EDGE('',*,*,#2861,.F.);
#1386=ORIENTED_EDGE('',*,*,#2730,.T.);
#1387=ORIENTED_EDGE('',*,*,#3193,.T.);
#1388=ORIENTED_EDGE('',*,*,#3462,.F.);
#1389=ORIENTED_EDGE('',*,*,#2857,.F.);
#1390=ORIENTED_EDGE('',*,*,#3463,.T.);
#1391=ORIENTED_EDGE('',*,*,#3216,.T.);
#1392=ORIENTED_EDGE('',*,*,#3464,.F.);
#1393=ORIENTED_EDGE('',*,*,#2883,.F.);
#1394=ORIENTED_EDGE('',*,*,#3465,.T.);
#1395=ORIENTED_EDGE('',*,*,#3217,.T.);
#1396=ORIENTED_EDGE('',*,*,#3463,.F.);
#1397=ORIENTED_EDGE('',*,*,#2882,.F.);
#1398=ORIENTED_EDGE('',*,*,#3466,.T.);
#1399=ORIENTED_EDGE('',*,*,#3218,.T.);
#1400=ORIENTED_EDGE('',*,*,#3465,.F.);
#1401=ORIENTED_EDGE('',*,*,#2881,.F.);
#1402=ORIENTED_EDGE('',*,*,#2708,.T.);
#1403=ORIENTED_EDGE('',*,*,#3219,.T.);
#1404=ORIENTED_EDGE('',*,*,#3466,.F.);
#1405=ORIENTED_EDGE('',*,*,#2880,.F.);
#1406=ORIENTED_EDGE('',*,*,#3464,.T.);
#1407=ORIENTED_EDGE('',*,*,#3215,.T.);
#1408=ORIENTED_EDGE('',*,*,#2706,.T.);
#1409=ORIENTED_EDGE('',*,*,#2879,.F.);
#1410=ORIENTED_EDGE('',*,*,#3467,.T.);
#1411=ORIENTED_EDGE('',*,*,#3316,.T.);
#1412=ORIENTED_EDGE('',*,*,#3468,.F.);
#1413=ORIENTED_EDGE('',*,*,#2897,.F.);
#1414=ORIENTED_EDGE('',*,*,#3469,.T.);
#1415=ORIENTED_EDGE('',*,*,#3317,.T.);
#1416=ORIENTED_EDGE('',*,*,#3467,.F.);
#1417=ORIENTED_EDGE('',*,*,#2896,.F.);
#1418=ORIENTED_EDGE('',*,*,#3470,.T.);
#1419=ORIENTED_EDGE('',*,*,#3318,.T.);
#1420=ORIENTED_EDGE('',*,*,#3469,.F.);
#1421=ORIENTED_EDGE('',*,*,#2901,.F.);
#1422=ORIENTED_EDGE('',*,*,#3471,.T.);
#1423=ORIENTED_EDGE('',*,*,#3319,.T.);
#1424=ORIENTED_EDGE('',*,*,#3470,.F.);
#1425=ORIENTED_EDGE('',*,*,#2900,.F.);
#1426=ORIENTED_EDGE('',*,*,#3472,.T.);
#1427=ORIENTED_EDGE('',*,*,#3320,.T.);
#1428=ORIENTED_EDGE('',*,*,#3471,.F.);
#1429=ORIENTED_EDGE('',*,*,#2899,.F.);
#1430=ORIENTED_EDGE('',*,*,#3468,.T.);
#1431=ORIENTED_EDGE('',*,*,#3321,.T.);
#1432=ORIENTED_EDGE('',*,*,#3472,.F.);
#1433=ORIENTED_EDGE('',*,*,#2898,.F.);
#1434=ORIENTED_EDGE('',*,*,#3473,.T.);
#1435=ORIENTED_EDGE('',*,*,#3334,.T.);
#1436=ORIENTED_EDGE('',*,*,#3474,.F.);
#1437=ORIENTED_EDGE('',*,*,#2903,.F.);
#1438=ORIENTED_EDGE('',*,*,#3475,.T.);
#1439=ORIENTED_EDGE('',*,*,#3335,.T.);
#1440=ORIENTED_EDGE('',*,*,#3473,.F.);
#1441=ORIENTED_EDGE('',*,*,#2902,.F.);
#1442=ORIENTED_EDGE('',*,*,#3476,.T.);
#1443=ORIENTED_EDGE('',*,*,#3336,.T.);
#1444=ORIENTED_EDGE('',*,*,#3475,.F.);
#1445=ORIENTED_EDGE('',*,*,#2907,.F.);
#1446=ORIENTED_EDGE('',*,*,#3477,.T.);
#1447=ORIENTED_EDGE('',*,*,#3337,.T.);
#1448=ORIENTED_EDGE('',*,*,#3476,.F.);
#1449=ORIENTED_EDGE('',*,*,#2906,.F.);
#1450=ORIENTED_EDGE('',*,*,#3478,.T.);
#1451=ORIENTED_EDGE('',*,*,#3338,.T.);
#1452=ORIENTED_EDGE('',*,*,#3477,.F.);
#1453=ORIENTED_EDGE('',*,*,#2905,.F.);
#1454=ORIENTED_EDGE('',*,*,#3474,.T.);
#1455=ORIENTED_EDGE('',*,*,#3339,.T.);
#1456=ORIENTED_EDGE('',*,*,#3478,.F.);
#1457=ORIENTED_EDGE('',*,*,#2904,.F.);
#1458=ORIENTED_EDGE('',*,*,#3479,.T.);
#1459=ORIENTED_EDGE('',*,*,#3310,.T.);
#1460=ORIENTED_EDGE('',*,*,#3480,.F.);
#1461=ORIENTED_EDGE('',*,*,#2909,.F.);
#1462=ORIENTED_EDGE('',*,*,#3481,.T.);
#1463=ORIENTED_EDGE('',*,*,#3311,.T.);
#1464=ORIENTED_EDGE('',*,*,#3479,.F.);
#1465=ORIENTED_EDGE('',*,*,#2908,.F.);
#1466=ORIENTED_EDGE('',*,*,#3482,.T.);
#1467=ORIENTED_EDGE('',*,*,#3312,.T.);
#1468=ORIENTED_EDGE('',*,*,#3481,.F.);
#1469=ORIENTED_EDGE('',*,*,#2913,.F.);
#1470=ORIENTED_EDGE('',*,*,#3483,.T.);
#1471=ORIENTED_EDGE('',*,*,#3313,.T.);
#1472=ORIENTED_EDGE('',*,*,#3482,.F.);
#1473=ORIENTED_EDGE('',*,*,#2912,.F.);
#1474=ORIENTED_EDGE('',*,*,#3484,.T.);
#1475=ORIENTED_EDGE('',*,*,#3314,.T.);
#1476=ORIENTED_EDGE('',*,*,#3483,.F.);
#1477=ORIENTED_EDGE('',*,*,#2911,.F.);
#1478=ORIENTED_EDGE('',*,*,#3480,.T.);
#1479=ORIENTED_EDGE('',*,*,#3315,.T.);
#1480=ORIENTED_EDGE('',*,*,#3484,.F.);
#1481=ORIENTED_EDGE('',*,*,#2910,.F.);
#1482=ORIENTED_EDGE('',*,*,#3485,.T.);
#1483=ORIENTED_EDGE('',*,*,#3340,.T.);
#1484=ORIENTED_EDGE('',*,*,#3486,.F.);
#1485=ORIENTED_EDGE('',*,*,#2915,.F.);
#1486=ORIENTED_EDGE('',*,*,#3487,.T.);
#1487=ORIENTED_EDGE('',*,*,#3341,.T.);
#1488=ORIENTED_EDGE('',*,*,#3485,.F.);
#1489=ORIENTED_EDGE('',*,*,#2914,.F.);
#1490=ORIENTED_EDGE('',*,*,#3488,.T.);
#1491=ORIENTED_EDGE('',*,*,#3342,.T.);
#1492=ORIENTED_EDGE('',*,*,#3487,.F.);
#1493=ORIENTED_EDGE('',*,*,#2919,.F.);
#1494=ORIENTED_EDGE('',*,*,#3489,.T.);
#1495=ORIENTED_EDGE('',*,*,#3343,.T.);
#1496=ORIENTED_EDGE('',*,*,#3488,.F.);
#1497=ORIENTED_EDGE('',*,*,#2918,.F.);
#1498=ORIENTED_EDGE('',*,*,#3490,.T.);
#1499=ORIENTED_EDGE('',*,*,#3344,.T.);
#1500=ORIENTED_EDGE('',*,*,#3489,.F.);
#1501=ORIENTED_EDGE('',*,*,#2917,.F.);
#1502=ORIENTED_EDGE('',*,*,#3486,.T.);
#1503=ORIENTED_EDGE('',*,*,#3345,.T.);
#1504=ORIENTED_EDGE('',*,*,#3490,.F.);
#1505=ORIENTED_EDGE('',*,*,#2916,.F.);
#1506=ORIENTED_EDGE('',*,*,#3491,.T.);
#1507=ORIENTED_EDGE('',*,*,#3200,.T.);
#1508=ORIENTED_EDGE('',*,*,#3492,.F.);
#1509=ORIENTED_EDGE('',*,*,#2865,.F.);
#1510=ORIENTED_EDGE('',*,*,#3493,.T.);
#1511=ORIENTED_EDGE('',*,*,#3201,.T.);
#1512=ORIENTED_EDGE('',*,*,#3491,.F.);
#1513=ORIENTED_EDGE('',*,*,#2864,.F.);
#1514=ORIENTED_EDGE('',*,*,#3494,.T.);
#1515=ORIENTED_EDGE('',*,*,#3202,.T.);
#1516=ORIENTED_EDGE('',*,*,#3493,.F.);
#1517=ORIENTED_EDGE('',*,*,#2863,.F.);
#1518=ORIENTED_EDGE('',*,*,#3492,.T.);
#1519=ORIENTED_EDGE('',*,*,#3199,.T.);
#1520=ORIENTED_EDGE('',*,*,#2726,.T.);
#1521=ORIENTED_EDGE('',*,*,#2866,.F.);
#1522=ORIENTED_EDGE('',*,*,#2728,.T.);
#1523=ORIENTED_EDGE('',*,*,#3198,.T.);
#1524=ORIENTED_EDGE('',*,*,#3494,.F.);
#1525=ORIENTED_EDGE('',*,*,#2862,.F.);
#1526=ORIENTED_EDGE('',*,*,#3495,.T.);
#1527=ORIENTED_EDGE('',*,*,#3346,.T.);
#1528=ORIENTED_EDGE('',*,*,#3496,.F.);
#1529=ORIENTED_EDGE('',*,*,#2921,.F.);
#1530=ORIENTED_EDGE('',*,*,#3497,.T.);
#1531=ORIENTED_EDGE('',*,*,#3347,.T.);
#1532=ORIENTED_EDGE('',*,*,#3495,.F.);
#1533=ORIENTED_EDGE('',*,*,#2920,.F.);
#1534=ORIENTED_EDGE('',*,*,#3498,.T.);
#1535=ORIENTED_EDGE('',*,*,#3348,.T.);
#1536=ORIENTED_EDGE('',*,*,#3497,.F.);
#1537=ORIENTED_EDGE('',*,*,#2925,.F.);
#1538=ORIENTED_EDGE('',*,*,#3499,.T.);
#1539=ORIENTED_EDGE('',*,*,#3349,.T.);
#1540=ORIENTED_EDGE('',*,*,#3498,.F.);
#1541=ORIENTED_EDGE('',*,*,#2924,.F.);
#1542=ORIENTED_EDGE('',*,*,#3500,.T.);
#1543=ORIENTED_EDGE('',*,*,#3350,.T.);
#1544=ORIENTED_EDGE('',*,*,#3499,.F.);
#1545=ORIENTED_EDGE('',*,*,#2923,.F.);
#1546=ORIENTED_EDGE('',*,*,#3496,.T.);
#1547=ORIENTED_EDGE('',*,*,#3351,.T.);
#1548=ORIENTED_EDGE('',*,*,#3500,.F.);
#1549=ORIENTED_EDGE('',*,*,#2922,.F.);
#1550=ORIENTED_EDGE('',*,*,#3501,.T.);
#1551=ORIENTED_EDGE('',*,*,#3304,.T.);
#1552=ORIENTED_EDGE('',*,*,#3502,.F.);
#1553=ORIENTED_EDGE('',*,*,#2927,.F.);
#1554=ORIENTED_EDGE('',*,*,#3503,.T.);
#1555=ORIENTED_EDGE('',*,*,#3305,.T.);
#1556=ORIENTED_EDGE('',*,*,#3501,.F.);
#1557=ORIENTED_EDGE('',*,*,#2926,.F.);
#1558=ORIENTED_EDGE('',*,*,#3504,.T.);
#1559=ORIENTED_EDGE('',*,*,#3306,.T.);
#1560=ORIENTED_EDGE('',*,*,#3503,.F.);
#1561=ORIENTED_EDGE('',*,*,#2931,.F.);
#1562=ORIENTED_EDGE('',*,*,#3505,.T.);
#1563=ORIENTED_EDGE('',*,*,#3307,.T.);
#1564=ORIENTED_EDGE('',*,*,#3504,.F.);
#1565=ORIENTED_EDGE('',*,*,#2930,.F.);
#1566=ORIENTED_EDGE('',*,*,#3506,.T.);
#1567=ORIENTED_EDGE('',*,*,#3308,.T.);
#1568=ORIENTED_EDGE('',*,*,#3505,.F.);
#1569=ORIENTED_EDGE('',*,*,#2929,.F.);
#1570=ORIENTED_EDGE('',*,*,#3502,.T.);
#1571=ORIENTED_EDGE('',*,*,#3309,.T.);
#1572=ORIENTED_EDGE('',*,*,#3506,.F.);
#1573=ORIENTED_EDGE('',*,*,#2928,.F.);
#1574=ORIENTED_EDGE('',*,*,#3507,.T.);
#1575=ORIENTED_EDGE('',*,*,#3352,.T.);
#1576=ORIENTED_EDGE('',*,*,#3508,.F.);
#1577=ORIENTED_EDGE('',*,*,#2933,.F.);
#1578=ORIENTED_EDGE('',*,*,#3509,.T.);
#1579=ORIENTED_EDGE('',*,*,#3353,.T.);
#1580=ORIENTED_EDGE('',*,*,#3507,.F.);
#1581=ORIENTED_EDGE('',*,*,#2932,.F.);
#1582=ORIENTED_EDGE('',*,*,#3510,.T.);
#1583=ORIENTED_EDGE('',*,*,#3354,.T.);
#1584=ORIENTED_EDGE('',*,*,#3509,.F.);
#1585=ORIENTED_EDGE('',*,*,#2937,.F.);
#1586=ORIENTED_EDGE('',*,*,#3511,.T.);
#1587=ORIENTED_EDGE('',*,*,#3355,.T.);
#1588=ORIENTED_EDGE('',*,*,#3510,.F.);
#1589=ORIENTED_EDGE('',*,*,#2936,.F.);
#1590=ORIENTED_EDGE('',*,*,#3512,.T.);
#1591=ORIENTED_EDGE('',*,*,#3356,.T.);
#1592=ORIENTED_EDGE('',*,*,#3511,.F.);
#1593=ORIENTED_EDGE('',*,*,#2935,.F.);
#1594=ORIENTED_EDGE('',*,*,#3508,.T.);
#1595=ORIENTED_EDGE('',*,*,#3357,.T.);
#1596=ORIENTED_EDGE('',*,*,#3512,.F.);
#1597=ORIENTED_EDGE('',*,*,#2934,.F.);
#1598=ORIENTED_EDGE('',*,*,#3513,.T.);
#1599=ORIENTED_EDGE('',*,*,#3298,.T.);
#1600=ORIENTED_EDGE('',*,*,#3514,.F.);
#1601=ORIENTED_EDGE('',*,*,#2939,.F.);
#1602=ORIENTED_EDGE('',*,*,#3515,.T.);
#1603=ORIENTED_EDGE('',*,*,#3299,.T.);
#1604=ORIENTED_EDGE('',*,*,#3513,.F.);
#1605=ORIENTED_EDGE('',*,*,#2938,.F.);
#1606=ORIENTED_EDGE('',*,*,#3516,.T.);
#1607=ORIENTED_EDGE('',*,*,#3300,.T.);
#1608=ORIENTED_EDGE('',*,*,#3515,.F.);
#1609=ORIENTED_EDGE('',*,*,#2943,.F.);
#1610=ORIENTED_EDGE('',*,*,#3517,.T.);
#1611=ORIENTED_EDGE('',*,*,#3301,.T.);
#1612=ORIENTED_EDGE('',*,*,#3516,.F.);
#1613=ORIENTED_EDGE('',*,*,#2942,.F.);
#1614=ORIENTED_EDGE('',*,*,#3518,.T.);
#1615=ORIENTED_EDGE('',*,*,#3302,.T.);
#1616=ORIENTED_EDGE('',*,*,#3517,.F.);
#1617=ORIENTED_EDGE('',*,*,#2941,.F.);
#1618=ORIENTED_EDGE('',*,*,#3514,.T.);
#1619=ORIENTED_EDGE('',*,*,#3303,.T.);
#1620=ORIENTED_EDGE('',*,*,#3518,.F.);
#1621=ORIENTED_EDGE('',*,*,#2940,.F.);
#1622=ORIENTED_EDGE('',*,*,#3519,.T.);
#1623=ORIENTED_EDGE('',*,*,#3358,.T.);
#1624=ORIENTED_EDGE('',*,*,#3520,.F.);
#1625=ORIENTED_EDGE('',*,*,#2945,.F.);
#1626=ORIENTED_EDGE('',*,*,#3521,.T.);
#1627=ORIENTED_EDGE('',*,*,#3359,.T.);
#1628=ORIENTED_EDGE('',*,*,#3519,.F.);
#1629=ORIENTED_EDGE('',*,*,#2944,.F.);
#1630=ORIENTED_EDGE('',*,*,#3522,.T.);
#1631=ORIENTED_EDGE('',*,*,#3360,.T.);
#1632=ORIENTED_EDGE('',*,*,#3521,.F.);
#1633=ORIENTED_EDGE('',*,*,#2949,.F.);
#1634=ORIENTED_EDGE('',*,*,#3523,.T.);
#1635=ORIENTED_EDGE('',*,*,#3361,.T.);
#1636=ORIENTED_EDGE('',*,*,#3522,.F.);
#1637=ORIENTED_EDGE('',*,*,#2948,.F.);
#1638=ORIENTED_EDGE('',*,*,#3524,.T.);
#1639=ORIENTED_EDGE('',*,*,#3362,.T.);
#1640=ORIENTED_EDGE('',*,*,#3523,.F.);
#1641=ORIENTED_EDGE('',*,*,#2947,.F.);
#1642=ORIENTED_EDGE('',*,*,#3520,.T.);
#1643=ORIENTED_EDGE('',*,*,#3363,.T.);
#1644=ORIENTED_EDGE('',*,*,#3524,.F.);
#1645=ORIENTED_EDGE('',*,*,#2946,.F.);
#1646=ORIENTED_EDGE('',*,*,#3525,.T.);
#1647=ORIENTED_EDGE('',*,*,#3292,.T.);
#1648=ORIENTED_EDGE('',*,*,#3526,.F.);
#1649=ORIENTED_EDGE('',*,*,#2951,.F.);
#1650=ORIENTED_EDGE('',*,*,#3527,.T.);
#1651=ORIENTED_EDGE('',*,*,#3293,.T.);
#1652=ORIENTED_EDGE('',*,*,#3525,.F.);
#1653=ORIENTED_EDGE('',*,*,#2950,.F.);
#1654=ORIENTED_EDGE('',*,*,#3528,.T.);
#1655=ORIENTED_EDGE('',*,*,#3294,.T.);
#1656=ORIENTED_EDGE('',*,*,#3527,.F.);
#1657=ORIENTED_EDGE('',*,*,#2955,.F.);
#1658=ORIENTED_EDGE('',*,*,#3529,.T.);
#1659=ORIENTED_EDGE('',*,*,#3295,.T.);
#1660=ORIENTED_EDGE('',*,*,#3528,.F.);
#1661=ORIENTED_EDGE('',*,*,#2954,.F.);
#1662=ORIENTED_EDGE('',*,*,#3530,.T.);
#1663=ORIENTED_EDGE('',*,*,#3296,.T.);
#1664=ORIENTED_EDGE('',*,*,#3529,.F.);
#1665=ORIENTED_EDGE('',*,*,#2953,.F.);
#1666=ORIENTED_EDGE('',*,*,#3526,.T.);
#1667=ORIENTED_EDGE('',*,*,#3297,.T.);
#1668=ORIENTED_EDGE('',*,*,#3530,.F.);
#1669=ORIENTED_EDGE('',*,*,#2952,.F.);
#1670=ORIENTED_EDGE('',*,*,#3531,.T.);
#1671=ORIENTED_EDGE('',*,*,#3139,.T.);
#1672=ORIENTED_EDGE('',*,*,#3532,.F.);
#1673=ORIENTED_EDGE('',*,*,#2802,.F.);
#1674=ORIENTED_EDGE('',*,*,#3533,.T.);
#1675=ORIENTED_EDGE('',*,*,#3140,.T.);
#1676=ORIENTED_EDGE('',*,*,#3531,.F.);
#1677=ORIENTED_EDGE('',*,*,#2801,.F.);
#1678=ORIENTED_EDGE('',*,*,#3532,.T.);
#1679=ORIENTED_EDGE('',*,*,#3138,.T.);
#1680=ORIENTED_EDGE('',*,*,#3534,.F.);
#1681=ORIENTED_EDGE('',*,*,#2803,.F.);
#1682=ORIENTED_EDGE('',*,*,#2682,.T.);
#1683=ORIENTED_EDGE('',*,*,#3136,.T.);
#1684=ORIENTED_EDGE('',*,*,#3533,.F.);
#1685=ORIENTED_EDGE('',*,*,#2800,.F.);
#1686=ORIENTED_EDGE('',*,*,#3534,.T.);
#1687=ORIENTED_EDGE('',*,*,#3137,.T.);
#1688=ORIENTED_EDGE('',*,*,#2684,.T.);
#1689=ORIENTED_EDGE('',*,*,#2804,.F.);
#1690=ORIENTED_EDGE('',*,*,#3535,.T.);
#1691=ORIENTED_EDGE('',*,*,#3286,.T.);
#1692=ORIENTED_EDGE('',*,*,#3536,.F.);
#1693=ORIENTED_EDGE('',*,*,#2957,.F.);
#1694=ORIENTED_EDGE('',*,*,#3537,.T.);
#1695=ORIENTED_EDGE('',*,*,#3287,.T.);
#1696=ORIENTED_EDGE('',*,*,#3535,.F.);
#1697=ORIENTED_EDGE('',*,*,#2956,.F.);
#1698=ORIENTED_EDGE('',*,*,#3538,.T.);
#1699=ORIENTED_EDGE('',*,*,#3288,.T.);
#1700=ORIENTED_EDGE('',*,*,#3537,.F.);
#1701=ORIENTED_EDGE('',*,*,#2961,.F.);
#1702=ORIENTED_EDGE('',*,*,#3539,.T.);
#1703=ORIENTED_EDGE('',*,*,#3289,.T.);
#1704=ORIENTED_EDGE('',*,*,#3538,.F.);
#1705=ORIENTED_EDGE('',*,*,#2960,.F.);
#1706=ORIENTED_EDGE('',*,*,#3540,.T.);
#1707=ORIENTED_EDGE('',*,*,#3290,.T.);
#1708=ORIENTED_EDGE('',*,*,#3539,.F.);
#1709=ORIENTED_EDGE('',*,*,#2959,.F.);
#1710=ORIENTED_EDGE('',*,*,#3536,.T.);
#1711=ORIENTED_EDGE('',*,*,#3291,.T.);
#1712=ORIENTED_EDGE('',*,*,#3540,.F.);
#1713=ORIENTED_EDGE('',*,*,#2958,.F.);
#1714=ORIENTED_EDGE('',*,*,#3541,.T.);
#1715=ORIENTED_EDGE('',*,*,#3364,.T.);
#1716=ORIENTED_EDGE('',*,*,#3542,.F.);
#1717=ORIENTED_EDGE('',*,*,#2963,.F.);
#1718=ORIENTED_EDGE('',*,*,#3543,.T.);
#1719=ORIENTED_EDGE('',*,*,#3365,.T.);
#1720=ORIENTED_EDGE('',*,*,#3541,.F.);
#1721=ORIENTED_EDGE('',*,*,#2962,.F.);
#1722=ORIENTED_EDGE('',*,*,#3544,.T.);
#1723=ORIENTED_EDGE('',*,*,#3366,.T.);
#1724=ORIENTED_EDGE('',*,*,#3543,.F.);
#1725=ORIENTED_EDGE('',*,*,#2967,.F.);
#1726=ORIENTED_EDGE('',*,*,#3545,.T.);
#1727=ORIENTED_EDGE('',*,*,#3367,.T.);
#1728=ORIENTED_EDGE('',*,*,#3544,.F.);
#1729=ORIENTED_EDGE('',*,*,#2966,.F.);
#1730=ORIENTED_EDGE('',*,*,#3546,.T.);
#1731=ORIENTED_EDGE('',*,*,#3368,.T.);
#1732=ORIENTED_EDGE('',*,*,#3545,.F.);
#1733=ORIENTED_EDGE('',*,*,#2965,.F.);
#1734=ORIENTED_EDGE('',*,*,#3542,.T.);
#1735=ORIENTED_EDGE('',*,*,#3369,.T.);
#1736=ORIENTED_EDGE('',*,*,#3546,.F.);
#1737=ORIENTED_EDGE('',*,*,#2964,.F.);
#1738=ORIENTED_EDGE('',*,*,#3547,.T.);
#1739=ORIENTED_EDGE('',*,*,#3280,.T.);
#1740=ORIENTED_EDGE('',*,*,#3548,.F.);
#1741=ORIENTED_EDGE('',*,*,#2969,.F.);
#1742=ORIENTED_EDGE('',*,*,#3549,.T.);
#1743=ORIENTED_EDGE('',*,*,#3281,.T.);
#1744=ORIENTED_EDGE('',*,*,#3547,.F.);
#1745=ORIENTED_EDGE('',*,*,#2968,.F.);
#1746=ORIENTED_EDGE('',*,*,#3550,.T.);
#1747=ORIENTED_EDGE('',*,*,#3282,.T.);
#1748=ORIENTED_EDGE('',*,*,#3549,.F.);
#1749=ORIENTED_EDGE('',*,*,#2973,.F.);
#1750=ORIENTED_EDGE('',*,*,#3551,.T.);
#1751=ORIENTED_EDGE('',*,*,#3283,.T.);
#1752=ORIENTED_EDGE('',*,*,#3550,.F.);
#1753=ORIENTED_EDGE('',*,*,#2972,.F.);
#1754=ORIENTED_EDGE('',*,*,#3552,.T.);
#1755=ORIENTED_EDGE('',*,*,#3284,.T.);
#1756=ORIENTED_EDGE('',*,*,#3551,.F.);
#1757=ORIENTED_EDGE('',*,*,#2971,.F.);
#1758=ORIENTED_EDGE('',*,*,#3548,.T.);
#1759=ORIENTED_EDGE('',*,*,#3285,.T.);
#1760=ORIENTED_EDGE('',*,*,#3552,.F.);
#1761=ORIENTED_EDGE('',*,*,#2970,.F.);
#1762=ORIENTED_EDGE('',*,*,#3553,.T.);
#1763=ORIENTED_EDGE('',*,*,#3370,.T.);
#1764=ORIENTED_EDGE('',*,*,#3554,.F.);
#1765=ORIENTED_EDGE('',*,*,#2975,.F.);
#1766=ORIENTED_EDGE('',*,*,#3555,.T.);
#1767=ORIENTED_EDGE('',*,*,#3371,.T.);
#1768=ORIENTED_EDGE('',*,*,#3553,.F.);
#1769=ORIENTED_EDGE('',*,*,#2974,.F.);
#1770=ORIENTED_EDGE('',*,*,#3556,.T.);
#1771=ORIENTED_EDGE('',*,*,#3372,.T.);
#1772=ORIENTED_EDGE('',*,*,#3555,.F.);
#1773=ORIENTED_EDGE('',*,*,#2979,.F.);
#1774=ORIENTED_EDGE('',*,*,#3557,.T.);
#1775=ORIENTED_EDGE('',*,*,#3373,.T.);
#1776=ORIENTED_EDGE('',*,*,#3556,.F.);
#1777=ORIENTED_EDGE('',*,*,#2978,.F.);
#1778=ORIENTED_EDGE('',*,*,#3558,.T.);
#1779=ORIENTED_EDGE('',*,*,#3374,.T.);
#1780=ORIENTED_EDGE('',*,*,#3557,.F.);
#1781=ORIENTED_EDGE('',*,*,#2977,.F.);
#1782=ORIENTED_EDGE('',*,*,#3554,.T.);
#1783=ORIENTED_EDGE('',*,*,#3375,.T.);
#1784=ORIENTED_EDGE('',*,*,#3558,.F.);
#1785=ORIENTED_EDGE('',*,*,#2976,.F.);
#1786=ORIENTED_EDGE('',*,*,#3559,.T.);
#1787=ORIENTED_EDGE('',*,*,#3205,.T.);
#1788=ORIENTED_EDGE('',*,*,#3560,.F.);
#1789=ORIENTED_EDGE('',*,*,#2871,.F.);
#1790=ORIENTED_EDGE('',*,*,#3561,.T.);
#1791=ORIENTED_EDGE('',*,*,#3206,.T.);
#1792=ORIENTED_EDGE('',*,*,#3559,.F.);
#1793=ORIENTED_EDGE('',*,*,#2870,.F.);
#1794=ORIENTED_EDGE('',*,*,#3562,.T.);
#1795=ORIENTED_EDGE('',*,*,#3207,.T.);
#1796=ORIENTED_EDGE('',*,*,#3561,.F.);
#1797=ORIENTED_EDGE('',*,*,#2869,.F.);
#1798=ORIENTED_EDGE('',*,*,#3563,.T.);
#1799=ORIENTED_EDGE('',*,*,#3208,.T.);
#1800=ORIENTED_EDGE('',*,*,#3562,.F.);
#1801=ORIENTED_EDGE('',*,*,#2868,.F.);
#1802=ORIENTED_EDGE('',*,*,#3560,.T.);
#1803=ORIENTED_EDGE('',*,*,#3204,.T.);
#1804=ORIENTED_EDGE('',*,*,#2722,.T.);
#1805=ORIENTED_EDGE('',*,*,#2872,.F.);
#1806=ORIENTED_EDGE('',*,*,#2724,.T.);
#1807=ORIENTED_EDGE('',*,*,#3203,.T.);
#1808=ORIENTED_EDGE('',*,*,#3563,.F.);
#1809=ORIENTED_EDGE('',*,*,#2867,.F.);
#1810=ORIENTED_EDGE('',*,*,#3564,.T.);
#1811=ORIENTED_EDGE('',*,*,#3192,.T.);
#1812=ORIENTED_EDGE('',*,*,#3565,.F.);
#1813=ORIENTED_EDGE('',*,*,#2855,.F.);
#1814=ORIENTED_EDGE('',*,*,#3565,.T.);
#1815=ORIENTED_EDGE('',*,*,#3191,.T.);
#1816=ORIENTED_EDGE('',*,*,#2720,.T.);
#1817=ORIENTED_EDGE('',*,*,#2856,.F.);
#1818=ORIENTED_EDGE('',*,*,#2718,.T.);
#1819=ORIENTED_EDGE('',*,*,#3190,.T.);
#1820=ORIENTED_EDGE('',*,*,#3564,.F.);
#1821=ORIENTED_EDGE('',*,*,#2854,.F.);
#1822=ORIENTED_EDGE('',*,*,#3566,.T.);
#1823=ORIENTED_EDGE('',*,*,#3187,.T.);
#1824=ORIENTED_EDGE('',*,*,#3567,.F.);
#1825=ORIENTED_EDGE('',*,*,#2852,.F.);
#1826=ORIENTED_EDGE('',*,*,#3568,.T.);
#1827=ORIENTED_EDGE('',*,*,#3188,.T.);
#1828=ORIENTED_EDGE('',*,*,#3566,.F.);
#1829=ORIENTED_EDGE('',*,*,#2851,.F.);
#1830=ORIENTED_EDGE('',*,*,#3569,.T.);
#1831=ORIENTED_EDGE('',*,*,#3189,.T.);
#1832=ORIENTED_EDGE('',*,*,#3568,.F.);
#1833=ORIENTED_EDGE('',*,*,#2850,.F.);
#1834=ORIENTED_EDGE('',*,*,#3567,.T.);
#1835=ORIENTED_EDGE('',*,*,#3186,.T.);
#1836=ORIENTED_EDGE('',*,*,#2716,.T.);
#1837=ORIENTED_EDGE('',*,*,#2853,.F.);
#1838=ORIENTED_EDGE('',*,*,#2714,.T.);
#1839=ORIENTED_EDGE('',*,*,#3185,.T.);
#1840=ORIENTED_EDGE('',*,*,#3569,.F.);
#1841=ORIENTED_EDGE('',*,*,#2849,.F.);
#1842=ORIENTED_EDGE('',*,*,#3570,.T.);
#1843=ORIENTED_EDGE('',*,*,#3181,.T.);
#1844=ORIENTED_EDGE('',*,*,#3571,.F.);
#1845=ORIENTED_EDGE('',*,*,#2847,.F.);
#1846=ORIENTED_EDGE('',*,*,#3572,.T.);
#1847=ORIENTED_EDGE('',*,*,#3182,.T.);
#1848=ORIENTED_EDGE('',*,*,#3570,.F.);
#1849=ORIENTED_EDGE('',*,*,#2846,.F.);
#1850=ORIENTED_EDGE('',*,*,#3573,.T.);
#1851=ORIENTED_EDGE('',*,*,#3183,.T.);
#1852=ORIENTED_EDGE('',*,*,#3572,.F.);
#1853=ORIENTED_EDGE('',*,*,#2845,.F.);
#1854=ORIENTED_EDGE('',*,*,#3574,.T.);
#1855=ORIENTED_EDGE('',*,*,#3184,.T.);
#1856=ORIENTED_EDGE('',*,*,#3573,.F.);
#1857=ORIENTED_EDGE('',*,*,#2844,.F.);
#1858=ORIENTED_EDGE('',*,*,#2710,.T.);
#1859=ORIENTED_EDGE('',*,*,#3179,.T.);
#1860=ORIENTED_EDGE('',*,*,#3574,.F.);
#1861=ORIENTED_EDGE('',*,*,#2843,.F.);
#1862=ORIENTED_EDGE('',*,*,#3571,.T.);
#1863=ORIENTED_EDGE('',*,*,#3180,.T.);
#1864=ORIENTED_EDGE('',*,*,#2712,.T.);
#1865=ORIENTED_EDGE('',*,*,#2848,.F.);
#1866=ORIENTED_EDGE('',*,*,#3575,.T.);
#1867=ORIENTED_EDGE('',*,*,#3173,.T.);
#1868=ORIENTED_EDGE('',*,*,#3576,.F.);
#1869=ORIENTED_EDGE('',*,*,#2838,.F.);
#1870=ORIENTED_EDGE('',*,*,#3577,.T.);
#1871=ORIENTED_EDGE('',*,*,#3174,.T.);
#1872=ORIENTED_EDGE('',*,*,#3575,.F.);
#1873=ORIENTED_EDGE('',*,*,#2837,.F.);
#1874=ORIENTED_EDGE('',*,*,#3578,.T.);
#1875=ORIENTED_EDGE('',*,*,#3175,.T.);
#1876=ORIENTED_EDGE('',*,*,#3577,.F.);
#1877=ORIENTED_EDGE('',*,*,#2836,.F.);
#1878=ORIENTED_EDGE('',*,*,#2702,.T.);
#1879=ORIENTED_EDGE('',*,*,#3171,.T.);
#1880=ORIENTED_EDGE('',*,*,#3578,.F.);
#1881=ORIENTED_EDGE('',*,*,#2835,.F.);
#1882=ORIENTED_EDGE('',*,*,#3576,.T.);
#1883=ORIENTED_EDGE('',*,*,#3172,.T.);
#1884=ORIENTED_EDGE('',*,*,#2704,.T.);
#1885=ORIENTED_EDGE('',*,*,#2839,.F.);
#1886=ORIENTED_EDGE('',*,*,#3579,.T.);
#1887=ORIENTED_EDGE('',*,*,#3178,.T.);
#1888=ORIENTED_EDGE('',*,*,#3580,.F.);
#1889=ORIENTED_EDGE('',*,*,#2841,.F.);
#1890=ORIENTED_EDGE('',*,*,#3580,.T.);
#1891=ORIENTED_EDGE('',*,*,#3177,.T.);
#1892=ORIENTED_EDGE('',*,*,#2698,.T.);
#1893=ORIENTED_EDGE('',*,*,#2842,.F.);
#1894=ORIENTED_EDGE('',*,*,#2700,.T.);
#1895=ORIENTED_EDGE('',*,*,#3176,.T.);
#1896=ORIENTED_EDGE('',*,*,#3579,.F.);
#1897=ORIENTED_EDGE('',*,*,#2840,.F.);
#1898=ORIENTED_EDGE('',*,*,#3581,.T.);
#1899=ORIENTED_EDGE('',*,*,#3274,.T.);
#1900=ORIENTED_EDGE('',*,*,#3582,.F.);
#1901=ORIENTED_EDGE('',*,*,#2981,.F.);
#1902=ORIENTED_EDGE('',*,*,#3583,.T.);
#1903=ORIENTED_EDGE('',*,*,#3275,.T.);
#1904=ORIENTED_EDGE('',*,*,#3581,.F.);
#1905=ORIENTED_EDGE('',*,*,#2980,.F.);
#1906=ORIENTED_EDGE('',*,*,#3584,.T.);
#1907=ORIENTED_EDGE('',*,*,#3276,.T.);
#1908=ORIENTED_EDGE('',*,*,#3583,.F.);
#1909=ORIENTED_EDGE('',*,*,#2985,.F.);
#1910=ORIENTED_EDGE('',*,*,#3585,.T.);
#1911=ORIENTED_EDGE('',*,*,#3277,.T.);
#1912=ORIENTED_EDGE('',*,*,#3584,.F.);
#1913=ORIENTED_EDGE('',*,*,#2984,.F.);
#1914=ORIENTED_EDGE('',*,*,#3586,.T.);
#1915=ORIENTED_EDGE('',*,*,#3278,.T.);
#1916=ORIENTED_EDGE('',*,*,#3585,.F.);
#1917=ORIENTED_EDGE('',*,*,#2983,.F.);
#1918=ORIENTED_EDGE('',*,*,#3582,.T.);
#1919=ORIENTED_EDGE('',*,*,#3279,.T.);
#1920=ORIENTED_EDGE('',*,*,#3586,.F.);
#1921=ORIENTED_EDGE('',*,*,#2982,.F.);
#1922=ORIENTED_EDGE('',*,*,#3587,.T.);
#1923=ORIENTED_EDGE('',*,*,#3130,.T.);
#1924=ORIENTED_EDGE('',*,*,#3588,.F.);
#1925=ORIENTED_EDGE('',*,*,#2795,.F.);
#1926=ORIENTED_EDGE('',*,*,#3589,.T.);
#1927=ORIENTED_EDGE('',*,*,#3131,.T.);
#1928=ORIENTED_EDGE('',*,*,#3587,.F.);
#1929=ORIENTED_EDGE('',*,*,#2794,.F.);
#1930=ORIENTED_EDGE('',*,*,#3590,.T.);
#1931=ORIENTED_EDGE('',*,*,#3132,.T.);
#1932=ORIENTED_EDGE('',*,*,#3589,.F.);
#1933=ORIENTED_EDGE('',*,*,#2793,.F.);
#1934=ORIENTED_EDGE('',*,*,#2670,.T.);
#1935=ORIENTED_EDGE('',*,*,#3128,.T.);
#1936=ORIENTED_EDGE('',*,*,#3590,.F.);
#1937=ORIENTED_EDGE('',*,*,#2792,.F.);
#1938=ORIENTED_EDGE('',*,*,#3588,.T.);
#1939=ORIENTED_EDGE('',*,*,#3129,.T.);
#1940=ORIENTED_EDGE('',*,*,#2672,.T.);
#1941=ORIENTED_EDGE('',*,*,#2796,.F.);
#1942=ORIENTED_EDGE('',*,*,#3591,.T.);
#1943=ORIENTED_EDGE('',*,*,#3151,.T.);
#1944=ORIENTED_EDGE('',*,*,#3592,.F.);
#1945=ORIENTED_EDGE('',*,*,#2812,.F.);
#1946=ORIENTED_EDGE('',*,*,#3593,.T.);
#1947=ORIENTED_EDGE('',*,*,#3149,.T.);
#1948=ORIENTED_EDGE('',*,*,#3594,.F.);
#1949=ORIENTED_EDGE('',*,*,#2814,.F.);
#1950=ORIENTED_EDGE('',*,*,#3592,.T.);
#1951=ORIENTED_EDGE('',*,*,#3150,.T.);
#1952=ORIENTED_EDGE('',*,*,#3593,.F.);
#1953=ORIENTED_EDGE('',*,*,#2813,.F.);
#1954=ORIENTED_EDGE('',*,*,#2656,.T.);
#1955=ORIENTED_EDGE('',*,*,#3147,.T.);
#1956=ORIENTED_EDGE('',*,*,#3591,.F.);
#1957=ORIENTED_EDGE('',*,*,#2811,.F.);
#1958=ORIENTED_EDGE('',*,*,#3594,.T.);
#1959=ORIENTED_EDGE('',*,*,#3148,.T.);
#1960=ORIENTED_EDGE('',*,*,#2654,.T.);
#1961=ORIENTED_EDGE('',*,*,#2815,.F.);
#1962=ORIENTED_EDGE('',*,*,#3595,.T.);
#1963=ORIENTED_EDGE('',*,*,#3376,.T.);
#1964=ORIENTED_EDGE('',*,*,#3596,.F.);
#1965=ORIENTED_EDGE('',*,*,#2987,.F.);
#1966=ORIENTED_EDGE('',*,*,#3597,.T.);
#1967=ORIENTED_EDGE('',*,*,#3377,.T.);
#1968=ORIENTED_EDGE('',*,*,#3595,.F.);
#1969=ORIENTED_EDGE('',*,*,#2986,.F.);
#1970=ORIENTED_EDGE('',*,*,#3598,.T.);
#1971=ORIENTED_EDGE('',*,*,#3378,.T.);
#1972=ORIENTED_EDGE('',*,*,#3597,.F.);
#1973=ORIENTED_EDGE('',*,*,#2991,.F.);
#1974=ORIENTED_EDGE('',*,*,#3599,.T.);
#1975=ORIENTED_EDGE('',*,*,#3379,.T.);
#1976=ORIENTED_EDGE('',*,*,#3598,.F.);
#1977=ORIENTED_EDGE('',*,*,#2990,.F.);
#1978=ORIENTED_EDGE('',*,*,#3600,.T.);
#1979=ORIENTED_EDGE('',*,*,#3380,.T.);
#1980=ORIENTED_EDGE('',*,*,#3599,.F.);
#1981=ORIENTED_EDGE('',*,*,#2989,.F.);
#1982=ORIENTED_EDGE('',*,*,#3596,.T.);
#1983=ORIENTED_EDGE('',*,*,#3381,.T.);
#1984=ORIENTED_EDGE('',*,*,#3600,.F.);
#1985=ORIENTED_EDGE('',*,*,#2988,.F.);
#1986=ORIENTED_EDGE('',*,*,#3601,.T.);
#1987=ORIENTED_EDGE('',*,*,#3268,.T.);
#1988=ORIENTED_EDGE('',*,*,#3602,.F.);
#1989=ORIENTED_EDGE('',*,*,#2993,.F.);
#1990=ORIENTED_EDGE('',*,*,#3603,.T.);
#1991=ORIENTED_EDGE('',*,*,#3269,.T.);
#1992=ORIENTED_EDGE('',*,*,#3601,.F.);
#1993=ORIENTED_EDGE('',*,*,#2992,.F.);
#1994=ORIENTED_EDGE('',*,*,#3604,.T.);
#1995=ORIENTED_EDGE('',*,*,#3270,.T.);
#1996=ORIENTED_EDGE('',*,*,#3603,.F.);
#1997=ORIENTED_EDGE('',*,*,#2997,.F.);
#1998=ORIENTED_EDGE('',*,*,#3605,.T.);
#1999=ORIENTED_EDGE('',*,*,#3271,.T.);
#2000=ORIENTED_EDGE('',*,*,#3604,.F.);
#2001=ORIENTED_EDGE('',*,*,#2996,.F.);
#2002=ORIENTED_EDGE('',*,*,#3606,.T.);
#2003=ORIENTED_EDGE('',*,*,#3272,.T.);
#2004=ORIENTED_EDGE('',*,*,#3605,.F.);
#2005=ORIENTED_EDGE('',*,*,#2995,.F.);
#2006=ORIENTED_EDGE('',*,*,#3602,.T.);
#2007=ORIENTED_EDGE('',*,*,#3273,.T.);
#2008=ORIENTED_EDGE('',*,*,#3606,.F.);
#2009=ORIENTED_EDGE('',*,*,#2994,.F.);
#2010=ORIENTED_EDGE('',*,*,#3607,.T.);
#2011=ORIENTED_EDGE('',*,*,#3382,.T.);
#2012=ORIENTED_EDGE('',*,*,#3608,.F.);
#2013=ORIENTED_EDGE('',*,*,#2999,.F.);
#2014=ORIENTED_EDGE('',*,*,#3609,.T.);
#2015=ORIENTED_EDGE('',*,*,#3383,.T.);
#2016=ORIENTED_EDGE('',*,*,#3607,.F.);
#2017=ORIENTED_EDGE('',*,*,#2998,.F.);
#2018=ORIENTED_EDGE('',*,*,#3610,.T.);
#2019=ORIENTED_EDGE('',*,*,#3384,.T.);
#2020=ORIENTED_EDGE('',*,*,#3609,.F.);
#2021=ORIENTED_EDGE('',*,*,#3003,.F.);
#2022=ORIENTED_EDGE('',*,*,#3611,.T.);
#2023=ORIENTED_EDGE('',*,*,#3385,.T.);
#2024=ORIENTED_EDGE('',*,*,#3610,.F.);
#2025=ORIENTED_EDGE('',*,*,#3002,.F.);
#2026=ORIENTED_EDGE('',*,*,#3612,.T.);
#2027=ORIENTED_EDGE('',*,*,#3386,.T.);
#2028=ORIENTED_EDGE('',*,*,#3611,.F.);
#2029=ORIENTED_EDGE('',*,*,#3001,.F.);
#2030=ORIENTED_EDGE('',*,*,#3608,.T.);
#2031=ORIENTED_EDGE('',*,*,#3387,.T.);
#2032=ORIENTED_EDGE('',*,*,#3612,.F.);
#2033=ORIENTED_EDGE('',*,*,#3000,.F.);
#2034=ORIENTED_EDGE('',*,*,#3613,.T.);
#2035=ORIENTED_EDGE('',*,*,#3170,.T.);
#2036=ORIENTED_EDGE('',*,*,#3614,.F.);
#2037=ORIENTED_EDGE('',*,*,#2833,.F.);
#2038=ORIENTED_EDGE('',*,*,#3614,.T.);
#2039=ORIENTED_EDGE('',*,*,#3169,.T.);
#2040=ORIENTED_EDGE('',*,*,#2694,.T.);
#2041=ORIENTED_EDGE('',*,*,#2834,.F.);
#2042=ORIENTED_EDGE('',*,*,#2696,.T.);
#2043=ORIENTED_EDGE('',*,*,#3168,.T.);
#2044=ORIENTED_EDGE('',*,*,#3613,.F.);
#2045=ORIENTED_EDGE('',*,*,#2832,.F.);
#2046=ORIENTED_EDGE('',*,*,#3615,.T.);
#2047=ORIENTED_EDGE('',*,*,#3165,.T.);
#2048=ORIENTED_EDGE('',*,*,#3616,.F.);
#2049=ORIENTED_EDGE('',*,*,#2830,.F.);
#2050=ORIENTED_EDGE('',*,*,#3617,.T.);
#2051=ORIENTED_EDGE('',*,*,#3166,.T.);
#2052=ORIENTED_EDGE('',*,*,#3615,.F.);
#2053=ORIENTED_EDGE('',*,*,#2829,.F.);
#2054=ORIENTED_EDGE('',*,*,#3618,.T.);
#2055=ORIENTED_EDGE('',*,*,#3167,.T.);
#2056=ORIENTED_EDGE('',*,*,#3617,.F.);
#2057=ORIENTED_EDGE('',*,*,#2828,.F.);
#2058=ORIENTED_EDGE('',*,*,#2692,.T.);
#2059=ORIENTED_EDGE('',*,*,#3163,.T.);
#2060=ORIENTED_EDGE('',*,*,#3618,.F.);
#2061=ORIENTED_EDGE('',*,*,#2827,.F.);
#2062=ORIENTED_EDGE('',*,*,#3616,.T.);
#2063=ORIENTED_EDGE('',*,*,#3164,.T.);
#2064=ORIENTED_EDGE('',*,*,#2690,.T.);
#2065=ORIENTED_EDGE('',*,*,#2831,.F.);
#2066=ORIENTED_EDGE('',*,*,#3619,.T.);
#2067=ORIENTED_EDGE('',*,*,#3162,.T.);
#2068=ORIENTED_EDGE('',*,*,#3620,.F.);
#2069=ORIENTED_EDGE('',*,*,#2822,.F.);
#2070=ORIENTED_EDGE('',*,*,#3621,.T.);
#2071=ORIENTED_EDGE('',*,*,#3159,.T.);
#2072=ORIENTED_EDGE('',*,*,#3622,.F.);
#2073=ORIENTED_EDGE('',*,*,#2825,.F.);
#2074=ORIENTED_EDGE('',*,*,#3623,.T.);
#2075=ORIENTED_EDGE('',*,*,#3160,.T.);
#2076=ORIENTED_EDGE('',*,*,#3621,.F.);
#2077=ORIENTED_EDGE('',*,*,#2824,.F.);
#2078=ORIENTED_EDGE('',*,*,#3620,.T.);
#2079=ORIENTED_EDGE('',*,*,#3161,.T.);
#2080=ORIENTED_EDGE('',*,*,#3623,.F.);
#2081=ORIENTED_EDGE('',*,*,#2823,.F.);
#2082=ORIENTED_EDGE('',*,*,#2688,.T.);
#2083=ORIENTED_EDGE('',*,*,#3157,.T.);
#2084=ORIENTED_EDGE('',*,*,#3619,.F.);
#2085=ORIENTED_EDGE('',*,*,#2821,.F.);
#2086=ORIENTED_EDGE('',*,*,#3622,.T.);
#2087=ORIENTED_EDGE('',*,*,#3158,.T.);
#2088=ORIENTED_EDGE('',*,*,#2686,.T.);
#2089=ORIENTED_EDGE('',*,*,#2826,.F.);
#2090=ORIENTED_EDGE('',*,*,#3624,.T.);
#2091=ORIENTED_EDGE('',*,*,#3156,.T.);
#2092=ORIENTED_EDGE('',*,*,#3625,.F.);
#2093=ORIENTED_EDGE('',*,*,#2817,.F.);
#2094=ORIENTED_EDGE('',*,*,#3626,.T.);
#2095=ORIENTED_EDGE('',*,*,#3154,.T.);
#2096=ORIENTED_EDGE('',*,*,#3627,.F.);
#2097=ORIENTED_EDGE('',*,*,#2819,.F.);
#2098=ORIENTED_EDGE('',*,*,#3625,.T.);
#2099=ORIENTED_EDGE('',*,*,#3155,.T.);
#2100=ORIENTED_EDGE('',*,*,#3626,.F.);
#2101=ORIENTED_EDGE('',*,*,#2818,.F.);
#2102=ORIENTED_EDGE('',*,*,#2680,.T.);
#2103=ORIENTED_EDGE('',*,*,#3152,.T.);
#2104=ORIENTED_EDGE('',*,*,#3624,.F.);
#2105=ORIENTED_EDGE('',*,*,#2816,.F.);
#2106=ORIENTED_EDGE('',*,*,#3627,.T.);
#2107=ORIENTED_EDGE('',*,*,#3153,.T.);
#2108=ORIENTED_EDGE('',*,*,#2678,.T.);
#2109=ORIENTED_EDGE('',*,*,#2820,.F.);
#2110=ORIENTED_EDGE('',*,*,#3628,.T.);
#2111=ORIENTED_EDGE('',*,*,#3146,.T.);
#2112=ORIENTED_EDGE('',*,*,#3629,.F.);
#2113=ORIENTED_EDGE('',*,*,#2809,.F.);
#2114=ORIENTED_EDGE('',*,*,#2674,.T.);
#2115=ORIENTED_EDGE('',*,*,#3144,.T.);
#2116=ORIENTED_EDGE('',*,*,#3628,.F.);
#2117=ORIENTED_EDGE('',*,*,#2808,.F.);
#2118=ORIENTED_EDGE('',*,*,#3629,.T.);
#2119=ORIENTED_EDGE('',*,*,#3145,.T.);
#2120=ORIENTED_EDGE('',*,*,#2676,.T.);
#2121=ORIENTED_EDGE('',*,*,#2810,.F.);
#2122=ORIENTED_EDGE('',*,*,#3630,.T.);
#2123=ORIENTED_EDGE('',*,*,#3388,.T.);
#2124=ORIENTED_EDGE('',*,*,#3631,.F.);
#2125=ORIENTED_EDGE('',*,*,#3005,.F.);
#2126=ORIENTED_EDGE('',*,*,#3632,.T.);
#2127=ORIENTED_EDGE('',*,*,#3389,.T.);
#2128=ORIENTED_EDGE('',*,*,#3630,.F.);
#2129=ORIENTED_EDGE('',*,*,#3004,.F.);
#2130=ORIENTED_EDGE('',*,*,#3633,.T.);
#2131=ORIENTED_EDGE('',*,*,#3390,.T.);
#2132=ORIENTED_EDGE('',*,*,#3632,.F.);
#2133=ORIENTED_EDGE('',*,*,#3009,.F.);
#2134=ORIENTED_EDGE('',*,*,#3634,.T.);
#2135=ORIENTED_EDGE('',*,*,#3391,.T.);
#2136=ORIENTED_EDGE('',*,*,#3633,.F.);
#2137=ORIENTED_EDGE('',*,*,#3008,.F.);
#2138=ORIENTED_EDGE('',*,*,#3635,.T.);
#2139=ORIENTED_EDGE('',*,*,#3392,.T.);
#2140=ORIENTED_EDGE('',*,*,#3634,.F.);
#2141=ORIENTED_EDGE('',*,*,#3007,.F.);
#2142=ORIENTED_EDGE('',*,*,#3631,.T.);
#2143=ORIENTED_EDGE('',*,*,#3393,.T.);
#2144=ORIENTED_EDGE('',*,*,#3635,.F.);
#2145=ORIENTED_EDGE('',*,*,#3006,.F.);
#2146=ORIENTED_EDGE('',*,*,#3636,.T.);
#2147=ORIENTED_EDGE('',*,*,#3262,.T.);
#2148=ORIENTED_EDGE('',*,*,#3637,.F.);
#2149=ORIENTED_EDGE('',*,*,#3011,.F.);
#2150=ORIENTED_EDGE('',*,*,#3638,.T.);
#2151=ORIENTED_EDGE('',*,*,#3263,.T.);
#2152=ORIENTED_EDGE('',*,*,#3636,.F.);
#2153=ORIENTED_EDGE('',*,*,#3010,.F.);
#2154=ORIENTED_EDGE('',*,*,#3639,.T.);
#2155=ORIENTED_EDGE('',*,*,#3264,.T.);
#2156=ORIENTED_EDGE('',*,*,#3638,.F.);
#2157=ORIENTED_EDGE('',*,*,#3015,.F.);
#2158=ORIENTED_EDGE('',*,*,#3640,.T.);
#2159=ORIENTED_EDGE('',*,*,#3265,.T.);
#2160=ORIENTED_EDGE('',*,*,#3639,.F.);
#2161=ORIENTED_EDGE('',*,*,#3014,.F.);
#2162=ORIENTED_EDGE('',*,*,#3641,.T.);
#2163=ORIENTED_EDGE('',*,*,#3266,.T.);
#2164=ORIENTED_EDGE('',*,*,#3640,.F.);
#2165=ORIENTED_EDGE('',*,*,#3013,.F.);
#2166=ORIENTED_EDGE('',*,*,#3637,.T.);
#2167=ORIENTED_EDGE('',*,*,#3267,.T.);
#2168=ORIENTED_EDGE('',*,*,#3641,.F.);
#2169=ORIENTED_EDGE('',*,*,#3012,.F.);
#2170=ORIENTED_EDGE('',*,*,#3642,.T.);
#2171=ORIENTED_EDGE('',*,*,#3126,.T.);
#2172=ORIENTED_EDGE('',*,*,#3643,.F.);
#2173=ORIENTED_EDGE('',*,*,#2789,.F.);
#2174=ORIENTED_EDGE('',*,*,#3644,.T.);
#2175=ORIENTED_EDGE('',*,*,#3127,.T.);
#2176=ORIENTED_EDGE('',*,*,#3642,.F.);
#2177=ORIENTED_EDGE('',*,*,#2788,.F.);
#2178=ORIENTED_EDGE('',*,*,#3643,.T.);
#2179=ORIENTED_EDGE('',*,*,#3125,.T.);
#2180=ORIENTED_EDGE('',*,*,#3645,.F.);
#2181=ORIENTED_EDGE('',*,*,#2790,.F.);
#2182=ORIENTED_EDGE('',*,*,#2666,.T.);
#2183=ORIENTED_EDGE('',*,*,#3123,.T.);
#2184=ORIENTED_EDGE('',*,*,#3644,.F.);
#2185=ORIENTED_EDGE('',*,*,#2787,.F.);
#2186=ORIENTED_EDGE('',*,*,#3645,.T.);
#2187=ORIENTED_EDGE('',*,*,#3124,.T.);
#2188=ORIENTED_EDGE('',*,*,#2668,.T.);
#2189=ORIENTED_EDGE('',*,*,#2791,.F.);
#2190=ORIENTED_EDGE('',*,*,#3646,.T.);
#2191=ORIENTED_EDGE('',*,*,#3143,.T.);
#2192=ORIENTED_EDGE('',*,*,#3647,.F.);
#2193=ORIENTED_EDGE('',*,*,#2806,.F.);
#2194=ORIENTED_EDGE('',*,*,#3647,.T.);
#2195=ORIENTED_EDGE('',*,*,#3142,.T.);
#2196=ORIENTED_EDGE('',*,*,#2658,.T.);
#2197=ORIENTED_EDGE('',*,*,#2807,.F.);
#2198=ORIENTED_EDGE('',*,*,#2660,.T.);
#2199=ORIENTED_EDGE('',*,*,#3141,.T.);
#2200=ORIENTED_EDGE('',*,*,#3646,.F.);
#2201=ORIENTED_EDGE('',*,*,#2805,.F.);
#2202=ORIENTED_EDGE('',*,*,#3648,.T.);
#2203=ORIENTED_EDGE('',*,*,#3394,.T.);
#2204=ORIENTED_EDGE('',*,*,#3649,.F.);
#2205=ORIENTED_EDGE('',*,*,#3017,.F.);
#2206=ORIENTED_EDGE('',*,*,#3650,.T.);
#2207=ORIENTED_EDGE('',*,*,#3395,.T.);
#2208=ORIENTED_EDGE('',*,*,#3648,.F.);
#2209=ORIENTED_EDGE('',*,*,#3016,.F.);
#2210=ORIENTED_EDGE('',*,*,#3651,.T.);
#2211=ORIENTED_EDGE('',*,*,#3396,.T.);
#2212=ORIENTED_EDGE('',*,*,#3650,.F.);
#2213=ORIENTED_EDGE('',*,*,#3021,.F.);
#2214=ORIENTED_EDGE('',*,*,#3652,.T.);
#2215=ORIENTED_EDGE('',*,*,#3397,.T.);
#2216=ORIENTED_EDGE('',*,*,#3651,.F.);
#2217=ORIENTED_EDGE('',*,*,#3020,.F.);
#2218=ORIENTED_EDGE('',*,*,#3653,.T.);
#2219=ORIENTED_EDGE('',*,*,#3398,.T.);
#2220=ORIENTED_EDGE('',*,*,#3652,.F.);
#2221=ORIENTED_EDGE('',*,*,#3019,.F.);
#2222=ORIENTED_EDGE('',*,*,#3649,.T.);
#2223=ORIENTED_EDGE('',*,*,#3399,.T.);
#2224=ORIENTED_EDGE('',*,*,#3653,.F.);
#2225=ORIENTED_EDGE('',*,*,#3018,.F.);
#2226=ORIENTED_EDGE('',*,*,#3654,.T.);
#2227=ORIENTED_EDGE('',*,*,#3256,.T.);
#2228=ORIENTED_EDGE('',*,*,#3655,.F.);
#2229=ORIENTED_EDGE('',*,*,#3023,.F.);
#2230=ORIENTED_EDGE('',*,*,#3656,.T.);
#2231=ORIENTED_EDGE('',*,*,#3257,.T.);
#2232=ORIENTED_EDGE('',*,*,#3654,.F.);
#2233=ORIENTED_EDGE('',*,*,#3022,.F.);
#2234=ORIENTED_EDGE('',*,*,#3657,.T.);
#2235=ORIENTED_EDGE('',*,*,#3258,.T.);
#2236=ORIENTED_EDGE('',*,*,#3656,.F.);
#2237=ORIENTED_EDGE('',*,*,#3027,.F.);
#2238=ORIENTED_EDGE('',*,*,#3658,.T.);
#2239=ORIENTED_EDGE('',*,*,#3259,.T.);
#2240=ORIENTED_EDGE('',*,*,#3657,.F.);
#2241=ORIENTED_EDGE('',*,*,#3026,.F.);
#2242=ORIENTED_EDGE('',*,*,#3659,.T.);
#2243=ORIENTED_EDGE('',*,*,#3260,.T.);
#2244=ORIENTED_EDGE('',*,*,#3658,.F.);
#2245=ORIENTED_EDGE('',*,*,#3025,.F.);
#2246=ORIENTED_EDGE('',*,*,#3655,.T.);
#2247=ORIENTED_EDGE('',*,*,#3261,.T.);
#2248=ORIENTED_EDGE('',*,*,#3659,.F.);
#2249=ORIENTED_EDGE('',*,*,#3024,.F.);
#2250=ORIENTED_EDGE('',*,*,#3660,.T.);
#2251=ORIENTED_EDGE('',*,*,#3135,.T.);
#2252=ORIENTED_EDGE('',*,*,#3661,.F.);
#2253=ORIENTED_EDGE('',*,*,#2798,.F.);
#2254=ORIENTED_EDGE('',*,*,#2662,.T.);
#2255=ORIENTED_EDGE('',*,*,#3133,.T.);
#2256=ORIENTED_EDGE('',*,*,#3660,.F.);
#2257=ORIENTED_EDGE('',*,*,#2797,.F.);
#2258=ORIENTED_EDGE('',*,*,#3661,.T.);
#2259=ORIENTED_EDGE('',*,*,#3134,.T.);
#2260=ORIENTED_EDGE('',*,*,#2664,.T.);
#2261=ORIENTED_EDGE('',*,*,#2799,.F.);
#2262=ORIENTED_EDGE('',*,*,#3662,.T.);
#2263=ORIENTED_EDGE('',*,*,#3250,.T.);
#2264=ORIENTED_EDGE('',*,*,#3663,.F.);
#2265=ORIENTED_EDGE('',*,*,#3029,.F.);
#2266=ORIENTED_EDGE('',*,*,#3664,.T.);
#2267=ORIENTED_EDGE('',*,*,#3251,.T.);
#2268=ORIENTED_EDGE('',*,*,#3662,.F.);
#2269=ORIENTED_EDGE('',*,*,#3028,.F.);
#2270=ORIENTED_EDGE('',*,*,#3665,.T.);
#2271=ORIENTED_EDGE('',*,*,#3252,.T.);
#2272=ORIENTED_EDGE('',*,*,#3664,.F.);
#2273=ORIENTED_EDGE('',*,*,#3033,.F.);
#2274=ORIENTED_EDGE('',*,*,#3666,.T.);
#2275=ORIENTED_EDGE('',*,*,#3253,.T.);
#2276=ORIENTED_EDGE('',*,*,#3665,.F.);
#2277=ORIENTED_EDGE('',*,*,#3032,.F.);
#2278=ORIENTED_EDGE('',*,*,#3667,.T.);
#2279=ORIENTED_EDGE('',*,*,#3254,.T.);
#2280=ORIENTED_EDGE('',*,*,#3666,.F.);
#2281=ORIENTED_EDGE('',*,*,#3031,.F.);
#2282=ORIENTED_EDGE('',*,*,#3663,.T.);
#2283=ORIENTED_EDGE('',*,*,#3255,.T.);
#2284=ORIENTED_EDGE('',*,*,#3667,.F.);
#2285=ORIENTED_EDGE('',*,*,#3030,.F.);
#2286=ORIENTED_EDGE('',*,*,#3668,.T.);
#2287=ORIENTED_EDGE('',*,*,#3400,.T.);
#2288=ORIENTED_EDGE('',*,*,#3669,.F.);
#2289=ORIENTED_EDGE('',*,*,#3035,.F.);
#2290=ORIENTED_EDGE('',*,*,#3670,.T.);
#2291=ORIENTED_EDGE('',*,*,#3401,.T.);
#2292=ORIENTED_EDGE('',*,*,#3668,.F.);
#2293=ORIENTED_EDGE('',*,*,#3034,.F.);
#2294=ORIENTED_EDGE('',*,*,#3671,.T.);
#2295=ORIENTED_EDGE('',*,*,#3402,.T.);
#2296=ORIENTED_EDGE('',*,*,#3670,.F.);
#2297=ORIENTED_EDGE('',*,*,#3039,.F.);
#2298=ORIENTED_EDGE('',*,*,#3672,.T.);
#2299=ORIENTED_EDGE('',*,*,#3403,.T.);
#2300=ORIENTED_EDGE('',*,*,#3671,.F.);
#2301=ORIENTED_EDGE('',*,*,#3038,.F.);
#2302=ORIENTED_EDGE('',*,*,#3673,.T.);
#2303=ORIENTED_EDGE('',*,*,#3404,.T.);
#2304=ORIENTED_EDGE('',*,*,#3672,.F.);
#2305=ORIENTED_EDGE('',*,*,#3037,.F.);
#2306=ORIENTED_EDGE('',*,*,#3669,.T.);
#2307=ORIENTED_EDGE('',*,*,#3405,.T.);
#2308=ORIENTED_EDGE('',*,*,#3673,.F.);
#2309=ORIENTED_EDGE('',*,*,#3036,.F.);
#2310=ORIENTED_EDGE('',*,*,#3674,.T.);
#2311=ORIENTED_EDGE('',*,*,#3244,.T.);
#2312=ORIENTED_EDGE('',*,*,#3675,.F.);
#2313=ORIENTED_EDGE('',*,*,#3041,.F.);
#2314=ORIENTED_EDGE('',*,*,#3676,.T.);
#2315=ORIENTED_EDGE('',*,*,#3245,.T.);
#2316=ORIENTED_EDGE('',*,*,#3674,.F.);
#2317=ORIENTED_EDGE('',*,*,#3040,.F.);
#2318=ORIENTED_EDGE('',*,*,#3677,.T.);
#2319=ORIENTED_EDGE('',*,*,#3246,.T.);
#2320=ORIENTED_EDGE('',*,*,#3676,.F.);
#2321=ORIENTED_EDGE('',*,*,#3045,.F.);
#2322=ORIENTED_EDGE('',*,*,#3678,.T.);
#2323=ORIENTED_EDGE('',*,*,#3247,.T.);
#2324=ORIENTED_EDGE('',*,*,#3677,.F.);
#2325=ORIENTED_EDGE('',*,*,#3044,.F.);
#2326=ORIENTED_EDGE('',*,*,#3679,.T.);
#2327=ORIENTED_EDGE('',*,*,#3248,.T.);
#2328=ORIENTED_EDGE('',*,*,#3678,.F.);
#2329=ORIENTED_EDGE('',*,*,#3043,.F.);
#2330=ORIENTED_EDGE('',*,*,#3675,.T.);
#2331=ORIENTED_EDGE('',*,*,#3249,.T.);
#2332=ORIENTED_EDGE('',*,*,#3679,.F.);
#2333=ORIENTED_EDGE('',*,*,#3042,.F.);
#2334=ORIENTED_EDGE('',*,*,#3680,.T.);
#2335=ORIENTED_EDGE('',*,*,#3406,.T.);
#2336=ORIENTED_EDGE('',*,*,#3681,.F.);
#2337=ORIENTED_EDGE('',*,*,#3047,.F.);
#2338=ORIENTED_EDGE('',*,*,#3682,.T.);
#2339=ORIENTED_EDGE('',*,*,#3407,.T.);
#2340=ORIENTED_EDGE('',*,*,#3680,.F.);
#2341=ORIENTED_EDGE('',*,*,#3046,.F.);
#2342=ORIENTED_EDGE('',*,*,#3683,.T.);
#2343=ORIENTED_EDGE('',*,*,#3408,.T.);
#2344=ORIENTED_EDGE('',*,*,#3682,.F.);
#2345=ORIENTED_EDGE('',*,*,#3051,.F.);
#2346=ORIENTED_EDGE('',*,*,#3684,.T.);
#2347=ORIENTED_EDGE('',*,*,#3409,.T.);
#2348=ORIENTED_EDGE('',*,*,#3683,.F.);
#2349=ORIENTED_EDGE('',*,*,#3050,.F.);
#2350=ORIENTED_EDGE('',*,*,#3685,.T.);
#2351=ORIENTED_EDGE('',*,*,#3410,.T.);
#2352=ORIENTED_EDGE('',*,*,#3684,.F.);
#2353=ORIENTED_EDGE('',*,*,#3049,.F.);
#2354=ORIENTED_EDGE('',*,*,#3681,.T.);
#2355=ORIENTED_EDGE('',*,*,#3411,.T.);
#2356=ORIENTED_EDGE('',*,*,#3685,.F.);
#2357=ORIENTED_EDGE('',*,*,#3048,.F.);
#2358=ORIENTED_EDGE('',*,*,#3686,.T.);
#2359=ORIENTED_EDGE('',*,*,#3108,.T.);
#2360=ORIENTED_EDGE('',*,*,#3687,.F.);
#2361=ORIENTED_EDGE('',*,*,#2774,.F.);
#2362=ORIENTED_EDGE('',*,*,#3688,.T.);
#2363=ORIENTED_EDGE('',*,*,#3109,.T.);
#2364=ORIENTED_EDGE('',*,*,#3686,.F.);
#2365=ORIENTED_EDGE('',*,*,#2773,.F.);
#2366=ORIENTED_EDGE('',*,*,#3689,.T.);
#2367=ORIENTED_EDGE('',*,*,#3110,.T.);
#2368=ORIENTED_EDGE('',*,*,#3688,.F.);
#2369=ORIENTED_EDGE('',*,*,#2772,.F.);
#2370=ORIENTED_EDGE('',*,*,#3690,.T.);
#2371=ORIENTED_EDGE('',*,*,#3111,.T.);
#2372=ORIENTED_EDGE('',*,*,#3689,.F.);
#2373=ORIENTED_EDGE('',*,*,#2771,.F.);
#2374=ORIENTED_EDGE('',*,*,#2646,.T.);
#2375=ORIENTED_EDGE('',*,*,#3106,.T.);
#2376=ORIENTED_EDGE('',*,*,#3690,.F.);
#2377=ORIENTED_EDGE('',*,*,#2770,.F.);
#2378=ORIENTED_EDGE('',*,*,#3687,.T.);
#2379=ORIENTED_EDGE('',*,*,#3107,.T.);
#2380=ORIENTED_EDGE('',*,*,#2648,.T.);
#2381=ORIENTED_EDGE('',*,*,#2775,.F.);
#2382=ORIENTED_EDGE('',*,*,#3691,.T.);
#2383=ORIENTED_EDGE('',*,*,#3412,.T.);
#2384=ORIENTED_EDGE('',*,*,#3692,.F.);
#2385=ORIENTED_EDGE('',*,*,#3053,.F.);
#2386=ORIENTED_EDGE('',*,*,#3693,.T.);
#2387=ORIENTED_EDGE('',*,*,#3413,.T.);
#2388=ORIENTED_EDGE('',*,*,#3691,.F.);
#2389=ORIENTED_EDGE('',*,*,#3052,.F.);
#2390=ORIENTED_EDGE('',*,*,#3694,.T.);
#2391=ORIENTED_EDGE('',*,*,#3414,.T.);
#2392=ORIENTED_EDGE('',*,*,#3693,.F.);
#2393=ORIENTED_EDGE('',*,*,#3057,.F.);
#2394=ORIENTED_EDGE('',*,*,#3695,.T.);
#2395=ORIENTED_EDGE('',*,*,#3415,.T.);
#2396=ORIENTED_EDGE('',*,*,#3694,.F.);
#2397=ORIENTED_EDGE('',*,*,#3056,.F.);
#2398=ORIENTED_EDGE('',*,*,#3696,.T.);
#2399=ORIENTED_EDGE('',*,*,#3416,.T.);
#2400=ORIENTED_EDGE('',*,*,#3695,.F.);
#2401=ORIENTED_EDGE('',*,*,#3055,.F.);
#2402=ORIENTED_EDGE('',*,*,#3692,.T.);
#2403=ORIENTED_EDGE('',*,*,#3417,.T.);
#2404=ORIENTED_EDGE('',*,*,#3696,.F.);
#2405=ORIENTED_EDGE('',*,*,#3054,.F.);
#2406=ORIENTED_EDGE('',*,*,#3697,.T.);
#2407=ORIENTED_EDGE('',*,*,#3238,.T.);
#2408=ORIENTED_EDGE('',*,*,#3698,.F.);
#2409=ORIENTED_EDGE('',*,*,#3059,.F.);
#2410=ORIENTED_EDGE('',*,*,#3699,.T.);
#2411=ORIENTED_EDGE('',*,*,#3239,.T.);
#2412=ORIENTED_EDGE('',*,*,#3697,.F.);
#2413=ORIENTED_EDGE('',*,*,#3058,.F.);
#2414=ORIENTED_EDGE('',*,*,#3700,.T.);
#2415=ORIENTED_EDGE('',*,*,#3240,.T.);
#2416=ORIENTED_EDGE('',*,*,#3699,.F.);
#2417=ORIENTED_EDGE('',*,*,#3063,.F.);
#2418=ORIENTED_EDGE('',*,*,#3701,.T.);
#2419=ORIENTED_EDGE('',*,*,#3241,.T.);
#2420=ORIENTED_EDGE('',*,*,#3700,.F.);
#2421=ORIENTED_EDGE('',*,*,#3062,.F.);
#2422=ORIENTED_EDGE('',*,*,#3702,.T.);
#2423=ORIENTED_EDGE('',*,*,#3242,.T.);
#2424=ORIENTED_EDGE('',*,*,#3701,.F.);
#2425=ORIENTED_EDGE('',*,*,#3061,.F.);
#2426=ORIENTED_EDGE('',*,*,#3698,.T.);
#2427=ORIENTED_EDGE('',*,*,#3243,.T.);
#2428=ORIENTED_EDGE('',*,*,#3702,.F.);
#2429=ORIENTED_EDGE('',*,*,#3060,.F.);
#2430=ORIENTED_EDGE('',*,*,#3703,.T.);
#2431=ORIENTED_EDGE('',*,*,#3418,.T.);
#2432=ORIENTED_EDGE('',*,*,#3704,.F.);
#2433=ORIENTED_EDGE('',*,*,#3065,.F.);
#2434=ORIENTED_EDGE('',*,*,#3705,.T.);
#2435=ORIENTED_EDGE('',*,*,#3419,.T.);
#2436=ORIENTED_EDGE('',*,*,#3703,.F.);
#2437=ORIENTED_EDGE('',*,*,#3064,.F.);
#2438=ORIENTED_EDGE('',*,*,#3706,.T.);
#2439=ORIENTED_EDGE('',*,*,#3420,.T.);
#2440=ORIENTED_EDGE('',*,*,#3705,.F.);
#2441=ORIENTED_EDGE('',*,*,#3069,.F.);
#2442=ORIENTED_EDGE('',*,*,#3707,.T.);
#2443=ORIENTED_EDGE('',*,*,#3421,.T.);
#2444=ORIENTED_EDGE('',*,*,#3706,.F.);
#2445=ORIENTED_EDGE('',*,*,#3068,.F.);
#2446=ORIENTED_EDGE('',*,*,#3708,.T.);
#2447=ORIENTED_EDGE('',*,*,#3422,.T.);
#2448=ORIENTED_EDGE('',*,*,#3707,.F.);
#2449=ORIENTED_EDGE('',*,*,#3067,.F.);
#2450=ORIENTED_EDGE('',*,*,#3704,.T.);
#2451=ORIENTED_EDGE('',*,*,#3423,.T.);
#2452=ORIENTED_EDGE('',*,*,#3708,.F.);
#2453=ORIENTED_EDGE('',*,*,#3066,.F.);
#2454=ORIENTED_EDGE('',*,*,#3709,.T.);
#2455=ORIENTED_EDGE('',*,*,#3232,.T.);
#2456=ORIENTED_EDGE('',*,*,#3710,.F.);
#2457=ORIENTED_EDGE('',*,*,#3071,.F.);
#2458=ORIENTED_EDGE('',*,*,#3711,.T.);
#2459=ORIENTED_EDGE('',*,*,#3233,.T.);
#2460=ORIENTED_EDGE('',*,*,#3709,.F.);
#2461=ORIENTED_EDGE('',*,*,#3070,.F.);
#2462=ORIENTED_EDGE('',*,*,#3712,.T.);
#2463=ORIENTED_EDGE('',*,*,#3234,.T.);
#2464=ORIENTED_EDGE('',*,*,#3711,.F.);
#2465=ORIENTED_EDGE('',*,*,#3075,.F.);
#2466=ORIENTED_EDGE('',*,*,#3713,.T.);
#2467=ORIENTED_EDGE('',*,*,#3235,.T.);
#2468=ORIENTED_EDGE('',*,*,#3712,.F.);
#2469=ORIENTED_EDGE('',*,*,#3074,.F.);
#2470=ORIENTED_EDGE('',*,*,#3714,.T.);
#2471=ORIENTED_EDGE('',*,*,#3236,.T.);
#2472=ORIENTED_EDGE('',*,*,#3713,.F.);
#2473=ORIENTED_EDGE('',*,*,#3073,.F.);
#2474=ORIENTED_EDGE('',*,*,#3710,.T.);
#2475=ORIENTED_EDGE('',*,*,#3237,.T.);
#2476=ORIENTED_EDGE('',*,*,#3714,.F.);
#2477=ORIENTED_EDGE('',*,*,#3072,.F.);
#2478=ORIENTED_EDGE('',*,*,#3715,.T.);
#2479=ORIENTED_EDGE('',*,*,#3424,.T.);
#2480=ORIENTED_EDGE('',*,*,#3716,.F.);
#2481=ORIENTED_EDGE('',*,*,#3077,.F.);
#2482=ORIENTED_EDGE('',*,*,#3717,.T.);
#2483=ORIENTED_EDGE('',*,*,#3425,.T.);
#2484=ORIENTED_EDGE('',*,*,#3715,.F.);
#2485=ORIENTED_EDGE('',*,*,#3076,.F.);
#2486=ORIENTED_EDGE('',*,*,#3718,.T.);
#2487=ORIENTED_EDGE('',*,*,#3426,.T.);
#2488=ORIENTED_EDGE('',*,*,#3717,.F.);
#2489=ORIENTED_EDGE('',*,*,#3081,.F.);
#2490=ORIENTED_EDGE('',*,*,#3719,.T.);
#2491=ORIENTED_EDGE('',*,*,#3427,.T.);
#2492=ORIENTED_EDGE('',*,*,#3718,.F.);
#2493=ORIENTED_EDGE('',*,*,#3080,.F.);
#2494=ORIENTED_EDGE('',*,*,#3720,.T.);
#2495=ORIENTED_EDGE('',*,*,#3428,.T.);
#2496=ORIENTED_EDGE('',*,*,#3719,.F.);
#2497=ORIENTED_EDGE('',*,*,#3079,.F.);
#2498=ORIENTED_EDGE('',*,*,#3716,.T.);
#2499=ORIENTED_EDGE('',*,*,#3429,.T.);
#2500=ORIENTED_EDGE('',*,*,#3720,.F.);
#2501=ORIENTED_EDGE('',*,*,#3078,.F.);
#2502=ORIENTED_EDGE('',*,*,#3721,.T.);
#2503=ORIENTED_EDGE('',*,*,#3121,.T.);
#2504=ORIENTED_EDGE('',*,*,#3722,.F.);
#2505=ORIENTED_EDGE('',*,*,#2783,.F.);
#2506=ORIENTED_EDGE('',*,*,#3723,.T.);
#2507=ORIENTED_EDGE('',*,*,#3122,.T.);
#2508=ORIENTED_EDGE('',*,*,#3721,.F.);
#2509=ORIENTED_EDGE('',*,*,#2782,.F.);
#2510=ORIENTED_EDGE('',*,*,#3724,.T.);
#2511=ORIENTED_EDGE('',*,*,#3119,.T.);
#2512=ORIENTED_EDGE('',*,*,#3725,.F.);
#2513=ORIENTED_EDGE('',*,*,#2785,.F.);
#2514=ORIENTED_EDGE('',*,*,#3722,.T.);
#2515=ORIENTED_EDGE('',*,*,#3120,.T.);
#2516=ORIENTED_EDGE('',*,*,#3724,.F.);
#2517=ORIENTED_EDGE('',*,*,#2784,.F.);
#2518=ORIENTED_EDGE('',*,*,#2650,.T.);
#2519=ORIENTED_EDGE('',*,*,#3117,.T.);
#2520=ORIENTED_EDGE('',*,*,#3723,.F.);
#2521=ORIENTED_EDGE('',*,*,#2781,.F.);
#2522=ORIENTED_EDGE('',*,*,#3725,.T.);
#2523=ORIENTED_EDGE('',*,*,#3118,.T.);
#2524=ORIENTED_EDGE('',*,*,#2652,.T.);
#2525=ORIENTED_EDGE('',*,*,#2786,.F.);
#2526=ORIENTED_EDGE('',*,*,#3726,.T.);
#2527=ORIENTED_EDGE('',*,*,#3430,.T.);
#2528=ORIENTED_EDGE('',*,*,#3727,.F.);
#2529=ORIENTED_EDGE('',*,*,#3083,.F.);
#2530=ORIENTED_EDGE('',*,*,#3728,.T.);
#2531=ORIENTED_EDGE('',*,*,#3431,.T.);
#2532=ORIENTED_EDGE('',*,*,#3726,.F.);
#2533=ORIENTED_EDGE('',*,*,#3082,.F.);
#2534=ORIENTED_EDGE('',*,*,#3729,.T.);
#2535=ORIENTED_EDGE('',*,*,#3432,.T.);
#2536=ORIENTED_EDGE('',*,*,#3728,.F.);
#2537=ORIENTED_EDGE('',*,*,#3087,.F.);
#2538=ORIENTED_EDGE('',*,*,#3730,.T.);
#2539=ORIENTED_EDGE('',*,*,#3433,.T.);
#2540=ORIENTED_EDGE('',*,*,#3729,.F.);
#2541=ORIENTED_EDGE('',*,*,#3086,.F.);
#2542=ORIENTED_EDGE('',*,*,#3731,.T.);
#2543=ORIENTED_EDGE('',*,*,#3434,.T.);
#2544=ORIENTED_EDGE('',*,*,#3730,.F.);
#2545=ORIENTED_EDGE('',*,*,#3085,.F.);
#2546=ORIENTED_EDGE('',*,*,#3727,.T.);
#2547=ORIENTED_EDGE('',*,*,#3435,.T.);
#2548=ORIENTED_EDGE('',*,*,#3731,.F.);
#2549=ORIENTED_EDGE('',*,*,#3084,.F.);
#2550=ORIENTED_EDGE('',*,*,#3732,.T.);
#2551=ORIENTED_EDGE('',*,*,#3226,.T.);
#2552=ORIENTED_EDGE('',*,*,#3733,.F.);
#2553=ORIENTED_EDGE('',*,*,#3089,.F.);
#2554=ORIENTED_EDGE('',*,*,#3734,.T.);
#2555=ORIENTED_EDGE('',*,*,#3227,.T.);
#2556=ORIENTED_EDGE('',*,*,#3732,.F.);
#2557=ORIENTED_EDGE('',*,*,#3088,.F.);
#2558=ORIENTED_EDGE('',*,*,#3735,.T.);
#2559=ORIENTED_EDGE('',*,*,#3228,.T.);
#2560=ORIENTED_EDGE('',*,*,#3734,.F.);
#2561=ORIENTED_EDGE('',*,*,#3093,.F.);
#2562=ORIENTED_EDGE('',*,*,#3736,.T.);
#2563=ORIENTED_EDGE('',*,*,#3229,.T.);
#2564=ORIENTED_EDGE('',*,*,#3735,.F.);
#2565=ORIENTED_EDGE('',*,*,#3092,.F.);
#2566=ORIENTED_EDGE('',*,*,#3737,.T.);
#2567=ORIENTED_EDGE('',*,*,#3230,.T.);
#2568=ORIENTED_EDGE('',*,*,#3736,.F.);
#2569=ORIENTED_EDGE('',*,*,#3091,.F.);
#2570=ORIENTED_EDGE('',*,*,#3733,.T.);
#2571=ORIENTED_EDGE('',*,*,#3231,.T.);
#2572=ORIENTED_EDGE('',*,*,#3737,.F.);
#2573=ORIENTED_EDGE('',*,*,#3090,.F.);
#2574=ORIENTED_EDGE('',*,*,#3738,.T.);
#2575=ORIENTED_EDGE('',*,*,#3436,.T.);
#2576=ORIENTED_EDGE('',*,*,#3739,.F.);
#2577=ORIENTED_EDGE('',*,*,#3095,.F.);
#2578=ORIENTED_EDGE('',*,*,#3740,.T.);
#2579=ORIENTED_EDGE('',*,*,#3437,.T.);
#2580=ORIENTED_EDGE('',*,*,#3738,.F.);
#2581=ORIENTED_EDGE('',*,*,#3094,.F.);
#2582=ORIENTED_EDGE('',*,*,#3741,.T.);
#2583=ORIENTED_EDGE('',*,*,#3438,.T.);
#2584=ORIENTED_EDGE('',*,*,#3740,.F.);
#2585=ORIENTED_EDGE('',*,*,#3099,.F.);
#2586=ORIENTED_EDGE('',*,*,#3742,.T.);
#2587=ORIENTED_EDGE('',*,*,#3439,.T.);
#2588=ORIENTED_EDGE('',*,*,#3741,.F.);
#2589=ORIENTED_EDGE('',*,*,#3098,.F.);
#2590=ORIENTED_EDGE('',*,*,#3743,.T.);
#2591=ORIENTED_EDGE('',*,*,#3440,.T.);
#2592=ORIENTED_EDGE('',*,*,#3742,.F.);
#2593=ORIENTED_EDGE('',*,*,#3097,.F.);
#2594=ORIENTED_EDGE('',*,*,#3739,.T.);
#2595=ORIENTED_EDGE('',*,*,#3441,.T.);
#2596=ORIENTED_EDGE('',*,*,#3743,.F.);
#2597=ORIENTED_EDGE('',*,*,#3096,.F.);
#2598=ORIENTED_EDGE('',*,*,#3744,.T.);
#2599=ORIENTED_EDGE('',*,*,#3220,.T.);
#2600=ORIENTED_EDGE('',*,*,#3745,.F.);
#2601=ORIENTED_EDGE('',*,*,#3101,.F.);
#2602=ORIENTED_EDGE('',*,*,#3746,.T.);
#2603=ORIENTED_EDGE('',*,*,#3221,.T.);
#2604=ORIENTED_EDGE('',*,*,#3744,.F.);
#2605=ORIENTED_EDGE('',*,*,#3100,.F.);
#2606=ORIENTED_EDGE('',*,*,#3747,.T.);
#2607=ORIENTED_EDGE('',*,*,#3222,.T.);
#2608=ORIENTED_EDGE('',*,*,#3746,.F.);
#2609=ORIENTED_EDGE('',*,*,#3105,.F.);
#2610=ORIENTED_EDGE('',*,*,#3748,.T.);
#2611=ORIENTED_EDGE('',*,*,#3223,.T.);
#2612=ORIENTED_EDGE('',*,*,#3747,.F.);
#2613=ORIENTED_EDGE('',*,*,#3104,.F.);
#2614=ORIENTED_EDGE('',*,*,#3749,.T.);
#2615=ORIENTED_EDGE('',*,*,#3224,.T.);
#2616=ORIENTED_EDGE('',*,*,#3748,.F.);
#2617=ORIENTED_EDGE('',*,*,#3103,.F.);
#2618=ORIENTED_EDGE('',*,*,#3745,.T.);
#2619=ORIENTED_EDGE('',*,*,#3225,.T.);
#2620=ORIENTED_EDGE('',*,*,#3749,.F.);
#2621=ORIENTED_EDGE('',*,*,#3102,.F.);
#2622=ORIENTED_EDGE('',*,*,#3750,.T.);
#2623=ORIENTED_EDGE('',*,*,#3114,.T.);
#2624=ORIENTED_EDGE('',*,*,#3751,.F.);
#2625=ORIENTED_EDGE('',*,*,#2779,.F.);
#2626=ORIENTED_EDGE('',*,*,#3752,.T.);
#2627=ORIENTED_EDGE('',*,*,#3115,.T.);
#2628=ORIENTED_EDGE('',*,*,#3750,.F.);
#2629=ORIENTED_EDGE('',*,*,#2778,.F.);
#2630=ORIENTED_EDGE('',*,*,#3753,.T.);
#2631=ORIENTED_EDGE('',*,*,#3116,.T.);
#2632=ORIENTED_EDGE('',*,*,#3752,.F.);
#2633=ORIENTED_EDGE('',*,*,#2777,.F.);
#2634=ORIENTED_EDGE('',*,*,#3751,.T.);
#2635=ORIENTED_EDGE('',*,*,#3113,.T.);
#2636=ORIENTED_EDGE('',*,*,#2642,.T.);
#2637=ORIENTED_EDGE('',*,*,#2780,.F.);
#2638=ORIENTED_EDGE('',*,*,#2644,.T.);
#2639=ORIENTED_EDGE('',*,*,#3112,.T.);
#2640=ORIENTED_EDGE('',*,*,#3753,.F.);
#2641=ORIENTED_EDGE('',*,*,#2776,.F.);
#2642=EDGE_CURVE('',#3754,#3755,#4498,.F.);
#2643=EDGE_CURVE('',#3756,#3754,#354,.T.);
#2644=EDGE_CURVE('',#3757,#3756,#4499,.T.);
#2645=EDGE_CURVE('',#3757,#3755,#355,.T.);
#2646=EDGE_CURVE('',#3758,#3759,#4500,.T.);
#2647=EDGE_CURVE('',#3758,#3760,#356,.T.);
#2648=EDGE_CURVE('',#3761,#3760,#4501,.F.);
#2649=EDGE_CURVE('',#3759,#3761,#357,.T.);
#2650=EDGE_CURVE('',#3762,#3763,#4502,.T.);
#2651=EDGE_CURVE('',#3762,#3764,#358,.T.);
#2652=EDGE_CURVE('',#3765,#3764,#4503,.F.);
#2653=EDGE_CURVE('',#3763,#3765,#359,.T.);
#2654=EDGE_CURVE('',#3766,#3767,#4504,.F.);
#2655=EDGE_CURVE('',#3768,#3766,#360,.T.);
#2656=EDGE_CURVE('',#3769,#3768,#4505,.T.);
#2657=EDGE_CURVE('',#3769,#3767,#361,.T.);
#2658=EDGE_CURVE('',#3770,#3771,#4506,.F.);
#2659=EDGE_CURVE('',#3772,#3770,#362,.T.);
#2660=EDGE_CURVE('',#3773,#3772,#4507,.T.);
#2661=EDGE_CURVE('',#3773,#3771,#363,.T.);
#2662=EDGE_CURVE('',#3774,#3775,#4508,.T.);
#2663=EDGE_CURVE('',#3774,#3776,#364,.T.);
#2664=EDGE_CURVE('',#3777,#3776,#4509,.F.);
#2665=EDGE_CURVE('',#3775,#3777,#365,.T.);
#2666=EDGE_CURVE('',#3778,#3779,#4510,.T.);
#2667=EDGE_CURVE('',#3778,#3780,#366,.T.);
#2668=EDGE_CURVE('',#3781,#3780,#4511,.F.);
#2669=EDGE_CURVE('',#3779,#3781,#367,.T.);
#2670=EDGE_CURVE('',#3782,#3783,#4512,.T.);
#2671=EDGE_CURVE('',#3782,#3784,#368,.T.);
#2672=EDGE_CURVE('',#3785,#3784,#4513,.F.);
#2673=EDGE_CURVE('',#3783,#3785,#369,.T.);
#2674=EDGE_CURVE('',#3786,#3787,#4514,.T.);
#2675=EDGE_CURVE('',#3786,#3788,#370,.T.);
#2676=EDGE_CURVE('',#3789,#3788,#4515,.F.);
#2677=EDGE_CURVE('',#3787,#3789,#371,.T.);
#2678=EDGE_CURVE('',#3790,#3791,#4516,.F.);
#2679=EDGE_CURVE('',#3792,#3790,#372,.T.);
#2680=EDGE_CURVE('',#3793,#3792,#4517,.T.);
#2681=EDGE_CURVE('',#3793,#3791,#373,.T.);
#2682=EDGE_CURVE('',#3794,#3795,#4518,.T.);
#2683=EDGE_CURVE('',#3794,#3796,#374,.T.);
#2684=EDGE_CURVE('',#3797,#3796,#4519,.F.);
#2685=EDGE_CURVE('',#3795,#3797,#375,.T.);
#2686=EDGE_CURVE('',#3798,#3799,#4520,.F.);
#2687=EDGE_CURVE('',#3800,#3798,#376,.T.);
#2688=EDGE_CURVE('',#3801,#3800,#4521,.T.);
#2689=EDGE_CURVE('',#3801,#3799,#377,.T.);
#2690=EDGE_CURVE('',#3802,#3803,#4522,.F.);
#2691=EDGE_CURVE('',#3804,#3802,#378,.T.);
#2692=EDGE_CURVE('',#3805,#3804,#4523,.T.);
#2693=EDGE_CURVE('',#3805,#3803,#379,.T.);
#2694=EDGE_CURVE('',#3806,#3807,#4524,.F.);
#2695=EDGE_CURVE('',#3808,#3806,#380,.T.);
#2696=EDGE_CURVE('',#3809,#3808,#4525,.T.);
#2697=EDGE_CURVE('',#3809,#3807,#381,.T.);
#2698=EDGE_CURVE('',#3810,#3811,#4526,.F.);
#2699=EDGE_CURVE('',#3812,#3810,#382,.T.);
#2700=EDGE_CURVE('',#3813,#3812,#4527,.T.);
#2701=EDGE_CURVE('',#3813,#3811,#383,.T.);
#2702=EDGE_CURVE('',#3814,#3815,#4528,.T.);
#2703=EDGE_CURVE('',#3814,#3816,#384,.T.);
#2704=EDGE_CURVE('',#3817,#3816,#4529,.F.);
#2705=EDGE_CURVE('',#3815,#3817,#385,.T.);
#2706=EDGE_CURVE('',#3818,#3819,#4530,.F.);
#2707=EDGE_CURVE('',#3820,#3818,#386,.T.);
#2708=EDGE_CURVE('',#3821,#3820,#4531,.T.);
#2709=EDGE_CURVE('',#3821,#3819,#387,.T.);
#2710=EDGE_CURVE('',#3822,#3823,#4532,.T.);
#2711=EDGE_CURVE('',#3822,#3824,#388,.T.);
#2712=EDGE_CURVE('',#3825,#3824,#4533,.F.);
#2713=EDGE_CURVE('',#3823,#3825,#389,.T.);
#2714=EDGE_CURVE('',#3826,#3827,#4534,.T.);
#2715=EDGE_CURVE('',#3826,#3828,#390,.T.);
#2716=EDGE_CURVE('',#3829,#3828,#4535,.F.);
#2717=EDGE_CURVE('',#3827,#3829,#391,.T.);
#2718=EDGE_CURVE('',#3830,#3831,#4536,.T.);
#2719=EDGE_CURVE('',#3830,#3832,#392,.T.);
#2720=EDGE_CURVE('',#3833,#3832,#4537,.F.);
#2721=EDGE_CURVE('',#3831,#3833,#393,.T.);
#2722=EDGE_CURVE('',#3834,#3835,#4538,.F.);
#2723=EDGE_CURVE('',#3836,#3834,#394,.T.);
#2724=EDGE_CURVE('',#3837,#3836,#4539,.T.);
#2725=EDGE_CURVE('',#3837,#3835,#395,.T.);
#2726=EDGE_CURVE('',#3838,#3839,#4540,.F.);
#2727=EDGE_CURVE('',#3840,#3838,#396,.T.);
#2728=EDGE_CURVE('',#3841,#3840,#4541,.T.);
#2729=EDGE_CURVE('',#3841,#3839,#397,.T.);
#2730=EDGE_CURVE('',#3842,#3843,#4542,.T.);
#2731=EDGE_CURVE('',#3842,#3844,#398,.T.);
#2732=EDGE_CURVE('',#3845,#3844,#4543,.F.);
#2733=EDGE_CURVE('',#3843,#3845,#399,.T.);
#2734=EDGE_CURVE('',#3846,#3847,#400,.T.);
#2735=EDGE_CURVE('',#3848,#3847,#4544,.T.);
#2736=EDGE_CURVE('',#3849,#3848,#401,.T.);
#2737=EDGE_CURVE('',#3849,#3846,#4545,.T.);
#2738=EDGE_CURVE('',#3847,#3850,#4546,.T.);
#2739=EDGE_CURVE('',#3851,#3850,#4547,.T.);
#2740=EDGE_CURVE('',#3848,#3851,#4548,.T.);
#2741=EDGE_CURVE('',#3850,#3852,#402,.T.);
#2742=EDGE_CURVE('',#3853,#3852,#4549,.T.);
#2743=EDGE_CURVE('',#3851,#3853,#403,.T.);
#2744=EDGE_CURVE('',#3852,#3854,#4550,.T.);
#2745=EDGE_CURVE('',#3855,#3854,#4551,.T.);
#2746=EDGE_CURVE('',#3853,#3855,#4552,.T.);
#2747=EDGE_CURVE('',#3854,#3856,#404,.T.);
#2748=EDGE_CURVE('',#3857,#3856,#4553,.T.);
#2749=EDGE_CURVE('',#3855,#3857,#405,.T.);
#2750=EDGE_CURVE('',#3858,#3856,#4554,.T.);
#2751=EDGE_CURVE('',#3859,#3858,#4555,.T.);
#2752=EDGE_CURVE('',#3859,#3857,#4556,.T.);
#2753=EDGE_CURVE('',#3858,#3860,#406,.T.);
#2754=EDGE_CURVE('',#3861,#3860,#4557,.T.);
#2755=EDGE_CURVE('',#3859,#3861,#407,.T.);
#2756=EDGE_CURVE('',#3862,#3862,#408,.T.);
#2757=EDGE_CURVE('',#3863,#3863,#409,.T.);
#2758=EDGE_CURVE('',#3864,#3864,#410,.T.);
#2759=EDGE_CURVE('',#3865,#3865,#411,.T.);
#2760=EDGE_CURVE('',#3866,#3866,#412,.T.);
#2761=EDGE_CURVE('',#3867,#3867,#413,.T.);
#2762=EDGE_CURVE('',#3868,#3868,#414,.T.);
#2763=EDGE_CURVE('',#3869,#3869,#415,.T.);
#2764=EDGE_CURVE('',#3870,#3871,#4558,.T.);
#2765=EDGE_CURVE('',#3870,#3872,#416,.T.);
#2766=EDGE_CURVE('',#3873,#3872,#4559,.F.);
#2767=EDGE_CURVE('',#3871,#3873,#417,.T.);
#2768=EDGE_CURVE('',#3846,#3860,#4560,.T.);
#2769=EDGE_CURVE('',#3849,#3861,#4561,.T.);
#2770=EDGE_CURVE('',#3758,#3874,#4562,.T.);
#2771=EDGE_CURVE('',#3874,#3875,#4563,.T.);
#2772=EDGE_CURVE('',#3875,#3876,#4564,.T.);
#2773=EDGE_CURVE('',#3876,#3877,#4565,.T.);
#2774=EDGE_CURVE('',#3877,#3878,#4566,.T.);
#2775=EDGE_CURVE('',#3878,#3760,#4567,.T.);
#2776=EDGE_CURVE('',#3757,#3879,#4568,.T.);
#2777=EDGE_CURVE('',#3879,#3880,#4569,.T.);
#2778=EDGE_CURVE('',#3880,#3881,#4570,.T.);
#2779=EDGE_CURVE('',#3881,#3882,#4571,.T.);
#2780=EDGE_CURVE('',#3882,#3755,#4572,.T.);
#2781=EDGE_CURVE('',#3762,#3883,#4573,.T.);
#2782=EDGE_CURVE('',#3883,#3884,#4574,.T.);
#2783=EDGE_CURVE('',#3884,#3885,#4575,.T.);
#2784=EDGE_CURVE('',#3885,#3886,#4576,.T.);
#2785=EDGE_CURVE('',#3886,#3887,#4577,.T.);
#2786=EDGE_CURVE('',#3887,#3764,#4578,.T.);
#2787=EDGE_CURVE('',#3778,#3888,#4579,.T.);
#2788=EDGE_CURVE('',#3888,#3889,#4580,.T.);
#2789=EDGE_CURVE('',#3889,#3890,#4581,.T.);
#2790=EDGE_CURVE('',#3890,#3891,#4582,.T.);
#2791=EDGE_CURVE('',#3891,#3780,#4583,.T.);
#2792=EDGE_CURVE('',#3782,#3892,#4584,.T.);
#2793=EDGE_CURVE('',#3892,#3893,#4585,.T.);
#2794=EDGE_CURVE('',#3893,#3894,#4586,.T.);
#2795=EDGE_CURVE('',#3894,#3895,#4587,.T.);
#2796=EDGE_CURVE('',#3895,#3784,#4588,.T.);
#2797=EDGE_CURVE('',#3774,#3896,#4589,.T.);
#2798=EDGE_CURVE('',#3896,#3897,#4590,.T.);
#2799=EDGE_CURVE('',#3897,#3776,#4591,.T.);
#2800=EDGE_CURVE('',#3794,#3898,#4592,.T.);
#2801=EDGE_CURVE('',#3898,#3899,#4593,.T.);
#2802=EDGE_CURVE('',#3899,#3900,#4594,.T.);
#2803=EDGE_CURVE('',#3900,#3901,#4595,.T.);
#2804=EDGE_CURVE('',#3901,#3796,#4596,.T.);
#2805=EDGE_CURVE('',#3773,#3902,#4597,.T.);
#2806=EDGE_CURVE('',#3902,#3903,#4598,.T.);
#2807=EDGE_CURVE('',#3903,#3771,#4599,.T.);
#2808=EDGE_CURVE('',#3786,#3904,#4600,.T.);
#2809=EDGE_CURVE('',#3904,#3905,#4601,.T.);
#2810=EDGE_CURVE('',#3905,#3788,#4602,.T.);
#2811=EDGE_CURVE('',#3769,#3906,#4603,.T.);
#2812=EDGE_CURVE('',#3906,#3907,#4604,.T.);
#2813=EDGE_CURVE('',#3907,#3908,#4605,.T.);
#2814=EDGE_CURVE('',#3908,#3909,#4606,.T.);
#2815=EDGE_CURVE('',#3909,#3767,#4607,.T.);
#2816=EDGE_CURVE('',#3793,#3910,#4608,.T.);
#2817=EDGE_CURVE('',#3910,#3911,#4609,.T.);
#2818=EDGE_CURVE('',#3911,#3912,#4610,.T.);
#2819=EDGE_CURVE('',#3912,#3913,#4611,.T.);
#2820=EDGE_CURVE('',#3913,#3791,#4612,.T.);
#2821=EDGE_CURVE('',#3801,#3914,#4613,.T.);
#2822=EDGE_CURVE('',#3914,#3915,#4614,.T.);
#2823=EDGE_CURVE('',#3915,#3916,#4615,.T.);
#2824=EDGE_CURVE('',#3916,#3917,#4616,.T.);
#2825=EDGE_CURVE('',#3917,#3918,#4617,.T.);
#2826=EDGE_CURVE('',#3918,#3799,#4618,.T.);
#2827=EDGE_CURVE('',#3805,#3919,#4619,.T.);
#2828=EDGE_CURVE('',#3919,#3920,#4620,.T.);
#2829=EDGE_CURVE('',#3920,#3921,#4621,.T.);
#2830=EDGE_CURVE('',#3921,#3922,#4622,.T.);
#2831=EDGE_CURVE('',#3922,#3803,#4623,.T.);
#2832=EDGE_CURVE('',#3809,#3923,#4624,.T.);
#2833=EDGE_CURVE('',#3923,#3924,#4625,.T.);
#2834=EDGE_CURVE('',#3924,#3807,#4626,.T.);
#2835=EDGE_CURVE('',#3814,#3925,#4627,.T.);
#2836=EDGE_CURVE('',#3925,#3926,#4628,.T.);
#2837=EDGE_CURVE('',#3926,#3927,#4629,.T.);
#2838=EDGE_CURVE('',#3927,#3928,#4630,.T.);
#2839=EDGE_CURVE('',#3928,#3816,#4631,.T.);
#2840=EDGE_CURVE('',#3813,#3929,#4632,.T.);
#2841=EDGE_CURVE('',#3929,#3930,#4633,.T.);
#2842=EDGE_CURVE('',#3930,#3811,#4634,.T.);
#2843=EDGE_CURVE('',#3822,#3931,#4635,.T.);
#2844=EDGE_CURVE('',#3931,#3932,#4636,.T.);
#2845=EDGE_CURVE('',#3932,#3933,#4637,.T.);
#2846=EDGE_CURVE('',#3933,#3934,#4638,.T.);
#2847=EDGE_CURVE('',#3934,#3935,#4639,.T.);
#2848=EDGE_CURVE('',#3935,#3824,#4640,.T.);
#2849=EDGE_CURVE('',#3826,#3936,#4641,.T.);
#2850=EDGE_CURVE('',#3936,#3937,#4642,.T.);
#2851=EDGE_CURVE('',#3937,#3938,#4643,.T.);
#2852=EDGE_CURVE('',#3938,#3939,#4644,.T.);
#2853=EDGE_CURVE('',#3939,#3828,#4645,.T.);
#2854=EDGE_CURVE('',#3830,#3940,#4646,.T.);
#2855=EDGE_CURVE('',#3940,#3941,#4647,.T.);
#2856=EDGE_CURVE('',#3941,#3832,#4648,.T.);
#2857=EDGE_CURVE('',#3842,#3942,#4649,.T.);
#2858=EDGE_CURVE('',#3942,#3943,#4650,.T.);
#2859=EDGE_CURVE('',#3943,#3944,#4651,.T.);
#2860=EDGE_CURVE('',#3944,#3945,#4652,.T.);
#2861=EDGE_CURVE('',#3945,#3844,#4653,.T.);
#2862=EDGE_CURVE('',#3841,#3946,#4654,.T.);
#2863=EDGE_CURVE('',#3946,#3947,#4655,.T.);
#2864=EDGE_CURVE('',#3947,#3948,#4656,.T.);
#2865=EDGE_CURVE('',#3948,#3949,#4657,.T.);
#2866=EDGE_CURVE('',#3949,#3839,#4658,.T.);
#2867=EDGE_CURVE('',#3837,#3950,#4659,.T.);
#2868=EDGE_CURVE('',#3950,#3951,#4660,.T.);
#2869=EDGE_CURVE('',#3951,#3952,#4661,.T.);
#2870=EDGE_CURVE('',#3952,#3953,#4662,.T.);
#2871=EDGE_CURVE('',#3953,#3954,#4663,.T.);
#2872=EDGE_CURVE('',#3954,#3835,#4664,.T.);
#2873=EDGE_CURVE('',#3870,#3955,#4665,.T.);
#2874=EDGE_CURVE('',#3955,#3956,#4666,.T.);
#2875=EDGE_CURVE('',#3956,#3957,#4667,.T.);
#2876=EDGE_CURVE('',#3957,#3958,#4668,.T.);
#2877=EDGE_CURVE('',#3958,#3959,#4669,.T.);
#2878=EDGE_CURVE('',#3959,#3872,#4670,.T.);
#2879=EDGE_CURVE('',#3960,#3819,#4671,.T.);
#2880=EDGE_CURVE('',#3821,#3961,#4672,.T.);
#2881=EDGE_CURVE('',#3961,#3962,#4673,.T.);
#2882=EDGE_CURVE('',#3962,#3963,#4674,.T.);
#2883=EDGE_CURVE('',#3963,#3960,#4675,.T.);
#2884=EDGE_CURVE('',#3964,#3965,#4676,.T.);
#2885=EDGE_CURVE('',#3965,#3966,#4677,.T.);
#2886=EDGE_CURVE('',#3966,#3967,#4678,.T.);
#2887=EDGE_CURVE('',#3967,#3968,#4679,.T.);
#2888=EDGE_CURVE('',#3968,#3969,#4680,.T.);
#2889=EDGE_CURVE('',#3969,#3964,#4681,.T.);
#2890=EDGE_CURVE('',#3970,#3971,#4682,.T.);
#2891=EDGE_CURVE('',#3971,#3972,#4683,.T.);
#2892=EDGE_CURVE('',#3972,#3973,#4684,.T.);
#2893=EDGE_CURVE('',#3973,#3974,#4685,.T.);
#2894=EDGE_CURVE('',#3974,#3975,#4686,.T.);
#2895=EDGE_CURVE('',#3975,#3970,#4687,.T.);
#2896=EDGE_CURVE('',#3976,#3977,#4688,.T.);
#2897=EDGE_CURVE('',#3977,#3978,#4689,.T.);
#2898=EDGE_CURVE('',#3978,#3979,#4690,.T.);
#2899=EDGE_CURVE('',#3979,#3980,#4691,.T.);
#2900=EDGE_CURVE('',#3980,#3981,#4692,.T.);
#2901=EDGE_CURVE('',#3981,#3976,#4693,.T.);
#2902=EDGE_CURVE('',#3982,#3983,#4694,.T.);
#2903=EDGE_CURVE('',#3983,#3984,#4695,.T.);
#2904=EDGE_CURVE('',#3984,#3985,#4696,.T.);
#2905=EDGE_CURVE('',#3985,#3986,#4697,.T.);
#2906=EDGE_CURVE('',#3986,#3987,#4698,.T.);
#2907=EDGE_CURVE('',#3987,#3982,#4699,.T.);
#2908=EDGE_CURVE('',#3988,#3989,#4700,.T.);
#2909=EDGE_CURVE('',#3989,#3990,#4701,.T.);
#2910=EDGE_CURVE('',#3990,#3991,#4702,.T.);
#2911=EDGE_CURVE('',#3991,#3992,#4703,.T.);
#2912=EDGE_CURVE('',#3992,#3993,#4704,.T.);
#2913=EDGE_CURVE('',#3993,#3988,#4705,.T.);
#2914=EDGE_CURVE('',#3994,#3995,#4706,.T.);
#2915=EDGE_CURVE('',#3995,#3996,#4707,.T.);
#2916=EDGE_CURVE('',#3996,#3997,#4708,.T.);
#2917=EDGE_CURVE('',#3997,#3998,#4709,.T.);
#2918=EDGE_CURVE('',#3998,#3999,#4710,.T.);
#2919=EDGE_CURVE('',#3999,#3994,#4711,.T.);
#2920=EDGE_CURVE('',#4000,#4001,#4712,.T.);
#2921=EDGE_CURVE('',#4001,#4002,#4713,.T.);
#2922=EDGE_CURVE('',#4002,#4003,#4714,.T.);
#2923=EDGE_CURVE('',#4003,#4004,#4715,.T.);
#2924=EDGE_CURVE('',#4004,#4005,#4716,.T.);
#2925=EDGE_CURVE('',#4005,#4000,#4717,.T.);
#2926=EDGE_CURVE('',#4006,#4007,#4718,.T.);
#2927=EDGE_CURVE('',#4007,#4008,#4719,.T.);
#2928=EDGE_CURVE('',#4008,#4009,#4720,.T.);
#2929=EDGE_CURVE('',#4009,#4010,#4721,.T.);
#2930=EDGE_CURVE('',#4010,#4011,#4722,.T.);
#2931=EDGE_CURVE('',#4011,#4006,#4723,.T.);
#2932=EDGE_CURVE('',#4012,#4013,#4724,.T.);
#2933=EDGE_CURVE('',#4013,#4014,#4725,.T.);
#2934=EDGE_CURVE('',#4014,#4015,#4726,.T.);
#2935=EDGE_CURVE('',#4015,#4016,#4727,.T.);
#2936=EDGE_CURVE('',#4016,#4017,#4728,.T.);
#2937=EDGE_CURVE('',#4017,#4012,#4729,.T.);
#2938=EDGE_CURVE('',#4018,#4019,#4730,.T.);
#2939=EDGE_CURVE('',#4019,#4020,#4731,.T.);
#2940=EDGE_CURVE('',#4020,#4021,#4732,.T.);
#2941=EDGE_CURVE('',#4021,#4022,#4733,.T.);
#2942=EDGE_CURVE('',#4022,#4023,#4734,.T.);
#2943=EDGE_CURVE('',#4023,#4018,#4735,.T.);
#2944=EDGE_CURVE('',#4024,#4025,#4736,.T.);
#2945=EDGE_CURVE('',#4025,#4026,#4737,.T.);
#2946=EDGE_CURVE('',#4026,#4027,#4738,.T.);
#2947=EDGE_CURVE('',#4027,#4028,#4739,.T.);
#2948=EDGE_CURVE('',#4028,#4029,#4740,.T.);
#2949=EDGE_CURVE('',#4029,#4024,#4741,.T.);
#2950=EDGE_CURVE('',#4030,#4031,#4742,.T.);
#2951=EDGE_CURVE('',#4031,#4032,#4743,.T.);
#2952=EDGE_CURVE('',#4032,#4033,#4744,.T.);
#2953=EDGE_CURVE('',#4033,#4034,#4745,.T.);
#2954=EDGE_CURVE('',#4034,#4035,#4746,.T.);
#2955=EDGE_CURVE('',#4035,#4030,#4747,.T.);
#2956=EDGE_CURVE('',#4036,#4037,#4748,.T.);
#2957=EDGE_CURVE('',#4037,#4038,#4749,.T.);
#2958=EDGE_CURVE('',#4038,#4039,#4750,.T.);
#2959=EDGE_CURVE('',#4039,#4040,#4751,.T.);
#2960=EDGE_CURVE('',#4040,#4041,#4752,.T.);
#2961=EDGE_CURVE('',#4041,#4036,#4753,.T.);
#2962=EDGE_CURVE('',#4042,#4043,#4754,.T.);
#2963=EDGE_CURVE('',#4043,#4044,#4755,.T.);
#2964=EDGE_CURVE('',#4044,#4045,#4756,.T.);
#2965=EDGE_CURVE('',#4045,#4046,#4757,.T.);
#2966=EDGE_CURVE('',#4046,#4047,#4758,.T.);
#2967=EDGE_CURVE('',#4047,#4042,#4759,.T.);
#2968=EDGE_CURVE('',#4048,#4049,#4760,.T.);
#2969=EDGE_CURVE('',#4049,#4050,#4761,.T.);
#2970=EDGE_CURVE('',#4050,#4051,#4762,.T.);
#2971=EDGE_CURVE('',#4051,#4052,#4763,.T.);
#2972=EDGE_CURVE('',#4052,#4053,#4764,.T.);
#2973=EDGE_CURVE('',#4053,#4048,#4765,.T.);
#2974=EDGE_CURVE('',#4054,#4055,#4766,.T.);
#2975=EDGE_CURVE('',#4055,#4056,#4767,.T.);
#2976=EDGE_CURVE('',#4056,#4057,#4768,.T.);
#2977=EDGE_CURVE('',#4057,#4058,#4769,.T.);
#2978=EDGE_CURVE('',#4058,#4059,#4770,.T.);
#2979=EDGE_CURVE('',#4059,#4054,#4771,.T.);
#2980=EDGE_CURVE('',#4060,#4061,#4772,.T.);
#2981=EDGE_CURVE('',#4061,#4062,#4773,.T.);
#2982=EDGE_CURVE('',#4062,#4063,#4774,.T.);
#2983=EDGE_CURVE('',#4063,#4064,#4775,.T.);
#2984=EDGE_CURVE('',#4064,#4065,#4776,.T.);
#2985=EDGE_CURVE('',#4065,#4060,#4777,.T.);
#2986=EDGE_CURVE('',#4066,#4067,#4778,.T.);
#2987=EDGE_CURVE('',#4067,#4068,#4779,.T.);
#2988=EDGE_CURVE('',#4068,#4069,#4780,.T.);
#2989=EDGE_CURVE('',#4069,#4070,#4781,.T.);
#2990=EDGE_CURVE('',#4070,#4071,#4782,.T.);
#2991=EDGE_CURVE('',#4071,#4066,#4783,.T.);
#2992=EDGE_CURVE('',#4072,#4073,#4784,.T.);
#2993=EDGE_CURVE('',#4073,#4074,#4785,.T.);
#2994=EDGE_CURVE('',#4074,#4075,#4786,.T.);
#2995=EDGE_CURVE('',#4075,#4076,#4787,.T.);
#2996=EDGE_CURVE('',#4076,#4077,#4788,.T.);
#2997=EDGE_CURVE('',#4077,#4072,#4789,.T.);
#2998=EDGE_CURVE('',#4078,#4079,#4790,.T.);
#2999=EDGE_CURVE('',#4079,#4080,#4791,.T.);
#3000=EDGE_CURVE('',#4080,#4081,#4792,.T.);
#3001=EDGE_CURVE('',#4081,#4082,#4793,.T.);
#3002=EDGE_CURVE('',#4082,#4083,#4794,.T.);
#3003=EDGE_CURVE('',#4083,#4078,#4795,.T.);
#3004=EDGE_CURVE('',#4084,#4085,#4796,.T.);
#3005=EDGE_CURVE('',#4085,#4086,#4797,.T.);
#3006=EDGE_CURVE('',#4086,#4087,#4798,.T.);
#3007=EDGE_CURVE('',#4087,#4088,#4799,.T.);
#3008=EDGE_CURVE('',#4088,#4089,#4800,.T.);
#3009=EDGE_CURVE('',#4089,#4084,#4801,.T.);
#3010=EDGE_CURVE('',#4090,#4091,#4802,.T.);
#3011=EDGE_CURVE('',#4091,#4092,#4803,.T.);
#3012=EDGE_CURVE('',#4092,#4093,#4804,.T.);
#3013=EDGE_CURVE('',#4093,#4094,#4805,.T.);
#3014=EDGE_CURVE('',#4094,#4095,#4806,.T.);
#3015=EDGE_CURVE('',#4095,#4090,#4807,.T.);
#3016=EDGE_CURVE('',#4096,#4097,#4808,.T.);
#3017=EDGE_CURVE('',#4097,#4098,#4809,.T.);
#3018=EDGE_CURVE('',#4098,#4099,#4810,.T.);
#3019=EDGE_CURVE('',#4099,#4100,#4811,.T.);
#3020=EDGE_CURVE('',#4100,#4101,#4812,.T.);
#3021=EDGE_CURVE('',#4101,#4096,#4813,.T.);
#3022=EDGE_CURVE('',#4102,#4103,#4814,.T.);
#3023=EDGE_CURVE('',#4103,#4104,#4815,.T.);
#3024=EDGE_CURVE('',#4104,#4105,#4816,.T.);
#3025=EDGE_CURVE('',#4105,#4106,#4817,.T.);
#3026=EDGE_CURVE('',#4106,#4107,#4818,.T.);
#3027=EDGE_CURVE('',#4107,#4102,#4819,.T.);
#3028=EDGE_CURVE('',#4108,#4109,#4820,.T.);
#3029=EDGE_CURVE('',#4109,#4110,#4821,.T.);
#3030=EDGE_CURVE('',#4110,#4111,#4822,.T.);
#3031=EDGE_CURVE('',#4111,#4112,#4823,.T.);
#3032=EDGE_CURVE('',#4112,#4113,#4824,.T.);
#3033=EDGE_CURVE('',#4113,#4108,#4825,.T.);
#3034=EDGE_CURVE('',#4114,#4115,#4826,.T.);
#3035=EDGE_CURVE('',#4115,#4116,#4827,.T.);
#3036=EDGE_CURVE('',#4116,#4117,#4828,.T.);
#3037=EDGE_CURVE('',#4117,#4118,#4829,.T.);
#3038=EDGE_CURVE('',#4118,#4119,#4830,.T.);
#3039=EDGE_CURVE('',#4119,#4114,#4831,.T.);
#3040=EDGE_CURVE('',#4120,#4121,#4832,.T.);
#3041=EDGE_CURVE('',#4121,#4122,#4833,.T.);
#3042=EDGE_CURVE('',#4122,#4123,#4834,.T.);
#3043=EDGE_CURVE('',#4123,#4124,#4835,.T.);
#3044=EDGE_CURVE('',#4124,#4125,#4836,.T.);
#3045=EDGE_CURVE('',#4125,#4120,#4837,.T.);
#3046=EDGE_CURVE('',#4126,#4127,#4838,.T.);
#3047=EDGE_CURVE('',#4127,#4128,#4839,.T.);
#3048=EDGE_CURVE('',#4128,#4129,#4840,.T.);
#3049=EDGE_CURVE('',#4129,#4130,#4841,.T.);
#3050=EDGE_CURVE('',#4130,#4131,#4842,.T.);
#3051=EDGE_CURVE('',#4131,#4126,#4843,.T.);
#3052=EDGE_CURVE('',#4132,#4133,#4844,.T.);
#3053=EDGE_CURVE('',#4133,#4134,#4845,.T.);
#3054=EDGE_CURVE('',#4134,#4135,#4846,.T.);
#3055=EDGE_CURVE('',#4135,#4136,#4847,.T.);
#3056=EDGE_CURVE('',#4136,#4137,#4848,.T.);
#3057=EDGE_CURVE('',#4137,#4132,#4849,.T.);
#3058=EDGE_CURVE('',#4138,#4139,#4850,.T.);
#3059=EDGE_CURVE('',#4139,#4140,#4851,.T.);
#3060=EDGE_CURVE('',#4140,#4141,#4852,.T.);
#3061=EDGE_CURVE('',#4141,#4142,#4853,.T.);
#3062=EDGE_CURVE('',#4142,#4143,#4854,.T.);
#3063=EDGE_CURVE('',#4143,#4138,#4855,.T.);
#3064=EDGE_CURVE('',#4144,#4145,#4856,.T.);
#3065=EDGE_CURVE('',#4145,#4146,#4857,.T.);
#3066=EDGE_CURVE('',#4146,#4147,#4858,.T.);
#3067=EDGE_CURVE('',#4147,#4148,#4859,.T.);
#3068=EDGE_CURVE('',#4148,#4149,#4860,.T.);
#3069=EDGE_CURVE('',#4149,#4144,#4861,.T.);
#3070=EDGE_CURVE('',#4150,#4151,#4862,.T.);
#3071=EDGE_CURVE('',#4151,#4152,#4863,.T.);
#3072=EDGE_CURVE('',#4152,#4153,#4864,.T.);
#3073=EDGE_CURVE('',#4153,#4154,#4865,.T.);
#3074=EDGE_CURVE('',#4154,#4155,#4866,.T.);
#3075=EDGE_CURVE('',#4155,#4150,#4867,.T.);
#3076=EDGE_CURVE('',#4156,#4157,#4868,.T.);
#3077=EDGE_CURVE('',#4157,#4158,#4869,.T.);
#3078=EDGE_CURVE('',#4158,#4159,#4870,.T.);
#3079=EDGE_CURVE('',#4159,#4160,#4871,.T.);
#3080=EDGE_CURVE('',#4160,#4161,#4872,.T.);
#3081=EDGE_CURVE('',#4161,#4156,#4873,.T.);
#3082=EDGE_CURVE('',#4162,#4163,#4874,.T.);
#3083=EDGE_CURVE('',#4163,#4164,#4875,.T.);
#3084=EDGE_CURVE('',#4164,#4165,#4876,.T.);
#3085=EDGE_CURVE('',#4165,#4166,#4877,.T.);
#3086=EDGE_CURVE('',#4166,#4167,#4878,.T.);
#3087=EDGE_CURVE('',#4167,#4162,#4879,.T.);
#3088=EDGE_CURVE('',#4168,#4169,#4880,.T.);
#3089=EDGE_CURVE('',#4169,#4170,#4881,.T.);
#3090=EDGE_CURVE('',#4170,#4171,#4882,.T.);
#3091=EDGE_CURVE('',#4171,#4172,#4883,.T.);
#3092=EDGE_CURVE('',#4172,#4173,#4884,.T.);
#3093=EDGE_CURVE('',#4173,#4168,#4885,.T.);
#3094=EDGE_CURVE('',#4174,#4175,#4886,.T.);
#3095=EDGE_CURVE('',#4175,#4176,#4887,.T.);
#3096=EDGE_CURVE('',#4176,#4177,#4888,.T.);
#3097=EDGE_CURVE('',#4177,#4178,#4889,.T.);
#3098=EDGE_CURVE('',#4178,#4179,#4890,.T.);
#3099=EDGE_CURVE('',#4179,#4174,#4891,.T.);
#3100=EDGE_CURVE('',#4180,#4181,#4892,.T.);
#3101=EDGE_CURVE('',#4181,#4182,#4893,.T.);
#3102=EDGE_CURVE('',#4182,#4183,#4894,.T.);
#3103=EDGE_CURVE('',#4183,#4184,#4895,.T.);
#3104=EDGE_CURVE('',#4184,#4185,#4896,.T.);
#3105=EDGE_CURVE('',#4185,#4180,#4897,.T.);
#3106=EDGE_CURVE('',#3759,#4186,#4898,.T.);
#3107=EDGE_CURVE('',#4187,#3761,#4899,.T.);
#3108=EDGE_CURVE('',#4188,#4187,#4900,.T.);
#3109=EDGE_CURVE('',#4189,#4188,#4901,.T.);
#3110=EDGE_CURVE('',#4190,#4189,#4902,.T.);
#3111=EDGE_CURVE('',#4186,#4190,#4903,.T.);
#3112=EDGE_CURVE('',#3756,#4191,#4904,.T.);
#3113=EDGE_CURVE('',#4192,#3754,#4905,.T.);
#3114=EDGE_CURVE('',#4193,#4192,#4906,.T.);
#3115=EDGE_CURVE('',#4194,#4193,#4907,.T.);
#3116=EDGE_CURVE('',#4191,#4194,#4908,.T.);
#3117=EDGE_CURVE('',#3763,#4195,#4909,.T.);
#3118=EDGE_CURVE('',#4196,#3765,#4910,.T.);
#3119=EDGE_CURVE('',#4197,#4196,#4911,.T.);
#3120=EDGE_CURVE('',#4198,#4197,#4912,.T.);
#3121=EDGE_CURVE('',#4199,#4198,#4913,.T.);
#3122=EDGE_CURVE('',#4195,#4199,#4914,.T.);
#3123=EDGE_CURVE('',#3779,#4200,#4915,.T.);
#3124=EDGE_CURVE('',#4201,#3781,#4916,.T.);
#3125=EDGE_CURVE('',#4202,#4201,#4917,.T.);
#3126=EDGE_CURVE('',#4203,#4202,#4918,.T.);
#3127=EDGE_CURVE('',#4200,#4203,#4919,.T.);
#3128=EDGE_CURVE('',#3783,#4204,#4920,.T.);
#3129=EDGE_CURVE('',#4205,#3785,#4921,.T.);
#3130=EDGE_CURVE('',#4206,#4205,#4922,.T.);
#3131=EDGE_CURVE('',#4207,#4206,#4923,.T.);
#3132=EDGE_CURVE('',#4204,#4207,#4924,.T.);
#3133=EDGE_CURVE('',#3775,#4208,#4925,.T.);
#3134=EDGE_CURVE('',#4209,#3777,#4926,.T.);
#3135=EDGE_CURVE('',#4208,#4209,#4927,.T.);
#3136=EDGE_CURVE('',#3795,#4210,#4928,.T.);
#3137=EDGE_CURVE('',#4211,#3797,#4929,.T.);
#3138=EDGE_CURVE('',#4212,#4211,#4930,.T.);
#3139=EDGE_CURVE('',#4213,#4212,#4931,.T.);
#3140=EDGE_CURVE('',#4210,#4213,#4932,.T.);
#3141=EDGE_CURVE('',#3772,#4214,#4933,.T.);
#3142=EDGE_CURVE('',#4215,#3770,#4934,.T.);
#3143=EDGE_CURVE('',#4214,#4215,#4935,.T.);
#3144=EDGE_CURVE('',#3787,#4216,#4936,.T.);
#3145=EDGE_CURVE('',#4217,#3789,#4937,.T.);
#3146=EDGE_CURVE('',#4216,#4217,#4938,.T.);
#3147=EDGE_CURVE('',#3768,#4218,#4939,.T.);
#3148=EDGE_CURVE('',#4219,#3766,#4940,.T.);
#3149=EDGE_CURVE('',#4220,#4219,#4941,.T.);
#3150=EDGE_CURVE('',#4221,#4220,#4942,.T.);
#3151=EDGE_CURVE('',#4218,#4221,#4943,.T.);
#3152=EDGE_CURVE('',#3792,#4222,#4944,.T.);
#3153=EDGE_CURVE('',#4223,#3790,#4945,.T.);
#3154=EDGE_CURVE('',#4224,#4223,#4946,.T.);
#3155=EDGE_CURVE('',#4225,#4224,#4947,.T.);
#3156=EDGE_CURVE('',#4222,#4225,#4948,.T.);
#3157=EDGE_CURVE('',#3800,#4226,#4949,.T.);
#3158=EDGE_CURVE('',#4227,#3798,#4950,.T.);
#3159=EDGE_CURVE('',#4228,#4227,#4951,.T.);
#3160=EDGE_CURVE('',#4229,#4228,#4952,.T.);
#3161=EDGE_CURVE('',#4230,#4229,#4953,.T.);
#3162=EDGE_CURVE('',#4226,#4230,#4954,.T.);
#3163=EDGE_CURVE('',#3804,#4231,#4955,.T.);
#3164=EDGE_CURVE('',#4232,#3802,#4956,.T.);
#3165=EDGE_CURVE('',#4233,#4232,#4957,.T.);
#3166=EDGE_CURVE('',#4234,#4233,#4958,.T.);
#3167=EDGE_CURVE('',#4231,#4234,#4959,.T.);
#3168=EDGE_CURVE('',#3808,#4235,#4960,.T.);
#3169=EDGE_CURVE('',#4236,#3806,#4961,.T.);
#3170=EDGE_CURVE('',#4235,#4236,#4962,.T.);
#3171=EDGE_CURVE('',#3815,#4237,#4963,.T.);
#3172=EDGE_CURVE('',#4238,#3817,#4964,.T.);
#3173=EDGE_CURVE('',#4239,#4238,#4965,.T.);
#3174=EDGE_CURVE('',#4240,#4239,#4966,.T.);
#3175=EDGE_CURVE('',#4237,#4240,#4967,.T.);
#3176=EDGE_CURVE('',#3812,#4241,#4968,.T.);
#3177=EDGE_CURVE('',#4242,#3810,#4969,.T.);
#3178=EDGE_CURVE('',#4241,#4242,#4970,.T.);
#3179=EDGE_CURVE('',#3823,#4243,#4971,.T.);
#3180=EDGE_CURVE('',#4244,#3825,#4972,.T.);
#3181=EDGE_CURVE('',#4245,#4244,#4973,.T.);
#3182=EDGE_CURVE('',#4246,#4245,#4974,.T.);
#3183=EDGE_CURVE('',#4247,#4246,#4975,.T.);
#3184=EDGE_CURVE('',#4243,#4247,#4976,.T.);
#3185=EDGE_CURVE('',#3827,#4248,#4977,.T.);
#3186=EDGE_CURVE('',#4249,#3829,#4978,.T.);
#3187=EDGE_CURVE('',#4250,#4249,#4979,.T.);
#3188=EDGE_CURVE('',#4251,#4250,#4980,.T.);
#3189=EDGE_CURVE('',#4248,#4251,#4981,.T.);
#3190=EDGE_CURVE('',#3831,#4252,#4982,.T.);
#3191=EDGE_CURVE('',#4253,#3833,#4983,.T.);
#3192=EDGE_CURVE('',#4252,#4253,#4984,.T.);
#3193=EDGE_CURVE('',#3843,#4254,#4985,.T.);
#3194=EDGE_CURVE('',#4255,#3845,#4986,.T.);
#3195=EDGE_CURVE('',#4256,#4255,#4987,.T.);
#3196=EDGE_CURVE('',#4257,#4256,#4988,.T.);
#3197=EDGE_CURVE('',#4254,#4257,#4989,.T.);
#3198=EDGE_CURVE('',#3840,#4258,#4990,.T.);
#3199=EDGE_CURVE('',#4259,#3838,#4991,.T.);
#3200=EDGE_CURVE('',#4260,#4259,#4992,.T.);
#3201=EDGE_CURVE('',#4261,#4260,#4993,.T.);
#3202=EDGE_CURVE('',#4258,#4261,#4994,.T.);
#3203=EDGE_CURVE('',#3836,#4262,#4995,.T.);
#3204=EDGE_CURVE('',#4263,#3834,#4996,.T.);
#3205=EDGE_CURVE('',#4264,#4263,#4997,.T.);
#3206=EDGE_CURVE('',#4265,#4264,#4998,.T.);
#3207=EDGE_CURVE('',#4266,#4265,#4999,.T.);
#3208=EDGE_CURVE('',#4262,#4266,#5000,.T.);
#3209=EDGE_CURVE('',#3871,#4267,#5001,.T.);
#3210=EDGE_CURVE('',#4268,#3873,#5002,.T.);
#3211=EDGE_CURVE('',#4269,#4268,#5003,.T.);
#3212=EDGE_CURVE('',#4270,#4269,#5004,.T.);
#3213=EDGE_CURVE('',#4271,#4270,#5005,.T.);
#3214=EDGE_CURVE('',#4267,#4271,#5006,.T.);
#3215=EDGE_CURVE('',#4272,#3818,#5007,.T.);
#3216=EDGE_CURVE('',#4273,#4272,#5008,.T.);
#3217=EDGE_CURVE('',#4274,#4273,#5009,.T.);
#3218=EDGE_CURVE('',#4275,#4274,#5010,.T.);
#3219=EDGE_CURVE('',#3820,#4275,#5011,.T.);
#3220=EDGE_CURVE('',#4276,#4277,#5012,.T.);
#3221=EDGE_CURVE('',#4278,#4276,#5013,.T.);
#3222=EDGE_CURVE('',#4279,#4278,#5014,.T.);
#3223=EDGE_CURVE('',#4280,#4279,#5015,.T.);
#3224=EDGE_CURVE('',#4281,#4280,#5016,.T.);
#3225=EDGE_CURVE('',#4277,#4281,#5017,.T.);
#3226=EDGE_CURVE('',#4282,#4283,#5018,.T.);
#3227=EDGE_CURVE('',#4284,#4282,#5019,.T.);
#3228=EDGE_CURVE('',#4285,#4284,#5020,.T.);
#3229=EDGE_CURVE('',#4286,#4285,#5021,.T.);
#3230=EDGE_CURVE('',#4287,#4286,#5022,.T.);
#3231=EDGE_CURVE('',#4283,#4287,#5023,.T.);
#3232=EDGE_CURVE('',#4288,#4289,#5024,.T.);
#3233=EDGE_CURVE('',#4290,#4288,#5025,.T.);
#3234=EDGE_CURVE('',#4291,#4290,#5026,.T.);
#3235=EDGE_CURVE('',#4292,#4291,#5027,.T.);
#3236=EDGE_CURVE('',#4293,#4292,#5028,.T.);
#3237=EDGE_CURVE('',#4289,#4293,#5029,.T.);
#3238=EDGE_CURVE('',#4294,#4295,#5030,.T.);
#3239=EDGE_CURVE('',#4296,#4294,#5031,.T.);
#3240=EDGE_CURVE('',#4297,#4296,#5032,.T.);
#3241=EDGE_CURVE('',#4298,#4297,#5033,.T.);
#3242=EDGE_CURVE('',#4299,#4298,#5034,.T.);
#3243=EDGE_CURVE('',#4295,#4299,#5035,.T.);
#3244=EDGE_CURVE('',#4300,#4301,#5036,.T.);
#3245=EDGE_CURVE('',#4302,#4300,#5037,.T.);
#3246=EDGE_CURVE('',#4303,#4302,#5038,.T.);
#3247=EDGE_CURVE('',#4304,#4303,#5039,.T.);
#3248=EDGE_CURVE('',#4305,#4304,#5040,.T.);
#3249=EDGE_CURVE('',#4301,#4305,#5041,.T.);
#3250=EDGE_CURVE('',#4306,#4307,#5042,.T.);
#3251=EDGE_CURVE('',#4308,#4306,#5043,.T.);
#3252=EDGE_CURVE('',#4309,#4308,#5044,.T.);
#3253=EDGE_CURVE('',#4310,#4309,#5045,.T.);
#3254=EDGE_CURVE('',#4311,#4310,#5046,.T.);
#3255=EDGE_CURVE('',#4307,#4311,#5047,.T.);
#3256=EDGE_CURVE('',#4312,#4313,#5048,.T.);
#3257=EDGE_CURVE('',#4314,#4312,#5049,.T.);
#3258=EDGE_CURVE('',#4315,#4314,#5050,.T.);
#3259=EDGE_CURVE('',#4316,#4315,#5051,.T.);
#3260=EDGE_CURVE('',#4317,#4316,#5052,.T.);
#3261=EDGE_CURVE('',#4313,#4317,#5053,.T.);
#3262=EDGE_CURVE('',#4318,#4319,#5054,.T.);
#3263=EDGE_CURVE('',#4320,#4318,#5055,.T.);
#3264=EDGE_CURVE('',#4321,#4320,#5056,.T.);
#3265=EDGE_CURVE('',#4322,#4321,#5057,.T.);
#3266=EDGE_CURVE('',#4323,#4322,#5058,.T.);
#3267=EDGE_CURVE('',#4319,#4323,#5059,.T.);
#3268=EDGE_CURVE('',#4324,#4325,#5060,.T.);
#3269=EDGE_CURVE('',#4326,#4324,#5061,.T.);
#3270=EDGE_CURVE('',#4327,#4326,#5062,.T.);
#3271=EDGE_CURVE('',#4328,#4327,#5063,.T.);
#3272=EDGE_CURVE('',#4329,#4328,#5064,.T.);
#3273=EDGE_CURVE('',#4325,#4329,#5065,.T.);
#3274=EDGE_CURVE('',#4330,#4331,#5066,.T.);
#3275=EDGE_CURVE('',#4332,#4330,#5067,.T.);
#3276=EDGE_CURVE('',#4333,#4332,#5068,.T.);
#3277=EDGE_CURVE('',#4334,#4333,#5069,.T.);
#3278=EDGE_CURVE('',#4335,#4334,#5070,.T.);
#3279=EDGE_CURVE('',#4331,#4335,#5071,.T.);
#3280=EDGE_CURVE('',#4336,#4337,#5072,.T.);
#3281=EDGE_CURVE('',#4338,#4336,#5073,.T.);
#3282=EDGE_CURVE('',#4339,#4338,#5074,.T.);
#3283=EDGE_CURVE('',#4340,#4339,#5075,.T.);
#3284=EDGE_CURVE('',#4341,#4340,#5076,.T.);
#3285=EDGE_CURVE('',#4337,#4341,#5077,.T.);
#3286=EDGE_CURVE('',#4342,#4343,#5078,.T.);
#3287=EDGE_CURVE('',#4344,#4342,#5079,.T.);
#3288=EDGE_CURVE('',#4345,#4344,#5080,.T.);
#3289=EDGE_CURVE('',#4346,#4345,#5081,.T.);
#3290=EDGE_CURVE('',#4347,#4346,#5082,.T.);
#3291=EDGE_CURVE('',#4343,#4347,#5083,.T.);
#3292=EDGE_CURVE('',#4348,#4349,#5084,.T.);
#3293=EDGE_CURVE('',#4350,#4348,#5085,.T.);
#3294=EDGE_CURVE('',#4351,#4350,#5086,.T.);
#3295=EDGE_CURVE('',#4352,#4351,#5087,.T.);
#3296=EDGE_CURVE('',#4353,#4352,#5088,.T.);
#3297=EDGE_CURVE('',#4349,#4353,#5089,.T.);
#3298=EDGE_CURVE('',#4354,#4355,#5090,.T.);
#3299=EDGE_CURVE('',#4356,#4354,#5091,.T.);
#3300=EDGE_CURVE('',#4357,#4356,#5092,.T.);
#3301=EDGE_CURVE('',#4358,#4357,#5093,.T.);
#3302=EDGE_CURVE('',#4359,#4358,#5094,.T.);
#3303=EDGE_CURVE('',#4355,#4359,#5095,.T.);
#3304=EDGE_CURVE('',#4360,#4361,#5096,.T.);
#3305=EDGE_CURVE('',#4362,#4360,#5097,.T.);
#3306=EDGE_CURVE('',#4363,#4362,#5098,.T.);
#3307=EDGE_CURVE('',#4364,#4363,#5099,.T.);
#3308=EDGE_CURVE('',#4365,#4364,#5100,.T.);
#3309=EDGE_CURVE('',#4361,#4365,#5101,.T.);
#3310=EDGE_CURVE('',#4366,#4367,#5102,.T.);
#3311=EDGE_CURVE('',#4368,#4366,#5103,.T.);
#3312=EDGE_CURVE('',#4369,#4368,#5104,.T.);
#3313=EDGE_CURVE('',#4370,#4369,#5105,.T.);
#3314=EDGE_CURVE('',#4371,#4370,#5106,.T.);
#3315=EDGE_CURVE('',#4367,#4371,#5107,.T.);
#3316=EDGE_CURVE('',#4372,#4373,#5108,.T.);
#3317=EDGE_CURVE('',#4374,#4372,#5109,.T.);
#3318=EDGE_CURVE('',#4375,#4374,#5110,.T.);
#3319=EDGE_CURVE('',#4376,#4375,#5111,.T.);
#3320=EDGE_CURVE('',#4377,#4376,#5112,.T.);
#3321=EDGE_CURVE('',#4373,#4377,#5113,.T.);
#3322=EDGE_CURVE('',#4378,#4379,#5114,.T.);
#3323=EDGE_CURVE('',#4380,#4378,#5115,.T.);
#3324=EDGE_CURVE('',#4381,#4380,#5116,.T.);
#3325=EDGE_CURVE('',#4382,#4381,#5117,.T.);
#3326=EDGE_CURVE('',#4383,#4382,#5118,.T.);
#3327=EDGE_CURVE('',#4379,#4383,#5119,.T.);
#3328=EDGE_CURVE('',#4384,#4385,#5120,.T.);
#3329=EDGE_CURVE('',#4386,#4384,#5121,.T.);
#3330=EDGE_CURVE('',#4387,#4386,#5122,.T.);
#3331=EDGE_CURVE('',#4388,#4387,#5123,.T.);
#3332=EDGE_CURVE('',#4389,#4388,#5124,.T.);
#3333=EDGE_CURVE('',#4385,#4389,#5125,.T.);
#3334=EDGE_CURVE('',#4390,#4391,#5126,.T.);
#3335=EDGE_CURVE('',#4392,#4390,#5127,.T.);
#3336=EDGE_CURVE('',#4393,#4392,#5128,.T.);
#3337=EDGE_CURVE('',#4394,#4393,#5129,.T.);
#3338=EDGE_CURVE('',#4395,#4394,#5130,.T.);
#3339=EDGE_CURVE('',#4391,#4395,#5131,.T.);
#3340=EDGE_CURVE('',#4396,#4397,#5132,.T.);
#3341=EDGE_CURVE('',#4398,#4396,#5133,.T.);
#3342=EDGE_CURVE('',#4399,#4398,#5134,.T.);
#3343=EDGE_CURVE('',#4400,#4399,#5135,.T.);
#3344=EDGE_CURVE('',#4401,#4400,#5136,.T.);
#3345=EDGE_CURVE('',#4397,#4401,#5137,.T.);
#3346=EDGE_CURVE('',#4402,#4403,#5138,.T.);
#3347=EDGE_CURVE('',#4404,#4402,#5139,.T.);
#3348=EDGE_CURVE('',#4405,#4404,#5140,.T.);
#3349=EDGE_CURVE('',#4406,#4405,#5141,.T.);
#3350=EDGE_CURVE('',#4407,#4406,#5142,.T.);
#3351=EDGE_CURVE('',#4403,#4407,#5143,.T.);
#3352=EDGE_CURVE('',#4408,#4409,#5144,.T.);
#3353=EDGE_CURVE('',#4410,#4408,#5145,.T.);
#3354=EDGE_CURVE('',#4411,#4410,#5146,.T.);
#3355=EDGE_CURVE('',#4412,#4411,#5147,.T.);
#3356=EDGE_CURVE('',#4413,#4412,#5148,.T.);
#3357=EDGE_CURVE('',#4409,#4413,#5149,.T.);
#3358=EDGE_CURVE('',#4414,#4415,#5150,.T.);
#3359=EDGE_CURVE('',#4416,#4414,#5151,.T.);
#3360=EDGE_CURVE('',#4417,#4416,#5152,.T.);
#3361=EDGE_CURVE('',#4418,#4417,#5153,.T.);
#3362=EDGE_CURVE('',#4419,#4418,#5154,.T.);
#3363=EDGE_CURVE('',#4415,#4419,#5155,.T.);
#3364=EDGE_CURVE('',#4420,#4421,#5156,.T.);
#3365=EDGE_CURVE('',#4422,#4420,#5157,.T.);
#3366=EDGE_CURVE('',#4423,#4422,#5158,.T.);
#3367=EDGE_CURVE('',#4424,#4423,#5159,.T.);
#3368=EDGE_CURVE('',#4425,#4424,#5160,.T.);
#3369=EDGE_CURVE('',#4421,#4425,#5161,.T.);
#3370=EDGE_CURVE('',#4426,#4427,#5162,.T.);
#3371=EDGE_CURVE('',#4428,#4426,#5163,.T.);
#3372=EDGE_CURVE('',#4429,#4428,#5164,.T.);
#3373=EDGE_CURVE('',#4430,#4429,#5165,.T.);
#3374=EDGE_CURVE('',#4431,#4430,#5166,.T.);
#3375=EDGE_CURVE('',#4427,#4431,#5167,.T.);
#3376=EDGE_CURVE('',#4432,#4433,#5168,.T.);
#3377=EDGE_CURVE('',#4434,#4432,#5169,.T.);
#3378=EDGE_CURVE('',#4435,#4434,#5170,.T.);
#3379=EDGE_CURVE('',#4436,#4435,#5171,.T.);
#3380=EDGE_CURVE('',#4437,#4436,#5172,.T.);
#3381=EDGE_CURVE('',#4433,#4437,#5173,.T.);
#3382=EDGE_CURVE('',#4438,#4439,#5174,.T.);
#3383=EDGE_CURVE('',#4440,#4438,#5175,.T.);
#3384=EDGE_CURVE('',#4441,#4440,#5176,.T.);
#3385=EDGE_CURVE('',#4442,#4441,#5177,.T.);
#3386=EDGE_CURVE('',#4443,#4442,#5178,.T.);
#3387=EDGE_CURVE('',#4439,#4443,#5179,.T.);
#3388=EDGE_CURVE('',#4444,#4445,#5180,.T.);
#3389=EDGE_CURVE('',#4446,#4444,#5181,.T.);
#3390=EDGE_CURVE('',#4447,#4446,#5182,.T.);
#3391=EDGE_CURVE('',#4448,#4447,#5183,.T.);
#3392=EDGE_CURVE('',#4449,#4448,#5184,.T.);
#3393=EDGE_CURVE('',#4445,#4449,#5185,.T.);
#3394=EDGE_CURVE('',#4450,#4451,#5186,.T.);
#3395=EDGE_CURVE('',#4452,#4450,#5187,.T.);
#3396=EDGE_CURVE('',#4453,#4452,#5188,.T.);
#3397=EDGE_CURVE('',#4454,#4453,#5189,.T.);
#3398=EDGE_CURVE('',#4455,#4454,#5190,.T.);
#3399=EDGE_CURVE('',#4451,#4455,#5191,.T.);
#3400=EDGE_CURVE('',#4456,#4457,#5192,.T.);
#3401=EDGE_CURVE('',#4458,#4456,#5193,.T.);
#3402=EDGE_CURVE('',#4459,#4458,#5194,.T.);
#3403=EDGE_CURVE('',#4460,#4459,#5195,.T.);
#3404=EDGE_CURVE('',#4461,#4460,#5196,.T.);
#3405=EDGE_CURVE('',#4457,#4461,#5197,.T.);
#3406=EDGE_CURVE('',#4462,#4463,#5198,.T.);
#3407=EDGE_CURVE('',#4464,#4462,#5199,.T.);
#3408=EDGE_CURVE('',#4465,#4464,#5200,.T.);
#3409=EDGE_CURVE('',#4466,#4465,#5201,.T.);
#3410=EDGE_CURVE('',#4467,#4466,#5202,.T.);
#3411=EDGE_CURVE('',#4463,#4467,#5203,.T.);
#3412=EDGE_CURVE('',#4468,#4469,#5204,.T.);
#3413=EDGE_CURVE('',#4470,#4468,#5205,.T.);
#3414=EDGE_CURVE('',#4471,#4470,#5206,.T.);
#3415=EDGE_CURVE('',#4472,#4471,#5207,.T.);
#3416=EDGE_CURVE('',#4473,#4472,#5208,.T.);
#3417=EDGE_CURVE('',#4469,#4473,#5209,.T.);
#3418=EDGE_CURVE('',#4474,#4475,#5210,.T.);
#3419=EDGE_CURVE('',#4476,#4474,#5211,.T.);
#3420=EDGE_CURVE('',#4477,#4476,#5212,.T.);
#3421=EDGE_CURVE('',#4478,#4477,#5213,.T.);
#3422=EDGE_CURVE('',#4479,#4478,#5214,.T.);
#3423=EDGE_CURVE('',#4475,#4479,#5215,.T.);
#3424=EDGE_CURVE('',#4480,#4481,#5216,.T.);
#3425=EDGE_CURVE('',#4482,#4480,#5217,.T.);
#3426=EDGE_CURVE('',#4483,#4482,#5218,.T.);
#3427=EDGE_CURVE('',#4484,#4483,#5219,.T.);
#3428=EDGE_CURVE('',#4485,#4484,#5220,.T.);
#3429=EDGE_CURVE('',#4481,#4485,#5221,.T.);
#3430=EDGE_CURVE('',#4486,#4487,#5222,.T.);
#3431=EDGE_CURVE('',#4488,#4486,#5223,.T.);
#3432=EDGE_CURVE('',#4489,#4488,#5224,.T.);
#3433=EDGE_CURVE('',#4490,#4489,#5225,.T.);
#3434=EDGE_CURVE('',#4491,#4490,#5226,.T.);
#3435=EDGE_CURVE('',#4487,#4491,#5227,.T.);
#3436=EDGE_CURVE('',#4492,#4493,#5228,.T.);
#3437=EDGE_CURVE('',#4494,#4492,#5229,.T.);
#3438=EDGE_CURVE('',#4495,#4494,#5230,.T.);
#3439=EDGE_CURVE('',#4496,#4495,#5231,.T.);
#3440=EDGE_CURVE('',#4497,#4496,#5232,.T.);
#3441=EDGE_CURVE('',#4493,#4497,#5233,.T.);
#3442=EDGE_CURVE('',#3965,#4384,#5234,.T.);
#3443=EDGE_CURVE('',#3966,#4385,#5235,.T.);
#3444=EDGE_CURVE('',#3964,#4386,#5236,.T.);
#3445=EDGE_CURVE('',#3969,#4387,#5237,.T.);
#3446=EDGE_CURVE('',#3968,#4388,#5238,.T.);
#3447=EDGE_CURVE('',#3967,#4389,#5239,.T.);
#3448=EDGE_CURVE('',#3971,#4378,#5240,.T.);
#3449=EDGE_CURVE('',#3972,#4379,#5241,.T.);
#3450=EDGE_CURVE('',#3970,#4380,#5242,.T.);
#3451=EDGE_CURVE('',#3975,#4381,#5243,.T.);
#3452=EDGE_CURVE('',#3974,#4382,#5244,.T.);
#3453=EDGE_CURVE('',#3973,#4383,#5245,.T.);
#3454=EDGE_CURVE('',#3957,#4270,#5246,.T.);
#3455=EDGE_CURVE('',#3958,#4269,#5247,.T.);
#3456=EDGE_CURVE('',#3956,#4271,#5248,.T.);
#3457=EDGE_CURVE('',#3955,#4267,#5249,.T.);
#3458=EDGE_CURVE('',#3959,#4268,#5250,.T.);
#3459=EDGE_CURVE('',#3944,#4256,#5251,.T.);
#3460=EDGE_CURVE('',#3945,#4255,#5252,.T.);
#3461=EDGE_CURVE('',#3943,#4257,#5253,.T.);
#3462=EDGE_CURVE('',#3942,#4254,#5254,.T.);
#3463=EDGE_CURVE('',#3963,#4273,#5255,.T.);
#3464=EDGE_CURVE('',#3960,#4272,#5256,.T.);
#3465=EDGE_CURVE('',#3962,#4274,#5257,.T.);
#3466=EDGE_CURVE('',#3961,#4275,#5258,.T.);
#3467=EDGE_CURVE('',#3977,#4372,#5259,.T.);
#3468=EDGE_CURVE('',#3978,#4373,#5260,.T.);
#3469=EDGE_CURVE('',#3976,#4374,#5261,.T.);
#3470=EDGE_CURVE('',#3981,#4375,#5262,.T.);
#3471=EDGE_CURVE('',#3980,#4376,#5263,.T.);
#3472=EDGE_CURVE('',#3979,#4377,#5264,.T.);
#3473=EDGE_CURVE('',#3983,#4390,#5265,.T.);
#3474=EDGE_CURVE('',#3984,#4391,#5266,.T.);
#3475=EDGE_CURVE('',#3982,#4392,#5267,.T.);
#3476=EDGE_CURVE('',#3987,#4393,#5268,.T.);
#3477=EDGE_CURVE('',#3986,#4394,#5269,.T.);
#3478=EDGE_CURVE('',#3985,#4395,#5270,.T.);
#3479=EDGE_CURVE('',#3989,#4366,#5271,.T.);
#3480=EDGE_CURVE('',#3990,#4367,#5272,.T.);
#3481=EDGE_CURVE('',#3988,#4368,#5273,.T.);
#3482=EDGE_CURVE('',#3993,#4369,#5274,.T.);
#3483=EDGE_CURVE('',#3992,#4370,#5275,.T.);
#3484=EDGE_CURVE('',#3991,#4371,#5276,.T.);
#3485=EDGE_CURVE('',#3995,#4396,#5277,.T.);
#3486=EDGE_CURVE('',#3996,#4397,#5278,.T.);
#3487=EDGE_CURVE('',#3994,#4398,#5279,.T.);
#3488=EDGE_CURVE('',#3999,#4399,#5280,.T.);
#3489=EDGE_CURVE('',#3998,#4400,#5281,.T.);
#3490=EDGE_CURVE('',#3997,#4401,#5282,.T.);
#3491=EDGE_CURVE('',#3948,#4260,#5283,.T.);
#3492=EDGE_CURVE('',#3949,#4259,#5284,.T.);
#3493=EDGE_CURVE('',#3947,#4261,#5285,.T.);
#3494=EDGE_CURVE('',#3946,#4258,#5286,.T.);
#3495=EDGE_CURVE('',#4001,#4402,#5287,.T.);
#3496=EDGE_CURVE('',#4002,#4403,#5288,.T.);
#3497=EDGE_CURVE('',#4000,#4404,#5289,.T.);
#3498=EDGE_CURVE('',#4005,#4405,#5290,.T.);
#3499=EDGE_CURVE('',#4004,#4406,#5291,.T.);
#3500=EDGE_CURVE('',#4003,#4407,#5292,.T.);
#3501=EDGE_CURVE('',#4007,#4360,#5293,.T.);
#3502=EDGE_CURVE('',#4008,#4361,#5294,.T.);
#3503=EDGE_CURVE('',#4006,#4362,#5295,.T.);
#3504=EDGE_CURVE('',#4011,#4363,#5296,.T.);
#3505=EDGE_CURVE('',#4010,#4364,#5297,.T.);
#3506=EDGE_CURVE('',#4009,#4365,#5298,.T.);
#3507=EDGE_CURVE('',#4013,#4408,#5299,.T.);
#3508=EDGE_CURVE('',#4014,#4409,#5300,.T.);
#3509=EDGE_CURVE('',#4012,#4410,#5301,.T.);
#3510=EDGE_CURVE('',#4017,#4411,#5302,.T.);
#3511=EDGE_CURVE('',#4016,#4412,#5303,.T.);
#3512=EDGE_CURVE('',#4015,#4413,#5304,.T.);
#3513=EDGE_CURVE('',#4019,#4354,#5305,.T.);
#3514=EDGE_CURVE('',#4020,#4355,#5306,.T.);
#3515=EDGE_CURVE('',#4018,#4356,#5307,.T.);
#3516=EDGE_CURVE('',#4023,#4357,#5308,.T.);
#3517=EDGE_CURVE('',#4022,#4358,#5309,.T.);
#3518=EDGE_CURVE('',#4021,#4359,#5310,.T.);
#3519=EDGE_CURVE('',#4025,#4414,#5311,.T.);
#3520=EDGE_CURVE('',#4026,#4415,#5312,.T.);
#3521=EDGE_CURVE('',#4024,#4416,#5313,.T.);
#3522=EDGE_CURVE('',#4029,#4417,#5314,.T.);
#3523=EDGE_CURVE('',#4028,#4418,#5315,.T.);
#3524=EDGE_CURVE('',#4027,#4419,#5316,.T.);
#3525=EDGE_CURVE('',#4031,#4348,#5317,.T.);
#3526=EDGE_CURVE('',#4032,#4349,#5318,.T.);
#3527=EDGE_CURVE('',#4030,#4350,#5319,.T.);
#3528=EDGE_CURVE('',#4035,#4351,#5320,.T.);
#3529=EDGE_CURVE('',#4034,#4352,#5321,.T.);
#3530=EDGE_CURVE('',#4033,#4353,#5322,.T.);
#3531=EDGE_CURVE('',#3899,#4213,#5323,.T.);
#3532=EDGE_CURVE('',#3900,#4212,#5324,.T.);
#3533=EDGE_CURVE('',#3898,#4210,#5325,.T.);
#3534=EDGE_CURVE('',#3901,#4211,#5326,.T.);
#3535=EDGE_CURVE('',#4037,#4342,#5327,.T.);
#3536=EDGE_CURVE('',#4038,#4343,#5328,.T.);
#3537=EDGE_CURVE('',#4036,#4344,#5329,.T.);
#3538=EDGE_CURVE('',#4041,#4345,#5330,.T.);
#3539=EDGE_CURVE('',#4040,#4346,#5331,.T.);
#3540=EDGE_CURVE('',#4039,#4347,#5332,.T.);
#3541=EDGE_CURVE('',#4043,#4420,#5333,.T.);
#3542=EDGE_CURVE('',#4044,#4421,#5334,.T.);
#3543=EDGE_CURVE('',#4042,#4422,#5335,.T.);
#3544=EDGE_CURVE('',#4047,#4423,#5336,.T.);
#3545=EDGE_CURVE('',#4046,#4424,#5337,.T.);
#3546=EDGE_CURVE('',#4045,#4425,#5338,.T.);
#3547=EDGE_CURVE('',#4049,#4336,#5339,.T.);
#3548=EDGE_CURVE('',#4050,#4337,#5340,.T.);
#3549=EDGE_CURVE('',#4048,#4338,#5341,.T.);
#3550=EDGE_CURVE('',#4053,#4339,#5342,.T.);
#3551=EDGE_CURVE('',#4052,#4340,#5343,.T.);
#3552=EDGE_CURVE('',#4051,#4341,#5344,.T.);
#3553=EDGE_CURVE('',#4055,#4426,#5345,.T.);
#3554=EDGE_CURVE('',#4056,#4427,#5346,.T.);
#3555=EDGE_CURVE('',#4054,#4428,#5347,.T.);
#3556=EDGE_CURVE('',#4059,#4429,#5348,.T.);
#3557=EDGE_CURVE('',#4058,#4430,#5349,.T.);
#3558=EDGE_CURVE('',#4057,#4431,#5350,.T.);
#3559=EDGE_CURVE('',#3953,#4264,#5351,.T.);
#3560=EDGE_CURVE('',#3954,#4263,#5352,.T.);
#3561=EDGE_CURVE('',#3952,#4265,#5353,.T.);
#3562=EDGE_CURVE('',#3951,#4266,#5354,.T.);
#3563=EDGE_CURVE('',#3950,#4262,#5355,.T.);
#3564=EDGE_CURVE('',#3940,#4252,#5356,.T.);
#3565=EDGE_CURVE('',#3941,#4253,#5357,.T.);
#3566=EDGE_CURVE('',#3938,#4250,#5358,.T.);
#3567=EDGE_CURVE('',#3939,#4249,#5359,.T.);
#3568=EDGE_CURVE('',#3937,#4251,#5360,.T.);
#3569=EDGE_CURVE('',#3936,#4248,#5361,.T.);
#3570=EDGE_CURVE('',#3934,#4245,#5362,.T.);
#3571=EDGE_CURVE('',#3935,#4244,#5363,.T.);
#3572=EDGE_CURVE('',#3933,#4246,#5364,.T.);
#3573=EDGE_CURVE('',#3932,#4247,#5365,.T.);
#3574=EDGE_CURVE('',#3931,#4243,#5366,.T.);
#3575=EDGE_CURVE('',#3927,#4239,#5367,.T.);
#3576=EDGE_CURVE('',#3928,#4238,#5368,.T.);
#3577=EDGE_CURVE('',#3926,#4240,#5369,.T.);
#3578=EDGE_CURVE('',#3925,#4237,#5370,.T.);
#3579=EDGE_CURVE('',#3929,#4241,#5371,.T.);
#3580=EDGE_CURVE('',#3930,#4242,#5372,.T.);
#3581=EDGE_CURVE('',#4061,#4330,#5373,.T.);
#3582=EDGE_CURVE('',#4062,#4331,#5374,.T.);
#3583=EDGE_CURVE('',#4060,#4332,#5375,.T.);
#3584=EDGE_CURVE('',#4065,#4333,#5376,.T.);
#3585=EDGE_CURVE('',#4064,#4334,#5377,.T.);
#3586=EDGE_CURVE('',#4063,#4335,#5378,.T.);
#3587=EDGE_CURVE('',#3894,#4206,#5379,.T.);
#3588=EDGE_CURVE('',#3895,#4205,#5380,.T.);
#3589=EDGE_CURVE('',#3893,#4207,#5381,.T.);
#3590=EDGE_CURVE('',#3892,#4204,#5382,.T.);
#3591=EDGE_CURVE('',#3906,#4218,#5383,.T.);
#3592=EDGE_CURVE('',#3907,#4221,#5384,.T.);
#3593=EDGE_CURVE('',#3908,#4220,#5385,.T.);
#3594=EDGE_CURVE('',#3909,#4219,#5386,.T.);
#3595=EDGE_CURVE('',#4067,#4432,#5387,.T.);
#3596=EDGE_CURVE('',#4068,#4433,#5388,.T.);
#3597=EDGE_CURVE('',#4066,#4434,#5389,.T.);
#3598=EDGE_CURVE('',#4071,#4435,#5390,.T.);
#3599=EDGE_CURVE('',#4070,#4436,#5391,.T.);
#3600=EDGE_CURVE('',#4069,#4437,#5392,.T.);
#3601=EDGE_CURVE('',#4073,#4324,#5393,.T.);
#3602=EDGE_CURVE('',#4074,#4325,#5394,.T.);
#3603=EDGE_CURVE('',#4072,#4326,#5395,.T.);
#3604=EDGE_CURVE('',#4077,#4327,#5396,.T.);
#3605=EDGE_CURVE('',#4076,#4328,#5397,.T.);
#3606=EDGE_CURVE('',#4075,#4329,#5398,.T.);
#3607=EDGE_CURVE('',#4079,#4438,#5399,.T.);
#3608=EDGE_CURVE('',#4080,#4439,#5400,.T.);
#3609=EDGE_CURVE('',#4078,#4440,#5401,.T.);
#3610=EDGE_CURVE('',#4083,#4441,#5402,.T.);
#3611=EDGE_CURVE('',#4082,#4442,#5403,.T.);
#3612=EDGE_CURVE('',#4081,#4443,#5404,.T.);
#3613=EDGE_CURVE('',#3923,#4235,#5405,.T.);
#3614=EDGE_CURVE('',#3924,#4236,#5406,.T.);
#3615=EDGE_CURVE('',#3921,#4233,#5407,.T.);
#3616=EDGE_CURVE('',#3922,#4232,#5408,.T.);
#3617=EDGE_CURVE('',#3920,#4234,#5409,.T.);
#3618=EDGE_CURVE('',#3919,#4231,#5410,.T.);
#3619=EDGE_CURVE('',#3914,#4226,#5411,.T.);
#3620=EDGE_CURVE('',#3915,#4230,#5412,.T.);
#3621=EDGE_CURVE('',#3917,#4228,#5413,.T.);
#3622=EDGE_CURVE('',#3918,#4227,#5414,.T.);
#3623=EDGE_CURVE('',#3916,#4229,#5415,.T.);
#3624=EDGE_CURVE('',#3910,#4222,#5416,.T.);
#3625=EDGE_CURVE('',#3911,#4225,#5417,.T.);
#3626=EDGE_CURVE('',#3912,#4224,#5418,.T.);
#3627=EDGE_CURVE('',#3913,#4223,#5419,.T.);
#3628=EDGE_CURVE('',#3904,#4216,#5420,.T.);
#3629=EDGE_CURVE('',#3905,#4217,#5421,.T.);
#3630=EDGE_CURVE('',#4085,#4444,#5422,.T.);
#3631=EDGE_CURVE('',#4086,#4445,#5423,.T.);
#3632=EDGE_CURVE('',#4084,#4446,#5424,.T.);
#3633=EDGE_CURVE('',#4089,#4447,#5425,.T.);
#3634=EDGE_CURVE('',#4088,#4448,#5426,.T.);
#3635=EDGE_CURVE('',#4087,#4449,#5427,.T.);
#3636=EDGE_CURVE('',#4091,#4318,#5428,.T.);
#3637=EDGE_CURVE('',#4092,#4319,#5429,.T.);
#3638=EDGE_CURVE('',#4090,#4320,#5430,.T.);
#3639=EDGE_CURVE('',#4095,#4321,#5431,.T.);
#3640=EDGE_CURVE('',#4094,#4322,#5432,.T.);
#3641=EDGE_CURVE('',#4093,#4323,#5433,.T.);
#3642=EDGE_CURVE('',#3889,#4203,#5434,.T.);
#3643=EDGE_CURVE('',#3890,#4202,#5435,.T.);
#3644=EDGE_CURVE('',#3888,#4200,#5436,.T.);
#3645=EDGE_CURVE('',#3891,#4201,#5437,.T.);
#3646=EDGE_CURVE('',#3902,#4214,#5438,.T.);
#3647=EDGE_CURVE('',#3903,#4215,#5439,.T.);
#3648=EDGE_CURVE('',#4097,#4450,#5440,.T.);
#3649=EDGE_CURVE('',#4098,#4451,#5441,.T.);
#3650=EDGE_CURVE('',#4096,#4452,#5442,.T.);
#3651=EDGE_CURVE('',#4101,#4453,#5443,.T.);
#3652=EDGE_CURVE('',#4100,#4454,#5444,.T.);
#3653=EDGE_CURVE('',#4099,#4455,#5445,.T.);
#3654=EDGE_CURVE('',#4103,#4312,#5446,.T.);
#3655=EDGE_CURVE('',#4104,#4313,#5447,.T.);
#3656=EDGE_CURVE('',#4102,#4314,#5448,.T.);
#3657=EDGE_CURVE('',#4107,#4315,#5449,.T.);
#3658=EDGE_CURVE('',#4106,#4316,#5450,.T.);
#3659=EDGE_CURVE('',#4105,#4317,#5451,.T.);
#3660=EDGE_CURVE('',#3896,#4208,#5452,.T.);
#3661=EDGE_CURVE('',#3897,#4209,#5453,.T.);
#3662=EDGE_CURVE('',#4109,#4306,#5454,.T.);
#3663=EDGE_CURVE('',#4110,#4307,#5455,.T.);
#3664=EDGE_CURVE('',#4108,#4308,#5456,.T.);
#3665=EDGE_CURVE('',#4113,#4309,#5457,.T.);
#3666=EDGE_CURVE('',#4112,#4310,#5458,.T.);
#3667=EDGE_CURVE('',#4111,#4311,#5459,.T.);
#3668=EDGE_CURVE('',#4115,#4456,#5460,.T.);
#3669=EDGE_CURVE('',#4116,#4457,#5461,.T.);
#3670=EDGE_CURVE('',#4114,#4458,#5462,.T.);
#3671=EDGE_CURVE('',#4119,#4459,#5463,.T.);
#3672=EDGE_CURVE('',#4118,#4460,#5464,.T.);
#3673=EDGE_CURVE('',#4117,#4461,#5465,.T.);
#3674=EDGE_CURVE('',#4121,#4300,#5466,.T.);
#3675=EDGE_CURVE('',#4122,#4301,#5467,.T.);
#3676=EDGE_CURVE('',#4120,#4302,#5468,.T.);
#3677=EDGE_CURVE('',#4125,#4303,#5469,.T.);
#3678=EDGE_CURVE('',#4124,#4304,#5470,.T.);
#3679=EDGE_CURVE('',#4123,#4305,#5471,.T.);
#3680=EDGE_CURVE('',#4127,#4462,#5472,.T.);
#3681=EDGE_CURVE('',#4128,#4463,#5473,.T.);
#3682=EDGE_CURVE('',#4126,#4464,#5474,.T.);
#3683=EDGE_CURVE('',#4131,#4465,#5475,.T.);
#3684=EDGE_CURVE('',#4130,#4466,#5476,.T.);
#3685=EDGE_CURVE('',#4129,#4467,#5477,.T.);
#3686=EDGE_CURVE('',#3877,#4188,#5478,.T.);
#3687=EDGE_CURVE('',#3878,#4187,#5479,.T.);
#3688=EDGE_CURVE('',#3876,#4189,#5480,.T.);
#3689=EDGE_CURVE('',#3875,#4190,#5481,.T.);
#3690=EDGE_CURVE('',#3874,#4186,#5482,.T.);
#3691=EDGE_CURVE('',#4133,#4468,#5483,.T.);
#3692=EDGE_CURVE('',#4134,#4469,#5484,.T.);
#3693=EDGE_CURVE('',#4132,#4470,#5485,.T.);
#3694=EDGE_CURVE('',#4137,#4471,#5486,.T.);
#3695=EDGE_CURVE('',#4136,#4472,#5487,.T.);
#3696=EDGE_CURVE('',#4135,#4473,#5488,.T.);
#3697=EDGE_CURVE('',#4139,#4294,#5489,.T.);
#3698=EDGE_CURVE('',#4140,#4295,#5490,.T.);
#3699=EDGE_CURVE('',#4138,#4296,#5491,.T.);
#3700=EDGE_CURVE('',#4143,#4297,#5492,.T.);
#3701=EDGE_CURVE('',#4142,#4298,#5493,.T.);
#3702=EDGE_CURVE('',#4141,#4299,#5494,.T.);
#3703=EDGE_CURVE('',#4145,#4474,#5495,.T.);
#3704=EDGE_CURVE('',#4146,#4475,#5496,.T.);
#3705=EDGE_CURVE('',#4144,#4476,#5497,.T.);
#3706=EDGE_CURVE('',#4149,#4477,#5498,.T.);
#3707=EDGE_CURVE('',#4148,#4478,#5499,.T.);
#3708=EDGE_CURVE('',#4147,#4479,#5500,.T.);
#3709=EDGE_CURVE('',#4151,#4288,#5501,.T.);
#3710=EDGE_CURVE('',#4152,#4289,#5502,.T.);
#3711=EDGE_CURVE('',#4150,#4290,#5503,.T.);
#3712=EDGE_CURVE('',#4155,#4291,#5504,.T.);
#3713=EDGE_CURVE('',#4154,#4292,#5505,.T.);
#3714=EDGE_CURVE('',#4153,#4293,#5506,.T.);
#3715=EDGE_CURVE('',#4157,#4480,#5507,.T.);
#3716=EDGE_CURVE('',#4158,#4481,#5508,.T.);
#3717=EDGE_CURVE('',#4156,#4482,#5509,.T.);
#3718=EDGE_CURVE('',#4161,#4483,#5510,.T.);
#3719=EDGE_CURVE('',#4160,#4484,#5511,.T.);
#3720=EDGE_CURVE('',#4159,#4485,#5512,.T.);
#3721=EDGE_CURVE('',#3884,#4199,#5513,.T.);
#3722=EDGE_CURVE('',#3885,#4198,#5514,.T.);
#3723=EDGE_CURVE('',#3883,#4195,#5515,.T.);
#3724=EDGE_CURVE('',#3886,#4197,#5516,.T.);
#3725=EDGE_CURVE('',#3887,#4196,#5517,.T.);
#3726=EDGE_CURVE('',#4163,#4486,#5518,.T.);
#3727=EDGE_CURVE('',#4164,#4487,#5519,.T.);
#3728=EDGE_CURVE('',#4162,#4488,#5520,.T.);
#3729=EDGE_CURVE('',#4167,#4489,#5521,.T.);
#3730=EDGE_CURVE('',#4166,#4490,#5522,.T.);
#3731=EDGE_CURVE('',#4165,#4491,#5523,.T.);
#3732=EDGE_CURVE('',#4169,#4282,#5524,.T.);
#3733=EDGE_CURVE('',#4170,#4283,#5525,.T.);
#3734=EDGE_CURVE('',#4168,#4284,#5526,.T.);
#3735=EDGE_CURVE('',#4173,#4285,#5527,.T.);
#3736=EDGE_CURVE('',#4172,#4286,#5528,.T.);
#3737=EDGE_CURVE('',#4171,#4287,#5529,.T.);
#3738=EDGE_CURVE('',#4175,#4492,#5530,.T.);
#3739=EDGE_CURVE('',#4176,#4493,#5531,.T.);
#3740=EDGE_CURVE('',#4174,#4494,#5532,.T.);
#3741=EDGE_CURVE('',#4179,#4495,#5533,.T.);
#3742=EDGE_CURVE('',#4178,#4496,#5534,.T.);
#3743=EDGE_CURVE('',#4177,#4497,#5535,.T.);
#3744=EDGE_CURVE('',#4181,#4276,#5536,.T.);
#3745=EDGE_CURVE('',#4182,#4277,#5537,.T.);
#3746=EDGE_CURVE('',#4180,#4278,#5538,.T.);
#3747=EDGE_CURVE('',#4185,#4279,#5539,.T.);
#3748=EDGE_CURVE('',#4184,#4280,#5540,.T.);
#3749=EDGE_CURVE('',#4183,#4281,#5541,.T.);
#3750=EDGE_CURVE('',#3881,#4193,#5542,.T.);
#3751=EDGE_CURVE('',#3882,#4192,#5543,.T.);
#3752=EDGE_CURVE('',#3880,#4194,#5544,.T.);
#3753=EDGE_CURVE('',#3879,#4191,#5545,.T.);
#3754=VERTEX_POINT('',#10396);
#3755=VERTEX_POINT('',#10397);
#3756=VERTEX_POINT('',#10399);
#3757=VERTEX_POINT('',#10401);
#3758=VERTEX_POINT('',#10405);
#3759=VERTEX_POINT('',#10406);
#3760=VERTEX_POINT('',#10408);
#3761=VERTEX_POINT('',#10410);
#3762=VERTEX_POINT('',#10414);
#3763=VERTEX_POINT('',#10415);
#3764=VERTEX_POINT('',#10417);
#3765=VERTEX_POINT('',#10419);
#3766=VERTEX_POINT('',#10423);
#3767=VERTEX_POINT('',#10424);
#3768=VERTEX_POINT('',#10426);
#3769=VERTEX_POINT('',#10428);
#3770=VERTEX_POINT('',#10432);
#3771=VERTEX_POINT('',#10433);
#3772=VERTEX_POINT('',#10435);
#3773=VERTEX_POINT('',#10437);
#3774=VERTEX_POINT('',#10441);
#3775=VERTEX_POINT('',#10442);
#3776=VERTEX_POINT('',#10444);
#3777=VERTEX_POINT('',#10446);
#3778=VERTEX_POINT('',#10450);
#3779=VERTEX_POINT('',#10451);
#3780=VERTEX_POINT('',#10453);
#3781=VERTEX_POINT('',#10455);
#3782=VERTEX_POINT('',#10459);
#3783=VERTEX_POINT('',#10460);
#3784=VERTEX_POINT('',#10462);
#3785=VERTEX_POINT('',#10464);
#3786=VERTEX_POINT('',#10468);
#3787=VERTEX_POINT('',#10469);
#3788=VERTEX_POINT('',#10471);
#3789=VERTEX_POINT('',#10473);
#3790=VERTEX_POINT('',#10477);
#3791=VERTEX_POINT('',#10478);
#3792=VERTEX_POINT('',#10480);
#3793=VERTEX_POINT('',#10482);
#3794=VERTEX_POINT('',#10486);
#3795=VERTEX_POINT('',#10487);
#3796=VERTEX_POINT('',#10489);
#3797=VERTEX_POINT('',#10491);
#3798=VERTEX_POINT('',#10495);
#3799=VERTEX_POINT('',#10496);
#3800=VERTEX_POINT('',#10498);
#3801=VERTEX_POINT('',#10500);
#3802=VERTEX_POINT('',#10504);
#3803=VERTEX_POINT('',#10505);
#3804=VERTEX_POINT('',#10507);
#3805=VERTEX_POINT('',#10509);
#3806=VERTEX_POINT('',#10513);
#3807=VERTEX_POINT('',#10514);
#3808=VERTEX_POINT('',#10516);
#3809=VERTEX_POINT('',#10518);
#3810=VERTEX_POINT('',#10522);
#3811=VERTEX_POINT('',#10523);
#3812=VERTEX_POINT('',#10525);
#3813=VERTEX_POINT('',#10527);
#3814=VERTEX_POINT('',#10531);
#3815=VERTEX_POINT('',#10532);
#3816=VERTEX_POINT('',#10534);
#3817=VERTEX_POINT('',#10536);
#3818=VERTEX_POINT('',#10540);
#3819=VERTEX_POINT('',#10541);
#3820=VERTEX_POINT('',#10543);
#3821=VERTEX_POINT('',#10545);
#3822=VERTEX_POINT('',#10549);
#3823=VERTEX_POINT('',#10550);
#3824=VERTEX_POINT('',#10552);
#3825=VERTEX_POINT('',#10554);
#3826=VERTEX_POINT('',#10558);
#3827=VERTEX_POINT('',#10559);
#3828=VERTEX_POINT('',#10561);
#3829=VERTEX_POINT('',#10563);
#3830=VERTEX_POINT('',#10567);
#3831=VERTEX_POINT('',#10568);
#3832=VERTEX_POINT('',#10570);
#3833=VERTEX_POINT('',#10572);
#3834=VERTEX_POINT('',#10576);
#3835=VERTEX_POINT('',#10577);
#3836=VERTEX_POINT('',#10579);
#3837=VERTEX_POINT('',#10581);
#3838=VERTEX_POINT('',#10585);
#3839=VERTEX_POINT('',#10586);
#3840=VERTEX_POINT('',#10588);
#3841=VERTEX_POINT('',#10590);
#3842=VERTEX_POINT('',#10594);
#3843=VERTEX_POINT('',#10595);
#3844=VERTEX_POINT('',#10597);
#3845=VERTEX_POINT('',#10599);
#3846=VERTEX_POINT('',#10603);
#3847=VERTEX_POINT('',#10604);
#3848=VERTEX_POINT('',#10606);
#3849=VERTEX_POINT('',#10608);
#3850=VERTEX_POINT('',#10612);
#3851=VERTEX_POINT('',#10614);
#3852=VERTEX_POINT('',#10618);
#3853=VERTEX_POINT('',#10620);
#3854=VERTEX_POINT('',#10624);
#3855=VERTEX_POINT('',#10626);
#3856=VERTEX_POINT('',#10630);
#3857=VERTEX_POINT('',#10632);
#3858=VERTEX_POINT('',#10636);
#3859=VERTEX_POINT('',#10638);
#3860=VERTEX_POINT('',#10642);
#3861=VERTEX_POINT('',#10644);
#3862=VERTEX_POINT('',#10648);
#3863=VERTEX_POINT('',#10650);
#3864=VERTEX_POINT('',#10653);
#3865=VERTEX_POINT('',#10655);
#3866=VERTEX_POINT('',#10658);
#3867=VERTEX_POINT('',#10660);
#3868=VERTEX_POINT('',#10663);
#3869=VERTEX_POINT('',#10665);
#3870=VERTEX_POINT('',#10668);
#3871=VERTEX_POINT('',#10669);
#3872=VERTEX_POINT('',#10671);
#3873=VERTEX_POINT('',#10673);
#3874=VERTEX_POINT('',#10680);
#3875=VERTEX_POINT('',#10682);
#3876=VERTEX_POINT('',#10684);
#3877=VERTEX_POINT('',#10686);
#3878=VERTEX_POINT('',#10688);
#3879=VERTEX_POINT('',#10691);
#3880=VERTEX_POINT('',#10693);
#3881=VERTEX_POINT('',#10695);
#3882=VERTEX_POINT('',#10697);
#3883=VERTEX_POINT('',#10700);
#3884=VERTEX_POINT('',#10702);
#3885=VERTEX_POINT('',#10704);
#3886=VERTEX_POINT('',#10706);
#3887=VERTEX_POINT('',#10708);
#3888=VERTEX_POINT('',#10711);
#3889=VERTEX_POINT('',#10713);
#3890=VERTEX_POINT('',#10715);
#3891=VERTEX_POINT('',#10717);
#3892=VERTEX_POINT('',#10720);
#3893=VERTEX_POINT('',#10722);
#3894=VERTEX_POINT('',#10724);
#3895=VERTEX_POINT('',#10726);
#3896=VERTEX_POINT('',#10729);
#3897=VERTEX_POINT('',#10731);
#3898=VERTEX_POINT('',#10734);
#3899=VERTEX_POINT('',#10736);
#3900=VERTEX_POINT('',#10738);
#3901=VERTEX_POINT('',#10740);
#3902=VERTEX_POINT('',#10743);
#3903=VERTEX_POINT('',#10745);
#3904=VERTEX_POINT('',#10748);
#3905=VERTEX_POINT('',#10750);
#3906=VERTEX_POINT('',#10753);
#3907=VERTEX_POINT('',#10755);
#3908=VERTEX_POINT('',#10757);
#3909=VERTEX_POINT('',#10759);
#3910=VERTEX_POINT('',#10762);
#3911=VERTEX_POINT('',#10764);
#3912=VERTEX_POINT('',#10766);
#3913=VERTEX_POINT('',#10768);
#3914=VERTEX_POINT('',#10771);
#3915=VERTEX_POINT('',#10773);
#3916=VERTEX_POINT('',#10775);
#3917=VERTEX_POINT('',#10777);
#3918=VERTEX_POINT('',#10779);
#3919=VERTEX_POINT('',#10782);
#3920=VERTEX_POINT('',#10784);
#3921=VERTEX_POINT('',#10786);
#3922=VERTEX_POINT('',#10788);
#3923=VERTEX_POINT('',#10791);
#3924=VERTEX_POINT('',#10793);
#3925=VERTEX_POINT('',#10796);
#3926=VERTEX_POINT('',#10798);
#3927=VERTEX_POINT('',#10800);
#3928=VERTEX_POINT('',#10802);
#3929=VERTEX_POINT('',#10805);
#3930=VERTEX_POINT('',#10807);
#3931=VERTEX_POINT('',#10810);
#3932=VERTEX_POINT('',#10812);
#3933=VERTEX_POINT('',#10814);
#3934=VERTEX_POINT('',#10816);
#3935=VERTEX_POINT('',#10818);
#3936=VERTEX_POINT('',#10821);
#3937=VERTEX_POINT('',#10823);
#3938=VERTEX_POINT('',#10825);
#3939=VERTEX_POINT('',#10827);
#3940=VERTEX_POINT('',#10830);
#3941=VERTEX_POINT('',#10832);
#3942=VERTEX_POINT('',#10835);
#3943=VERTEX_POINT('',#10837);
#3944=VERTEX_POINT('',#10839);
#3945=VERTEX_POINT('',#10841);
#3946=VERTEX_POINT('',#10844);
#3947=VERTEX_POINT('',#10846);
#3948=VERTEX_POINT('',#10848);
#3949=VERTEX_POINT('',#10850);
#3950=VERTEX_POINT('',#10853);
#3951=VERTEX_POINT('',#10855);
#3952=VERTEX_POINT('',#10857);
#3953=VERTEX_POINT('',#10859);
#3954=VERTEX_POINT('',#10861);
#3955=VERTEX_POINT('',#10864);
#3956=VERTEX_POINT('',#10866);
#3957=VERTEX_POINT('',#10868);
#3958=VERTEX_POINT('',#10870);
#3959=VERTEX_POINT('',#10872);
#3960=VERTEX_POINT('',#10875);
#3961=VERTEX_POINT('',#10877);
#3962=VERTEX_POINT('',#10879);
#3963=VERTEX_POINT('',#10881);
#3964=VERTEX_POINT('',#10884);
#3965=VERTEX_POINT('',#10885);
#3966=VERTEX_POINT('',#10887);
#3967=VERTEX_POINT('',#10889);
#3968=VERTEX_POINT('',#10891);
#3969=VERTEX_POINT('',#10893);
#3970=VERTEX_POINT('',#10896);
#3971=VERTEX_POINT('',#10897);
#3972=VERTEX_POINT('',#10899);
#3973=VERTEX_POINT('',#10901);
#3974=VERTEX_POINT('',#10903);
#3975=VERTEX_POINT('',#10905);
#3976=VERTEX_POINT('',#10908);
#3977=VERTEX_POINT('',#10909);
#3978=VERTEX_POINT('',#10911);
#3979=VERTEX_POINT('',#10913);
#3980=VERTEX_POINT('',#10915);
#3981=VERTEX_POINT('',#10917);
#3982=VERTEX_POINT('',#10920);
#3983=VERTEX_POINT('',#10921);
#3984=VERTEX_POINT('',#10923);
#3985=VERTEX_POINT('',#10925);
#3986=VERTEX_POINT('',#10927);
#3987=VERTEX_POINT('',#10929);
#3988=VERTEX_POINT('',#10932);
#3989=VERTEX_POINT('',#10933);
#3990=VERTEX_POINT('',#10935);
#3991=VERTEX_POINT('',#10937);
#3992=VERTEX_POINT('',#10939);
#3993=VERTEX_POINT('',#10941);
#3994=VERTEX_POINT('',#10944);
#3995=VERTEX_POINT('',#10945);
#3996=VERTEX_POINT('',#10947);
#3997=VERTEX_POINT('',#10949);
#3998=VERTEX_POINT('',#10951);
#3999=VERTEX_POINT('',#10953);
#4000=VERTEX_POINT('',#10956);
#4001=VERTEX_POINT('',#10957);
#4002=VERTEX_POINT('',#10959);
#4003=VERTEX_POINT('',#10961);
#4004=VERTEX_POINT('',#10963);
#4005=VERTEX_POINT('',#10965);
#4006=VERTEX_POINT('',#10968);
#4007=VERTEX_POINT('',#10969);
#4008=VERTEX_POINT('',#10971);
#4009=VERTEX_POINT('',#10973);
#4010=VERTEX_POINT('',#10975);
#4011=VERTEX_POINT('',#10977);
#4012=VERTEX_POINT('',#10980);
#4013=VERTEX_POINT('',#10981);
#4014=VERTEX_POINT('',#10983);
#4015=VERTEX_POINT('',#10985);
#4016=VERTEX_POINT('',#10987);
#4017=VERTEX_POINT('',#10989);
#4018=VERTEX_POINT('',#10992);
#4019=VERTEX_POINT('',#10993);
#4020=VERTEX_POINT('',#10995);
#4021=VERTEX_POINT('',#10997);
#4022=VERTEX_POINT('',#10999);
#4023=VERTEX_POINT('',#11001);
#4024=VERTEX_POINT('',#11004);
#4025=VERTEX_POINT('',#11005);
#4026=VERTEX_POINT('',#11007);
#4027=VERTEX_POINT('',#11009);
#4028=VERTEX_POINT('',#11011);
#4029=VERTEX_POINT('',#11013);
#4030=VERTEX_POINT('',#11016);
#4031=VERTEX_POINT('',#11017);
#4032=VERTEX_POINT('',#11019);
#4033=VERTEX_POINT('',#11021);
#4034=VERTEX_POINT('',#11023);
#4035=VERTEX_POINT('',#11025);
#4036=VERTEX_POINT('',#11028);
#4037=VERTEX_POINT('',#11029);
#4038=VERTEX_POINT('',#11031);
#4039=VERTEX_POINT('',#11033);
#4040=VERTEX_POINT('',#11035);
#4041=VERTEX_POINT('',#11037);
#4042=VERTEX_POINT('',#11040);
#4043=VERTEX_POINT('',#11041);
#4044=VERTEX_POINT('',#11043);
#4045=VERTEX_POINT('',#11045);
#4046=VERTEX_POINT('',#11047);
#4047=VERTEX_POINT('',#11049);
#4048=VERTEX_POINT('',#11052);
#4049=VERTEX_POINT('',#11053);
#4050=VERTEX_POINT('',#11055);
#4051=VERTEX_POINT('',#11057);
#4052=VERTEX_POINT('',#11059);
#4053=VERTEX_POINT('',#11061);
#4054=VERTEX_POINT('',#11064);
#4055=VERTEX_POINT('',#11065);
#4056=VERTEX_POINT('',#11067);
#4057=VERTEX_POINT('',#11069);
#4058=VERTEX_POINT('',#11071);
#4059=VERTEX_POINT('',#11073);
#4060=VERTEX_POINT('',#11076);
#4061=VERTEX_POINT('',#11077);
#4062=VERTEX_POINT('',#11079);
#4063=VERTEX_POINT('',#11081);
#4064=VERTEX_POINT('',#11083);
#4065=VERTEX_POINT('',#11085);
#4066=VERTEX_POINT('',#11088);
#4067=VERTEX_POINT('',#11089);
#4068=VERTEX_POINT('',#11091);
#4069=VERTEX_POINT('',#11093);
#4070=VERTEX_POINT('',#11095);
#4071=VERTEX_POINT('',#11097);
#4072=VERTEX_POINT('',#11100);
#4073=VERTEX_POINT('',#11101);
#4074=VERTEX_POINT('',#11103);
#4075=VERTEX_POINT('',#11105);
#4076=VERTEX_POINT('',#11107);
#4077=VERTEX_POINT('',#11109);
#4078=VERTEX_POINT('',#11112);
#4079=VERTEX_POINT('',#11113);
#4080=VERTEX_POINT('',#11115);
#4081=VERTEX_POINT('',#11117);
#4082=VERTEX_POINT('',#11119);
#4083=VERTEX_POINT('',#11121);
#4084=VERTEX_POINT('',#11124);
#4085=VERTEX_POINT('',#11125);
#4086=VERTEX_POINT('',#11127);
#4087=VERTEX_POINT('',#11129);
#4088=VERTEX_POINT('',#11131);
#4089=VERTEX_POINT('',#11133);
#4090=VERTEX_POINT('',#11136);
#4091=VERTEX_POINT('',#11137);
#4092=VERTEX_POINT('',#11139);
#4093=VERTEX_POINT('',#11141);
#4094=VERTEX_POINT('',#11143);
#4095=VERTEX_POINT('',#11145);
#4096=VERTEX_POINT('',#11148);
#4097=VERTEX_POINT('',#11149);
#4098=VERTEX_POINT('',#11151);
#4099=VERTEX_POINT('',#11153);
#4100=VERTEX_POINT('',#11155);
#4101=VERTEX_POINT('',#11157);
#4102=VERTEX_POINT('',#11160);
#4103=VERTEX_POINT('',#11161);
#4104=VERTEX_POINT('',#11163);
#4105=VERTEX_POINT('',#11165);
#4106=VERTEX_POINT('',#11167);
#4107=VERTEX_POINT('',#11169);
#4108=VERTEX_POINT('',#11172);
#4109=VERTEX_POINT('',#11173);
#4110=VERTEX_POINT('',#11175);
#4111=VERTEX_POINT('',#11177);
#4112=VERTEX_POINT('',#11179);
#4113=VERTEX_POINT('',#11181);
#4114=VERTEX_POINT('',#11184);
#4115=VERTEX_POINT('',#11185);
#4116=VERTEX_POINT('',#11187);
#4117=VERTEX_POINT('',#11189);
#4118=VERTEX_POINT('',#11191);
#4119=VERTEX_POINT('',#11193);
#4120=VERTEX_POINT('',#11196);
#4121=VERTEX_POINT('',#11197);
#4122=VERTEX_POINT('',#11199);
#4123=VERTEX_POINT('',#11201);
#4124=VERTEX_POINT('',#11203);
#4125=VERTEX_POINT('',#11205);
#4126=VERTEX_POINT('',#11208);
#4127=VERTEX_POINT('',#11209);
#4128=VERTEX_POINT('',#11211);
#4129=VERTEX_POINT('',#11213);
#4130=VERTEX_POINT('',#11215);
#4131=VERTEX_POINT('',#11217);
#4132=VERTEX_POINT('',#11220);
#4133=VERTEX_POINT('',#11221);
#4134=VERTEX_POINT('',#11223);
#4135=VERTEX_POINT('',#11225);
#4136=VERTEX_POINT('',#11227);
#4137=VERTEX_POINT('',#11229);
#4138=VERTEX_POINT('',#11232);
#4139=VERTEX_POINT('',#11233);
#4140=VERTEX_POINT('',#11235);
#4141=VERTEX_POINT('',#11237);
#4142=VERTEX_POINT('',#11239);
#4143=VERTEX_POINT('',#11241);
#4144=VERTEX_POINT('',#11244);
#4145=VERTEX_POINT('',#11245);
#4146=VERTEX_POINT('',#11247);
#4147=VERTEX_POINT('',#11249);
#4148=VERTEX_POINT('',#11251);
#4149=VERTEX_POINT('',#11253);
#4150=VERTEX_POINT('',#11256);
#4151=VERTEX_POINT('',#11257);
#4152=VERTEX_POINT('',#11259);
#4153=VERTEX_POINT('',#11261);
#4154=VERTEX_POINT('',#11263);
#4155=VERTEX_POINT('',#11265);
#4156=VERTEX_POINT('',#11268);
#4157=VERTEX_POINT('',#11269);
#4158=VERTEX_POINT('',#11271);
#4159=VERTEX_POINT('',#11273);
#4160=VERTEX_POINT('',#11275);
#4161=VERTEX_POINT('',#11277);
#4162=VERTEX_POINT('',#11280);
#4163=VERTEX_POINT('',#11281);
#4164=VERTEX_POINT('',#11283);
#4165=VERTEX_POINT('',#11285);
#4166=VERTEX_POINT('',#11287);
#4167=VERTEX_POINT('',#11289);
#4168=VERTEX_POINT('',#11292);
#4169=VERTEX_POINT('',#11293);
#4170=VERTEX_POINT('',#11295);
#4171=VERTEX_POINT('',#11297);
#4172=VERTEX_POINT('',#11299);
#4173=VERTEX_POINT('',#11301);
#4174=VERTEX_POINT('',#11304);
#4175=VERTEX_POINT('',#11305);
#4176=VERTEX_POINT('',#11307);
#4177=VERTEX_POINT('',#11309);
#4178=VERTEX_POINT('',#11311);
#4179=VERTEX_POINT('',#11313);
#4180=VERTEX_POINT('',#11316);
#4181=VERTEX_POINT('',#11317);
#4182=VERTEX_POINT('',#11319);
#4183=VERTEX_POINT('',#11321);
#4184=VERTEX_POINT('',#11323);
#4185=VERTEX_POINT('',#11325);
#4186=VERTEX_POINT('',#11329);
#4187=VERTEX_POINT('',#11331);
#4188=VERTEX_POINT('',#11333);
#4189=VERTEX_POINT('',#11335);
#4190=VERTEX_POINT('',#11337);
#4191=VERTEX_POINT('',#11340);
#4192=VERTEX_POINT('',#11342);
#4193=VERTEX_POINT('',#11344);
#4194=VERTEX_POINT('',#11346);
#4195=VERTEX_POINT('',#11349);
#4196=VERTEX_POINT('',#11351);
#4197=VERTEX_POINT('',#11353);
#4198=VERTEX_POINT('',#11355);
#4199=VERTEX_POINT('',#11357);
#4200=VERTEX_POINT('',#11360);
#4201=VERTEX_POINT('',#11362);
#4202=VERTEX_POINT('',#11364);
#4203=VERTEX_POINT('',#11366);
#4204=VERTEX_POINT('',#11369);
#4205=VERTEX_POINT('',#11371);
#4206=VERTEX_POINT('',#11373);
#4207=VERTEX_POINT('',#11375);
#4208=VERTEX_POINT('',#11378);
#4209=VERTEX_POINT('',#11380);
#4210=VERTEX_POINT('',#11383);
#4211=VERTEX_POINT('',#11385);
#4212=VERTEX_POINT('',#11387);
#4213=VERTEX_POINT('',#11389);
#4214=VERTEX_POINT('',#11392);
#4215=VERTEX_POINT('',#11394);
#4216=VERTEX_POINT('',#11397);
#4217=VERTEX_POINT('',#11399);
#4218=VERTEX_POINT('',#11402);
#4219=VERTEX_POINT('',#11404);
#4220=VERTEX_POINT('',#11406);
#4221=VERTEX_POINT('',#11408);
#4222=VERTEX_POINT('',#11411);
#4223=VERTEX_POINT('',#11413);
#4224=VERTEX_POINT('',#11415);
#4225=VERTEX_POINT('',#11417);
#4226=VERTEX_POINT('',#11420);
#4227=VERTEX_POINT('',#11422);
#4228=VERTEX_POINT('',#11424);
#4229=VERTEX_POINT('',#11426);
#4230=VERTEX_POINT('',#11428);
#4231=VERTEX_POINT('',#11431);
#4232=VERTEX_POINT('',#11433);
#4233=VERTEX_POINT('',#11435);
#4234=VERTEX_POINT('',#11437);
#4235=VERTEX_POINT('',#11440);
#4236=VERTEX_POINT('',#11442);
#4237=VERTEX_POINT('',#11445);
#4238=VERTEX_POINT('',#11447);
#4239=VERTEX_POINT('',#11449);
#4240=VERTEX_POINT('',#11451);
#4241=VERTEX_POINT('',#11454);
#4242=VERTEX_POINT('',#11456);
#4243=VERTEX_POINT('',#11459);
#4244=VERTEX_POINT('',#11461);
#4245=VERTEX_POINT('',#11463);
#4246=VERTEX_POINT('',#11465);
#4247=VERTEX_POINT('',#11467);
#4248=VERTEX_POINT('',#11470);
#4249=VERTEX_POINT('',#11472);
#4250=VERTEX_POINT('',#11474);
#4251=VERTEX_POINT('',#11476);
#4252=VERTEX_POINT('',#11479);
#4253=VERTEX_POINT('',#11481);
#4254=VERTEX_POINT('',#11484);
#4255=VERTEX_POINT('',#11486);
#4256=VERTEX_POINT('',#11488);
#4257=VERTEX_POINT('',#11490);
#4258=VERTEX_POINT('',#11493);
#4259=VERTEX_POINT('',#11495);
#4260=VERTEX_POINT('',#11497);
#4261=VERTEX_POINT('',#11499);
#4262=VERTEX_POINT('',#11502);
#4263=VERTEX_POINT('',#11504);
#4264=VERTEX_POINT('',#11506);
#4265=VERTEX_POINT('',#11508);
#4266=VERTEX_POINT('',#11510);
#4267=VERTEX_POINT('',#11513);
#4268=VERTEX_POINT('',#11515);
#4269=VERTEX_POINT('',#11517);
#4270=VERTEX_POINT('',#11519);
#4271=VERTEX_POINT('',#11521);
#4272=VERTEX_POINT('',#11524);
#4273=VERTEX_POINT('',#11526);
#4274=VERTEX_POINT('',#11528);
#4275=VERTEX_POINT('',#11530);
#4276=VERTEX_POINT('',#11533);
#4277=VERTEX_POINT('',#11534);
#4278=VERTEX_POINT('',#11536);
#4279=VERTEX_POINT('',#11538);
#4280=VERTEX_POINT('',#11540);
#4281=VERTEX_POINT('',#11542);
#4282=VERTEX_POINT('',#11545);
#4283=VERTEX_POINT('',#11546);
#4284=VERTEX_POINT('',#11548);
#4285=VERTEX_POINT('',#11550);
#4286=VERTEX_POINT('',#11552);
#4287=VERTEX_POINT('',#11554);
#4288=VERTEX_POINT('',#11557);
#4289=VERTEX_POINT('',#11558);
#4290=VERTEX_POINT('',#11560);
#4291=VERTEX_POINT('',#11562);
#4292=VERTEX_POINT('',#11564);
#4293=VERTEX_POINT('',#11566);
#4294=VERTEX_POINT('',#11569);
#4295=VERTEX_POINT('',#11570);
#4296=VERTEX_POINT('',#11572);
#4297=VERTEX_POINT('',#11574);
#4298=VERTEX_POINT('',#11576);
#4299=VERTEX_POINT('',#11578);
#4300=VERTEX_POINT('',#11581);
#4301=VERTEX_POINT('',#11582);
#4302=VERTEX_POINT('',#11584);
#4303=VERTEX_POINT('',#11586);
#4304=VERTEX_POINT('',#11588);
#4305=VERTEX_POINT('',#11590);
#4306=VERTEX_POINT('',#11593);
#4307=VERTEX_POINT('',#11594);
#4308=VERTEX_POINT('',#11596);
#4309=VERTEX_POINT('',#11598);
#4310=VERTEX_POINT('',#11600);
#4311=VERTEX_POINT('',#11602);
#4312=VERTEX_POINT('',#11605);
#4313=VERTEX_POINT('',#11606);
#4314=VERTEX_POINT('',#11608);
#4315=VERTEX_POINT('',#11610);
#4316=VERTEX_POINT('',#11612);
#4317=VERTEX_POINT('',#11614);
#4318=VERTEX_POINT('',#11617);
#4319=VERTEX_POINT('',#11618);
#4320=VERTEX_POINT('',#11620);
#4321=VERTEX_POINT('',#11622);
#4322=VERTEX_POINT('',#11624);
#4323=VERTEX_POINT('',#11626);
#4324=VERTEX_POINT('',#11629);
#4325=VERTEX_POINT('',#11630);
#4326=VERTEX_POINT('',#11632);
#4327=VERTEX_POINT('',#11634);
#4328=VERTEX_POINT('',#11636);
#4329=VERTEX_POINT('',#11638);
#4330=VERTEX_POINT('',#11641);
#4331=VERTEX_POINT('',#11642);
#4332=VERTEX_POINT('',#11644);
#4333=VERTEX_POINT('',#11646);
#4334=VERTEX_POINT('',#11648);
#4335=VERTEX_POINT('',#11650);
#4336=VERTEX_POINT('',#11653);
#4337=VERTEX_POINT('',#11654);
#4338=VERTEX_POINT('',#11656);
#4339=VERTEX_POINT('',#11658);
#4340=VERTEX_POINT('',#11660);
#4341=VERTEX_POINT('',#11662);
#4342=VERTEX_POINT('',#11665);
#4343=VERTEX_POINT('',#11666);
#4344=VERTEX_POINT('',#11668);
#4345=VERTEX_POINT('',#11670);
#4346=VERTEX_POINT('',#11672);
#4347=VERTEX_POINT('',#11674);
#4348=VERTEX_POINT('',#11677);
#4349=VERTEX_POINT('',#11678);
#4350=VERTEX_POINT('',#11680);
#4351=VERTEX_POINT('',#11682);
#4352=VERTEX_POINT('',#11684);
#4353=VERTEX_POINT('',#11686);
#4354=VERTEX_POINT('',#11689);
#4355=VERTEX_POINT('',#11690);
#4356=VERTEX_POINT('',#11692);
#4357=VERTEX_POINT('',#11694);
#4358=VERTEX_POINT('',#11696);
#4359=VERTEX_POINT('',#11698);
#4360=VERTEX_POINT('',#11701);
#4361=VERTEX_POINT('',#11702);
#4362=VERTEX_POINT('',#11704);
#4363=VERTEX_POINT('',#11706);
#4364=VERTEX_POINT('',#11708);
#4365=VERTEX_POINT('',#11710);
#4366=VERTEX_POINT('',#11713);
#4367=VERTEX_POINT('',#11714);
#4368=VERTEX_POINT('',#11716);
#4369=VERTEX_POINT('',#11718);
#4370=VERTEX_POINT('',#11720);
#4371=VERTEX_POINT('',#11722);
#4372=VERTEX_POINT('',#11725);
#4373=VERTEX_POINT('',#11726);
#4374=VERTEX_POINT('',#11728);
#4375=VERTEX_POINT('',#11730);
#4376=VERTEX_POINT('',#11732);
#4377=VERTEX_POINT('',#11734);
#4378=VERTEX_POINT('',#11737);
#4379=VERTEX_POINT('',#11738);
#4380=VERTEX_POINT('',#11740);
#4381=VERTEX_POINT('',#11742);
#4382=VERTEX_POINT('',#11744);
#4383=VERTEX_POINT('',#11746);
#4384=VERTEX_POINT('',#11749);
#4385=VERTEX_POINT('',#11750);
#4386=VERTEX_POINT('',#11752);
#4387=VERTEX_POINT('',#11754);
#4388=VERTEX_POINT('',#11756);
#4389=VERTEX_POINT('',#11758);
#4390=VERTEX_POINT('',#11761);
#4391=VERTEX_POINT('',#11762);
#4392=VERTEX_POINT('',#11764);
#4393=VERTEX_POINT('',#11766);
#4394=VERTEX_POINT('',#11768);
#4395=VERTEX_POINT('',#11770);
#4396=VERTEX_POINT('',#11773);
#4397=VERTEX_POINT('',#11774);
#4398=VERTEX_POINT('',#11776);
#4399=VERTEX_POINT('',#11778);
#4400=VERTEX_POINT('',#11780);
#4401=VERTEX_POINT('',#11782);
#4402=VERTEX_POINT('',#11785);
#4403=VERTEX_POINT('',#11786);
#4404=VERTEX_POINT('',#11788);
#4405=VERTEX_POINT('',#11790);
#4406=VERTEX_POINT('',#11792);
#4407=VERTEX_POINT('',#11794);
#4408=VERTEX_POINT('',#11797);
#4409=VERTEX_POINT('',#11798);
#4410=VERTEX_POINT('',#11800);
#4411=VERTEX_POINT('',#11802);
#4412=VERTEX_POINT('',#11804);
#4413=VERTEX_POINT('',#11806);
#4414=VERTEX_POINT('',#11809);
#4415=VERTEX_POINT('',#11810);
#4416=VERTEX_POINT('',#11812);
#4417=VERTEX_POINT('',#11814);
#4418=VERTEX_POINT('',#11816);
#4419=VERTEX_POINT('',#11818);
#4420=VERTEX_POINT('',#11821);
#4421=VERTEX_POINT('',#11822);
#4422=VERTEX_POINT('',#11824);
#4423=VERTEX_POINT('',#11826);
#4424=VERTEX_POINT('',#11828);
#4425=VERTEX_POINT('',#11830);
#4426=VERTEX_POINT('',#11833);
#4427=VERTEX_POINT('',#11834);
#4428=VERTEX_POINT('',#11836);
#4429=VERTEX_POINT('',#11838);
#4430=VERTEX_POINT('',#11840);
#4431=VERTEX_POINT('',#11842);
#4432=VERTEX_POINT('',#11845);
#4433=VERTEX_POINT('',#11846);
#4434=VERTEX_POINT('',#11848);
#4435=VERTEX_POINT('',#11850);
#4436=VERTEX_POINT('',#11852);
#4437=VERTEX_POINT('',#11854);
#4438=VERTEX_POINT('',#11857);
#4439=VERTEX_POINT('',#11858);
#4440=VERTEX_POINT('',#11860);
#4441=VERTEX_POINT('',#11862);
#4442=VERTEX_POINT('',#11864);
#4443=VERTEX_POINT('',#11866);
#4444=VERTEX_POINT('',#11869);
#4445=VERTEX_POINT('',#11870);
#4446=VERTEX_POINT('',#11872);
#4447=VERTEX_POINT('',#11874);
#4448=VERTEX_POINT('',#11876);
#4449=VERTEX_POINT('',#11878);
#4450=VERTEX_POINT('',#11881);
#4451=VERTEX_POINT('',#11882);
#4452=VERTEX_POINT('',#11884);
#4453=VERTEX_POINT('',#11886);
#4454=VERTEX_POINT('',#11888);
#4455=VERTEX_POINT('',#11890);
#4456=VERTEX_POINT('',#11893);
#4457=VERTEX_POINT('',#11894);
#4458=VERTEX_POINT('',#11896);
#4459=VERTEX_POINT('',#11898);
#4460=VERTEX_POINT('',#11900);
#4461=VERTEX_POINT('',#11902);
#4462=VERTEX_POINT('',#11905);
#4463=VERTEX_POINT('',#11906);
#4464=VERTEX_POINT('',#11908);
#4465=VERTEX_POINT('',#11910);
#4466=VERTEX_POINT('',#11912);
#4467=VERTEX_POINT('',#11914);
#4468=VERTEX_POINT('',#11917);
#4469=VERTEX_POINT('',#11918);
#4470=VERTEX_POINT('',#11920);
#4471=VERTEX_POINT('',#11922);
#4472=VERTEX_POINT('',#11924);
#4473=VERTEX_POINT('',#11926);
#4474=VERTEX_POINT('',#11929);
#4475=VERTEX_POINT('',#11930);
#4476=VERTEX_POINT('',#11932);
#4477=VERTEX_POINT('',#11934);
#4478=VERTEX_POINT('',#11936);
#4479=VERTEX_POINT('',#11938);
#4480=VERTEX_POINT('',#11941);
#4481=VERTEX_POINT('',#11942);
#4482=VERTEX_POINT('',#11944);
#4483=VERTEX_POINT('',#11946);
#4484=VERTEX_POINT('',#11948);
#4485=VERTEX_POINT('',#11950);
#4486=VERTEX_POINT('',#11953);
#4487=VERTEX_POINT('',#11954);
#4488=VERTEX_POINT('',#11956);
#4489=VERTEX_POINT('',#11958);
#4490=VERTEX_POINT('',#11960);
#4491=VERTEX_POINT('',#11962);
#4492=VERTEX_POINT('',#11965);
#4493=VERTEX_POINT('',#11966);
#4494=VERTEX_POINT('',#11968);
#4495=VERTEX_POINT('',#11970);
#4496=VERTEX_POINT('',#11972);
#4497=VERTEX_POINT('',#11974);
#4498=LINE('',#10395,#5546);
#4499=LINE('',#10400,#5547);
#4500=LINE('',#10404,#5548);
#4501=LINE('',#10409,#5549);
#4502=LINE('',#10413,#5550);
#4503=LINE('',#10418,#5551);
#4504=LINE('',#10422,#5552);
#4505=LINE('',#10427,#5553);
#4506=LINE('',#10431,#5554);
#4507=LINE('',#10436,#5555);
#4508=LINE('',#10440,#5556);
#4509=LINE('',#10445,#5557);
#4510=LINE('',#10449,#5558);
#4511=LINE('',#10454,#5559);
#4512=LINE('',#10458,#5560);
#4513=LINE('',#10463,#5561);
#4514=LINE('',#10467,#5562);
#4515=LINE('',#10472,#5563);
#4516=LINE('',#10476,#5564);
#4517=LINE('',#10481,#5565);
#4518=LINE('',#10485,#5566);
#4519=LINE('',#10490,#5567);
#4520=LINE('',#10494,#5568);
#4521=LINE('',#10499,#5569);
#4522=LINE('',#10503,#5570);
#4523=LINE('',#10508,#5571);
#4524=LINE('',#10512,#5572);
#4525=LINE('',#10517,#5573);
#4526=LINE('',#10521,#5574);
#4527=LINE('',#10526,#5575);
#4528=LINE('',#10530,#5576);
#4529=LINE('',#10535,#5577);
#4530=LINE('',#10539,#5578);
#4531=LINE('',#10544,#5579);
#4532=LINE('',#10548,#5580);
#4533=LINE('',#10553,#5581);
#4534=LINE('',#10557,#5582);
#4535=LINE('',#10562,#5583);
#4536=LINE('',#10566,#5584);
#4537=LINE('',#10571,#5585);
#4538=LINE('',#10575,#5586);
#4539=LINE('',#10580,#5587);
#4540=LINE('',#10584,#5588);
#4541=LINE('',#10589,#5589);
#4542=LINE('',#10593,#5590);
#4543=LINE('',#10598,#5591);
#4544=LINE('',#10605,#5592);
#4545=LINE('',#10609,#5593);
#4546=LINE('',#10611,#5594);
#4547=LINE('',#10613,#5595);
#4548=LINE('',#10615,#5596);
#4549=LINE('',#10619,#5597);
#4550=LINE('',#10623,#5598);
#4551=LINE('',#10625,#5599);
#4552=LINE('',#10627,#5600);
#4553=LINE('',#10631,#5601);
#4554=LINE('',#10635,#5602);
#4555=LINE('',#10637,#5603);
#4556=LINE('',#10639,#5604);
#4557=LINE('',#10643,#5605);
#4558=LINE('',#10667,#5606);
#4559=LINE('',#10672,#5607);
#4560=LINE('',#10676,#5608);
#4561=LINE('',#10677,#5609);
#4562=LINE('',#10679,#5610);
#4563=LINE('',#10681,#5611);
#4564=LINE('',#10683,#5612);
#4565=LINE('',#10685,#5613);
#4566=LINE('',#10687,#5614);
#4567=LINE('',#10689,#5615);
#4568=LINE('',#10690,#5616);
#4569=LINE('',#10692,#5617);
#4570=LINE('',#10694,#5618);
#4571=LINE('',#10696,#5619);
#4572=LINE('',#10698,#5620);
#4573=LINE('',#10699,#5621);
#4574=LINE('',#10701,#5622);
#4575=LINE('',#10703,#5623);
#4576=LINE('',#10705,#5624);
#4577=LINE('',#10707,#5625);
#4578=LINE('',#10709,#5626);
#4579=LINE('',#10710,#5627);
#4580=LINE('',#10712,#5628);
#4581=LINE('',#10714,#5629);
#4582=LINE('',#10716,#5630);
#4583=LINE('',#10718,#5631);
#4584=LINE('',#10719,#5632);
#4585=LINE('',#10721,#5633);
#4586=LINE('',#10723,#5634);
#4587=LINE('',#10725,#5635);
#4588=LINE('',#10727,#5636);
#4589=LINE('',#10728,#5637);
#4590=LINE('',#10730,#5638);
#4591=LINE('',#10732,#5639);
#4592=LINE('',#10733,#5640);
#4593=LINE('',#10735,#5641);
#4594=LINE('',#10737,#5642);
#4595=LINE('',#10739,#5643);
#4596=LINE('',#10741,#5644);
#4597=LINE('',#10742,#5645);
#4598=LINE('',#10744,#5646);
#4599=LINE('',#10746,#5647);
#4600=LINE('',#10747,#5648);
#4601=LINE('',#10749,#5649);
#4602=LINE('',#10751,#5650);
#4603=LINE('',#10752,#5651);
#4604=LINE('',#10754,#5652);
#4605=LINE('',#10756,#5653);
#4606=LINE('',#10758,#5654);
#4607=LINE('',#10760,#5655);
#4608=LINE('',#10761,#5656);
#4609=LINE('',#10763,#5657);
#4610=LINE('',#10765,#5658);
#4611=LINE('',#10767,#5659);
#4612=LINE('',#10769,#5660);
#4613=LINE('',#10770,#5661);
#4614=LINE('',#10772,#5662);
#4615=LINE('',#10774,#5663);
#4616=LINE('',#10776,#5664);
#4617=LINE('',#10778,#5665);
#4618=LINE('',#10780,#5666);
#4619=LINE('',#10781,#5667);
#4620=LINE('',#10783,#5668);
#4621=LINE('',#10785,#5669);
#4622=LINE('',#10787,#5670);
#4623=LINE('',#10789,#5671);
#4624=LINE('',#10790,#5672);
#4625=LINE('',#10792,#5673);
#4626=LINE('',#10794,#5674);
#4627=LINE('',#10795,#5675);
#4628=LINE('',#10797,#5676);
#4629=LINE('',#10799,#5677);
#4630=LINE('',#10801,#5678);
#4631=LINE('',#10803,#5679);
#4632=LINE('',#10804,#5680);
#4633=LINE('',#10806,#5681);
#4634=LINE('',#10808,#5682);
#4635=LINE('',#10809,#5683);
#4636=LINE('',#10811,#5684);
#4637=LINE('',#10813,#5685);
#4638=LINE('',#10815,#5686);
#4639=LINE('',#10817,#5687);
#4640=LINE('',#10819,#5688);
#4641=LINE('',#10820,#5689);
#4642=LINE('',#10822,#5690);
#4643=LINE('',#10824,#5691);
#4644=LINE('',#10826,#5692);
#4645=LINE('',#10828,#5693);
#4646=LINE('',#10829,#5694);
#4647=LINE('',#10831,#5695);
#4648=LINE('',#10833,#5696);
#4649=LINE('',#10834,#5697);
#4650=LINE('',#10836,#5698);
#4651=LINE('',#10838,#5699);
#4652=LINE('',#10840,#5700);
#4653=LINE('',#10842,#5701);
#4654=LINE('',#10843,#5702);
#4655=LINE('',#10845,#5703);
#4656=LINE('',#10847,#5704);
#4657=LINE('',#10849,#5705);
#4658=LINE('',#10851,#5706);
#4659=LINE('',#10852,#5707);
#4660=LINE('',#10854,#5708);
#4661=LINE('',#10856,#5709);
#4662=LINE('',#10858,#5710);
#4663=LINE('',#10860,#5711);
#4664=LINE('',#10862,#5712);
#4665=LINE('',#10863,#5713);
#4666=LINE('',#10865,#5714);
#4667=LINE('',#10867,#5715);
#4668=LINE('',#10869,#5716);
#4669=LINE('',#10871,#5717);
#4670=LINE('',#10873,#5718);
#4671=LINE('',#10874,#5719);
#4672=LINE('',#10876,#5720);
#4673=LINE('',#10878,#5721);
#4674=LINE('',#10880,#5722);
#4675=LINE('',#10882,#5723);
#4676=LINE('',#10883,#5724);
#4677=LINE('',#10886,#5725);
#4678=LINE('',#10888,#5726);
#4679=LINE('',#10890,#5727);
#4680=LINE('',#10892,#5728);
#4681=LINE('',#10894,#5729);
#4682=LINE('',#10895,#5730);
#4683=LINE('',#10898,#5731);
#4684=LINE('',#10900,#5732);
#4685=LINE('',#10902,#5733);
#4686=LINE('',#10904,#5734);
#4687=LINE('',#10906,#5735);
#4688=LINE('',#10907,#5736);
#4689=LINE('',#10910,#5737);
#4690=LINE('',#10912,#5738);
#4691=LINE('',#10914,#5739);
#4692=LINE('',#10916,#5740);
#4693=LINE('',#10918,#5741);
#4694=LINE('',#10919,#5742);
#4695=LINE('',#10922,#5743);
#4696=LINE('',#10924,#5744);
#4697=LINE('',#10926,#5745);
#4698=LINE('',#10928,#5746);
#4699=LINE('',#10930,#5747);
#4700=LINE('',#10931,#5748);
#4701=LINE('',#10934,#5749);
#4702=LINE('',#10936,#5750);
#4703=LINE('',#10938,#5751);
#4704=LINE('',#10940,#5752);
#4705=LINE('',#10942,#5753);
#4706=LINE('',#10943,#5754);
#4707=LINE('',#10946,#5755);
#4708=LINE('',#10948,#5756);
#4709=LINE('',#10950,#5757);
#4710=LINE('',#10952,#5758);
#4711=LINE('',#10954,#5759);
#4712=LINE('',#10955,#5760);
#4713=LINE('',#10958,#5761);
#4714=LINE('',#10960,#5762);
#4715=LINE('',#10962,#5763);
#4716=LINE('',#10964,#5764);
#4717=LINE('',#10966,#5765);
#4718=LINE('',#10967,#5766);
#4719=LINE('',#10970,#5767);
#4720=LINE('',#10972,#5768);
#4721=LINE('',#10974,#5769);
#4722=LINE('',#10976,#5770);
#4723=LINE('',#10978,#5771);
#4724=LINE('',#10979,#5772);
#4725=LINE('',#10982,#5773);
#4726=LINE('',#10984,#5774);
#4727=LINE('',#10986,#5775);
#4728=LINE('',#10988,#5776);
#4729=LINE('',#10990,#5777);
#4730=LINE('',#10991,#5778);
#4731=LINE('',#10994,#5779);
#4732=LINE('',#10996,#5780);
#4733=LINE('',#10998,#5781);
#4734=LINE('',#11000,#5782);
#4735=LINE('',#11002,#5783);
#4736=LINE('',#11003,#5784);
#4737=LINE('',#11006,#5785);
#4738=LINE('',#11008,#5786);
#4739=LINE('',#11010,#5787);
#4740=LINE('',#11012,#5788);
#4741=LINE('',#11014,#5789);
#4742=LINE('',#11015,#5790);
#4743=LINE('',#11018,#5791);
#4744=LINE('',#11020,#5792);
#4745=LINE('',#11022,#5793);
#4746=LINE('',#11024,#5794);
#4747=LINE('',#11026,#5795);
#4748=LINE('',#11027,#5796);
#4749=LINE('',#11030,#5797);
#4750=LINE('',#11032,#5798);
#4751=LINE('',#11034,#5799);
#4752=LINE('',#11036,#5800);
#4753=LINE('',#11038,#5801);
#4754=LINE('',#11039,#5802);
#4755=LINE('',#11042,#5803);
#4756=LINE('',#11044,#5804);
#4757=LINE('',#11046,#5805);
#4758=LINE('',#11048,#5806);
#4759=LINE('',#11050,#5807);
#4760=LINE('',#11051,#5808);
#4761=LINE('',#11054,#5809);
#4762=LINE('',#11056,#5810);
#4763=LINE('',#11058,#5811);
#4764=LINE('',#11060,#5812);
#4765=LINE('',#11062,#5813);
#4766=LINE('',#11063,#5814);
#4767=LINE('',#11066,#5815);
#4768=LINE('',#11068,#5816);
#4769=LINE('',#11070,#5817);
#4770=LINE('',#11072,#5818);
#4771=LINE('',#11074,#5819);
#4772=LINE('',#11075,#5820);
#4773=LINE('',#11078,#5821);
#4774=LINE('',#11080,#5822);
#4775=LINE('',#11082,#5823);
#4776=LINE('',#11084,#5824);
#4777=LINE('',#11086,#5825);
#4778=LINE('',#11087,#5826);
#4779=LINE('',#11090,#5827);
#4780=LINE('',#11092,#5828);
#4781=LINE('',#11094,#5829);
#4782=LINE('',#11096,#5830);
#4783=LINE('',#11098,#5831);
#4784=LINE('',#11099,#5832);
#4785=LINE('',#11102,#5833);
#4786=LINE('',#11104,#5834);
#4787=LINE('',#11106,#5835);
#4788=LINE('',#11108,#5836);
#4789=LINE('',#11110,#5837);
#4790=LINE('',#11111,#5838);
#4791=LINE('',#11114,#5839);
#4792=LINE('',#11116,#5840);
#4793=LINE('',#11118,#5841);
#4794=LINE('',#11120,#5842);
#4795=LINE('',#11122,#5843);
#4796=LINE('',#11123,#5844);
#4797=LINE('',#11126,#5845);
#4798=LINE('',#11128,#5846);
#4799=LINE('',#11130,#5847);
#4800=LINE('',#11132,#5848);
#4801=LINE('',#11134,#5849);
#4802=LINE('',#11135,#5850);
#4803=LINE('',#11138,#5851);
#4804=LINE('',#11140,#5852);
#4805=LINE('',#11142,#5853);
#4806=LINE('',#11144,#5854);
#4807=LINE('',#11146,#5855);
#4808=LINE('',#11147,#5856);
#4809=LINE('',#11150,#5857);
#4810=LINE('',#11152,#5858);
#4811=LINE('',#11154,#5859);
#4812=LINE('',#11156,#5860);
#4813=LINE('',#11158,#5861);
#4814=LINE('',#11159,#5862);
#4815=LINE('',#11162,#5863);
#4816=LINE('',#11164,#5864);
#4817=LINE('',#11166,#5865);
#4818=LINE('',#11168,#5866);
#4819=LINE('',#11170,#5867);
#4820=LINE('',#11171,#5868);
#4821=LINE('',#11174,#5869);
#4822=LINE('',#11176,#5870);
#4823=LINE('',#11178,#5871);
#4824=LINE('',#11180,#5872);
#4825=LINE('',#11182,#5873);
#4826=LINE('',#11183,#5874);
#4827=LINE('',#11186,#5875);
#4828=LINE('',#11188,#5876);
#4829=LINE('',#11190,#5877);
#4830=LINE('',#11192,#5878);
#4831=LINE('',#11194,#5879);
#4832=LINE('',#11195,#5880);
#4833=LINE('',#11198,#5881);
#4834=LINE('',#11200,#5882);
#4835=LINE('',#11202,#5883);
#4836=LINE('',#11204,#5884);
#4837=LINE('',#11206,#5885);
#4838=LINE('',#11207,#5886);
#4839=LINE('',#11210,#5887);
#4840=LINE('',#11212,#5888);
#4841=LINE('',#11214,#5889);
#4842=LINE('',#11216,#5890);
#4843=LINE('',#11218,#5891);
#4844=LINE('',#11219,#5892);
#4845=LINE('',#11222,#5893);
#4846=LINE('',#11224,#5894);
#4847=LINE('',#11226,#5895);
#4848=LINE('',#11228,#5896);
#4849=LINE('',#11230,#5897);
#4850=LINE('',#11231,#5898);
#4851=LINE('',#11234,#5899);
#4852=LINE('',#11236,#5900);
#4853=LINE('',#11238,#5901);
#4854=LINE('',#11240,#5902);
#4855=LINE('',#11242,#5903);
#4856=LINE('',#11243,#5904);
#4857=LINE('',#11246,#5905);
#4858=LINE('',#11248,#5906);
#4859=LINE('',#11250,#5907);
#4860=LINE('',#11252,#5908);
#4861=LINE('',#11254,#5909);
#4862=LINE('',#11255,#5910);
#4863=LINE('',#11258,#5911);
#4864=LINE('',#11260,#5912);
#4865=LINE('',#11262,#5913);
#4866=LINE('',#11264,#5914);
#4867=LINE('',#11266,#5915);
#4868=LINE('',#11267,#5916);
#4869=LINE('',#11270,#5917);
#4870=LINE('',#11272,#5918);
#4871=LINE('',#11274,#5919);
#4872=LINE('',#11276,#5920);
#4873=LINE('',#11278,#5921);
#4874=LINE('',#11279,#5922);
#4875=LINE('',#11282,#5923);
#4876=LINE('',#11284,#5924);
#4877=LINE('',#11286,#5925);
#4878=LINE('',#11288,#5926);
#4879=LINE('',#11290,#5927);
#4880=LINE('',#11291,#5928);
#4881=LINE('',#11294,#5929);
#4882=LINE('',#11296,#5930);
#4883=LINE('',#11298,#5931);
#4884=LINE('',#11300,#5932);
#4885=LINE('',#11302,#5933);
#4886=LINE('',#11303,#5934);
#4887=LINE('',#11306,#5935);
#4888=LINE('',#11308,#5936);
#4889=LINE('',#11310,#5937);
#4890=LINE('',#11312,#5938);
#4891=LINE('',#11314,#5939);
#4892=LINE('',#11315,#5940);
#4893=LINE('',#11318,#5941);
#4894=LINE('',#11320,#5942);
#4895=LINE('',#11322,#5943);
#4896=LINE('',#11324,#5944);
#4897=LINE('',#11326,#5945);
#4898=LINE('',#11328,#5946);
#4899=LINE('',#11330,#5947);
#4900=LINE('',#11332,#5948);
#4901=LINE('',#11334,#5949);
#4902=LINE('',#11336,#5950);
#4903=LINE('',#11338,#5951);
#4904=LINE('',#11339,#5952);
#4905=LINE('',#11341,#5953);
#4906=LINE('',#11343,#5954);
#4907=LINE('',#11345,#5955);
#4908=LINE('',#11347,#5956);
#4909=LINE('',#11348,#5957);
#4910=LINE('',#11350,#5958);
#4911=LINE('',#11352,#5959);
#4912=LINE('',#11354,#5960);
#4913=LINE('',#11356,#5961);
#4914=LINE('',#11358,#5962);
#4915=LINE('',#11359,#5963);
#4916=LINE('',#11361,#5964);
#4917=LINE('',#11363,#5965);
#4918=LINE('',#11365,#5966);
#4919=LINE('',#11367,#5967);
#4920=LINE('',#11368,#5968);
#4921=LINE('',#11370,#5969);
#4922=LINE('',#11372,#5970);
#4923=LINE('',#11374,#5971);
#4924=LINE('',#11376,#5972);
#4925=LINE('',#11377,#5973);
#4926=LINE('',#11379,#5974);
#4927=LINE('',#11381,#5975);
#4928=LINE('',#11382,#5976);
#4929=LINE('',#11384,#5977);
#4930=LINE('',#11386,#5978);
#4931=LINE('',#11388,#5979);
#4932=LINE('',#11390,#5980);
#4933=LINE('',#11391,#5981);
#4934=LINE('',#11393,#5982);
#4935=LINE('',#11395,#5983);
#4936=LINE('',#11396,#5984);
#4937=LINE('',#11398,#5985);
#4938=LINE('',#11400,#5986);
#4939=LINE('',#11401,#5987);
#4940=LINE('',#11403,#5988);
#4941=LINE('',#11405,#5989);
#4942=LINE('',#11407,#5990);
#4943=LINE('',#11409,#5991);
#4944=LINE('',#11410,#5992);
#4945=LINE('',#11412,#5993);
#4946=LINE('',#11414,#5994);
#4947=LINE('',#11416,#5995);
#4948=LINE('',#11418,#5996);
#4949=LINE('',#11419,#5997);
#4950=LINE('',#11421,#5998);
#4951=LINE('',#11423,#5999);
#4952=LINE('',#11425,#6000);
#4953=LINE('',#11427,#6001);
#4954=LINE('',#11429,#6002);
#4955=LINE('',#11430,#6003);
#4956=LINE('',#11432,#6004);
#4957=LINE('',#11434,#6005);
#4958=LINE('',#11436,#6006);
#4959=LINE('',#11438,#6007);
#4960=LINE('',#11439,#6008);
#4961=LINE('',#11441,#6009);
#4962=LINE('',#11443,#6010);
#4963=LINE('',#11444,#6011);
#4964=LINE('',#11446,#6012);
#4965=LINE('',#11448,#6013);
#4966=LINE('',#11450,#6014);
#4967=LINE('',#11452,#6015);
#4968=LINE('',#11453,#6016);
#4969=LINE('',#11455,#6017);
#4970=LINE('',#11457,#6018);
#4971=LINE('',#11458,#6019);
#4972=LINE('',#11460,#6020);
#4973=LINE('',#11462,#6021);
#4974=LINE('',#11464,#6022);
#4975=LINE('',#11466,#6023);
#4976=LINE('',#11468,#6024);
#4977=LINE('',#11469,#6025);
#4978=LINE('',#11471,#6026);
#4979=LINE('',#11473,#6027);
#4980=LINE('',#11475,#6028);
#4981=LINE('',#11477,#6029);
#4982=LINE('',#11478,#6030);
#4983=LINE('',#11480,#6031);
#4984=LINE('',#11482,#6032);
#4985=LINE('',#11483,#6033);
#4986=LINE('',#11485,#6034);
#4987=LINE('',#11487,#6035);
#4988=LINE('',#11489,#6036);
#4989=LINE('',#11491,#6037);
#4990=LINE('',#11492,#6038);
#4991=LINE('',#11494,#6039);
#4992=LINE('',#11496,#6040);
#4993=LINE('',#11498,#6041);
#4994=LINE('',#11500,#6042);
#4995=LINE('',#11501,#6043);
#4996=LINE('',#11503,#6044);
#4997=LINE('',#11505,#6045);
#4998=LINE('',#11507,#6046);
#4999=LINE('',#11509,#6047);
#5000=LINE('',#11511,#6048);
#5001=LINE('',#11512,#6049);
#5002=LINE('',#11514,#6050);
#5003=LINE('',#11516,#6051);
#5004=LINE('',#11518,#6052);
#5005=LINE('',#11520,#6053);
#5006=LINE('',#11522,#6054);
#5007=LINE('',#11523,#6055);
#5008=LINE('',#11525,#6056);
#5009=LINE('',#11527,#6057);
#5010=LINE('',#11529,#6058);
#5011=LINE('',#11531,#6059);
#5012=LINE('',#11532,#6060);
#5013=LINE('',#11535,#6061);
#5014=LINE('',#11537,#6062);
#5015=LINE('',#11539,#6063);
#5016=LINE('',#11541,#6064);
#5017=LINE('',#11543,#6065);
#5018=LINE('',#11544,#6066);
#5019=LINE('',#11547,#6067);
#5020=LINE('',#11549,#6068);
#5021=LINE('',#11551,#6069);
#5022=LINE('',#11553,#6070);
#5023=LINE('',#11555,#6071);
#5024=LINE('',#11556,#6072);
#5025=LINE('',#11559,#6073);
#5026=LINE('',#11561,#6074);
#5027=LINE('',#11563,#6075);
#5028=LINE('',#11565,#6076);
#5029=LINE('',#11567,#6077);
#5030=LINE('',#11568,#6078);
#5031=LINE('',#11571,#6079);
#5032=LINE('',#11573,#6080);
#5033=LINE('',#11575,#6081);
#5034=LINE('',#11577,#6082);
#5035=LINE('',#11579,#6083);
#5036=LINE('',#11580,#6084);
#5037=LINE('',#11583,#6085);
#5038=LINE('',#11585,#6086);
#5039=LINE('',#11587,#6087);
#5040=LINE('',#11589,#6088);
#5041=LINE('',#11591,#6089);
#5042=LINE('',#11592,#6090);
#5043=LINE('',#11595,#6091);
#5044=LINE('',#11597,#6092);
#5045=LINE('',#11599,#6093);
#5046=LINE('',#11601,#6094);
#5047=LINE('',#11603,#6095);
#5048=LINE('',#11604,#6096);
#5049=LINE('',#11607,#6097);
#5050=LINE('',#11609,#6098);
#5051=LINE('',#11611,#6099);
#5052=LINE('',#11613,#6100);
#5053=LINE('',#11615,#6101);
#5054=LINE('',#11616,#6102);
#5055=LINE('',#11619,#6103);
#5056=LINE('',#11621,#6104);
#5057=LINE('',#11623,#6105);
#5058=LINE('',#11625,#6106);
#5059=LINE('',#11627,#6107);
#5060=LINE('',#11628,#6108);
#5061=LINE('',#11631,#6109);
#5062=LINE('',#11633,#6110);
#5063=LINE('',#11635,#6111);
#5064=LINE('',#11637,#6112);
#5065=LINE('',#11639,#6113);
#5066=LINE('',#11640,#6114);
#5067=LINE('',#11643,#6115);
#5068=LINE('',#11645,#6116);
#5069=LINE('',#11647,#6117);
#5070=LINE('',#11649,#6118);
#5071=LINE('',#11651,#6119);
#5072=LINE('',#11652,#6120);
#5073=LINE('',#11655,#6121);
#5074=LINE('',#11657,#6122);
#5075=LINE('',#11659,#6123);
#5076=LINE('',#11661,#6124);
#5077=LINE('',#11663,#6125);
#5078=LINE('',#11664,#6126);
#5079=LINE('',#11667,#6127);
#5080=LINE('',#11669,#6128);
#5081=LINE('',#11671,#6129);
#5082=LINE('',#11673,#6130);
#5083=LINE('',#11675,#6131);
#5084=LINE('',#11676,#6132);
#5085=LINE('',#11679,#6133);
#5086=LINE('',#11681,#6134);
#5087=LINE('',#11683,#6135);
#5088=LINE('',#11685,#6136);
#5089=LINE('',#11687,#6137);
#5090=LINE('',#11688,#6138);
#5091=LINE('',#11691,#6139);
#5092=LINE('',#11693,#6140);
#5093=LINE('',#11695,#6141);
#5094=LINE('',#11697,#6142);
#5095=LINE('',#11699,#6143);
#5096=LINE('',#11700,#6144);
#5097=LINE('',#11703,#6145);
#5098=LINE('',#11705,#6146);
#5099=LINE('',#11707,#6147);
#5100=LINE('',#11709,#6148);
#5101=LINE('',#11711,#6149);
#5102=LINE('',#11712,#6150);
#5103=LINE('',#11715,#6151);
#5104=LINE('',#11717,#6152);
#5105=LINE('',#11719,#6153);
#5106=LINE('',#11721,#6154);
#5107=LINE('',#11723,#6155);
#5108=LINE('',#11724,#6156);
#5109=LINE('',#11727,#6157);
#5110=LINE('',#11729,#6158);
#5111=LINE('',#11731,#6159);
#5112=LINE('',#11733,#6160);
#5113=LINE('',#11735,#6161);
#5114=LINE('',#11736,#6162);
#5115=LINE('',#11739,#6163);
#5116=LINE('',#11741,#6164);
#5117=LINE('',#11743,#6165);
#5118=LINE('',#11745,#6166);
#5119=LINE('',#11747,#6167);
#5120=LINE('',#11748,#6168);
#5121=LINE('',#11751,#6169);
#5122=LINE('',#11753,#6170);
#5123=LINE('',#11755,#6171);
#5124=LINE('',#11757,#6172);
#5125=LINE('',#11759,#6173);
#5126=LINE('',#11760,#6174);
#5127=LINE('',#11763,#6175);
#5128=LINE('',#11765,#6176);
#5129=LINE('',#11767,#6177);
#5130=LINE('',#11769,#6178);
#5131=LINE('',#11771,#6179);
#5132=LINE('',#11772,#6180);
#5133=LINE('',#11775,#6181);
#5134=LINE('',#11777,#6182);
#5135=LINE('',#11779,#6183);
#5136=LINE('',#11781,#6184);
#5137=LINE('',#11783,#6185);
#5138=LINE('',#11784,#6186);
#5139=LINE('',#11787,#6187);
#5140=LINE('',#11789,#6188);
#5141=LINE('',#11791,#6189);
#5142=LINE('',#11793,#6190);
#5143=LINE('',#11795,#6191);
#5144=LINE('',#11796,#6192);
#5145=LINE('',#11799,#6193);
#5146=LINE('',#11801,#6194);
#5147=LINE('',#11803,#6195);
#5148=LINE('',#11805,#6196);
#5149=LINE('',#11807,#6197);
#5150=LINE('',#11808,#6198);
#5151=LINE('',#11811,#6199);
#5152=LINE('',#11813,#6200);
#5153=LINE('',#11815,#6201);
#5154=LINE('',#11817,#6202);
#5155=LINE('',#11819,#6203);
#5156=LINE('',#11820,#6204);
#5157=LINE('',#11823,#6205);
#5158=LINE('',#11825,#6206);
#5159=LINE('',#11827,#6207);
#5160=LINE('',#11829,#6208);
#5161=LINE('',#11831,#6209);
#5162=LINE('',#11832,#6210);
#5163=LINE('',#11835,#6211);
#5164=LINE('',#11837,#6212);
#5165=LINE('',#11839,#6213);
#5166=LINE('',#11841,#6214);
#5167=LINE('',#11843,#6215);
#5168=LINE('',#11844,#6216);
#5169=LINE('',#11847,#6217);
#5170=LINE('',#11849,#6218);
#5171=LINE('',#11851,#6219);
#5172=LINE('',#11853,#6220);
#5173=LINE('',#11855,#6221);
#5174=LINE('',#11856,#6222);
#5175=LINE('',#11859,#6223);
#5176=LINE('',#11861,#6224);
#5177=LINE('',#11863,#6225);
#5178=LINE('',#11865,#6226);
#5179=LINE('',#11867,#6227);
#5180=LINE('',#11868,#6228);
#5181=LINE('',#11871,#6229);
#5182=LINE('',#11873,#6230);
#5183=LINE('',#11875,#6231);
#5184=LINE('',#11877,#6232);
#5185=LINE('',#11879,#6233);
#5186=LINE('',#11880,#6234);
#5187=LINE('',#11883,#6235);
#5188=LINE('',#11885,#6236);
#5189=LINE('',#11887,#6237);
#5190=LINE('',#11889,#6238);
#5191=LINE('',#11891,#6239);
#5192=LINE('',#11892,#6240);
#5193=LINE('',#11895,#6241);
#5194=LINE('',#11897,#6242);
#5195=LINE('',#11899,#6243);
#5196=LINE('',#11901,#6244);
#5197=LINE('',#11903,#6245);
#5198=LINE('',#11904,#6246);
#5199=LINE('',#11907,#6247);
#5200=LINE('',#11909,#6248);
#5201=LINE('',#11911,#6249);
#5202=LINE('',#11913,#6250);
#5203=LINE('',#11915,#6251);
#5204=LINE('',#11916,#6252);
#5205=LINE('',#11919,#6253);
#5206=LINE('',#11921,#6254);
#5207=LINE('',#11923,#6255);
#5208=LINE('',#11925,#6256);
#5209=LINE('',#11927,#6257);
#5210=LINE('',#11928,#6258);
#5211=LINE('',#11931,#6259);
#5212=LINE('',#11933,#6260);
#5213=LINE('',#11935,#6261);
#5214=LINE('',#11937,#6262);
#5215=LINE('',#11939,#6263);
#5216=LINE('',#11940,#6264);
#5217=LINE('',#11943,#6265);
#5218=LINE('',#11945,#6266);
#5219=LINE('',#11947,#6267);
#5220=LINE('',#11949,#6268);
#5221=LINE('',#11951,#6269);
#5222=LINE('',#11952,#6270);
#5223=LINE('',#11955,#6271);
#5224=LINE('',#11957,#6272);
#5225=LINE('',#11959,#6273);
#5226=LINE('',#11961,#6274);
#5227=LINE('',#11963,#6275);
#5228=LINE('',#11964,#6276);
#5229=LINE('',#11967,#6277);
#5230=LINE('',#11969,#6278);
#5231=LINE('',#11971,#6279);
#5232=LINE('',#11973,#6280);
#5233=LINE('',#11975,#6281);
#5234=LINE('',#11977,#6282);
#5235=LINE('',#11978,#6283);
#5236=LINE('',#11980,#6284);
#5237=LINE('',#11982,#6285);
#5238=LINE('',#11984,#6286);
#5239=LINE('',#11986,#6287);
#5240=LINE('',#11989,#6288);
#5241=LINE('',#11990,#6289);
#5242=LINE('',#11992,#6290);
#5243=LINE('',#11994,#6291);
#5244=LINE('',#11996,#6292);
#5245=LINE('',#11998,#6293);
#5246=LINE('',#12001,#6294);
#5247=LINE('',#12002,#6295);
#5248=LINE('',#12004,#6296);
#5249=LINE('',#12006,#6297);
#5250=LINE('',#12008,#6298);
#5251=LINE('',#12012,#6299);
#5252=LINE('',#12013,#6300);
#5253=LINE('',#12015,#6301);
#5254=LINE('',#12017,#6302);
#5255=LINE('',#12021,#6303);
#5256=LINE('',#12022,#6304);
#5257=LINE('',#12024,#6305);
#5258=LINE('',#12026,#6306);
#5259=LINE('',#12030,#6307);
#5260=LINE('',#12031,#6308);
#5261=LINE('',#12033,#6309);
#5262=LINE('',#12035,#6310);
#5263=LINE('',#12037,#6311);
#5264=LINE('',#12039,#6312);
#5265=LINE('',#12042,#6313);
#5266=LINE('',#12043,#6314);
#5267=LINE('',#12045,#6315);
#5268=LINE('',#12047,#6316);
#5269=LINE('',#12049,#6317);
#5270=LINE('',#12051,#6318);
#5271=LINE('',#12054,#6319);
#5272=LINE('',#12055,#6320);
#5273=LINE('',#12057,#6321);
#5274=LINE('',#12059,#6322);
#5275=LINE('',#12061,#6323);
#5276=LINE('',#12063,#6324);
#5277=LINE('',#12066,#6325);
#5278=LINE('',#12067,#6326);
#5279=LINE('',#12069,#6327);
#5280=LINE('',#12071,#6328);
#5281=LINE('',#12073,#6329);
#5282=LINE('',#12075,#6330);
#5283=LINE('',#12078,#6331);
#5284=LINE('',#12079,#6332);
#5285=LINE('',#12081,#6333);
#5286=LINE('',#12083,#6334);
#5287=LINE('',#12087,#6335);
#5288=LINE('',#12088,#6336);
#5289=LINE('',#12090,#6337);
#5290=LINE('',#12092,#6338);
#5291=LINE('',#12094,#6339);
#5292=LINE('',#12096,#6340);
#5293=LINE('',#12099,#6341);
#5294=LINE('',#12100,#6342);
#5295=LINE('',#12102,#6343);
#5296=LINE('',#12104,#6344);
#5297=LINE('',#12106,#6345);
#5298=LINE('',#12108,#6346);
#5299=LINE('',#12111,#6347);
#5300=LINE('',#12112,#6348);
#5301=LINE('',#12114,#6349);
#5302=LINE('',#12116,#6350);
#5303=LINE('',#12118,#6351);
#5304=LINE('',#12120,#6352);
#5305=LINE('',#12123,#6353);
#5306=LINE('',#12124,#6354);
#5307=LINE('',#12126,#6355);
#5308=LINE('',#12128,#6356);
#5309=LINE('',#12130,#6357);
#5310=LINE('',#12132,#6358);
#5311=LINE('',#12135,#6359);
#5312=LINE('',#12136,#6360);
#5313=LINE('',#12138,#6361);
#5314=LINE('',#12140,#6362);
#5315=LINE('',#12142,#6363);
#5316=LINE('',#12144,#6364);
#5317=LINE('',#12147,#6365);
#5318=LINE('',#12148,#6366);
#5319=LINE('',#12150,#6367);
#5320=LINE('',#12152,#6368);
#5321=LINE('',#12154,#6369);
#5322=LINE('',#12156,#6370);
#5323=LINE('',#12159,#6371);
#5324=LINE('',#12160,#6372);
#5325=LINE('',#12162,#6373);
#5326=LINE('',#12164,#6374);
#5327=LINE('',#12168,#6375);
#5328=LINE('',#12169,#6376);
#5329=LINE('',#12171,#6377);
#5330=LINE('',#12173,#6378);
#5331=LINE('',#12175,#6379);
#5332=LINE('',#12177,#6380);
#5333=LINE('',#12180,#6381);
#5334=LINE('',#12181,#6382);
#5335=LINE('',#12183,#6383);
#5336=LINE('',#12185,#6384);
#5337=LINE('',#12187,#6385);
#5338=LINE('',#12189,#6386);
#5339=LINE('',#12192,#6387);
#5340=LINE('',#12193,#6388);
#5341=LINE('',#12195,#6389);
#5342=LINE('',#12197,#6390);
#5343=LINE('',#12199,#6391);
#5344=LINE('',#12201,#6392);
#5345=LINE('',#12204,#6393);
#5346=LINE('',#12205,#6394);
#5347=LINE('',#12207,#6395);
#5348=LINE('',#12209,#6396);
#5349=LINE('',#12211,#6397);
#5350=LINE('',#12213,#6398);
#5351=LINE('',#12216,#6399);
#5352=LINE('',#12217,#6400);
#5353=LINE('',#12219,#6401);
#5354=LINE('',#12221,#6402);
#5355=LINE('',#12223,#6403);
#5356=LINE('',#12227,#6404);
#5357=LINE('',#12228,#6405);
#5358=LINE('',#12232,#6406);
#5359=LINE('',#12233,#6407);
#5360=LINE('',#12235,#6408);
#5361=LINE('',#12237,#6409);
#5362=LINE('',#12241,#6410);
#5363=LINE('',#12242,#6411);
#5364=LINE('',#12244,#6412);
#5365=LINE('',#12246,#6413);
#5366=LINE('',#12248,#6414);
#5367=LINE('',#12252,#6415);
#5368=LINE('',#12253,#6416);
#5369=LINE('',#12255,#6417);
#5370=LINE('',#12257,#6418);
#5371=LINE('',#12261,#6419);
#5372=LINE('',#12262,#6420);
#5373=LINE('',#12266,#6421);
#5374=LINE('',#12267,#6422);
#5375=LINE('',#12269,#6423);
#5376=LINE('',#12271,#6424);
#5377=LINE('',#12273,#6425);
#5378=LINE('',#12275,#6426);
#5379=LINE('',#12278,#6427);
#5380=LINE('',#12279,#6428);
#5381=LINE('',#12281,#6429);
#5382=LINE('',#12283,#6430);
#5383=LINE('',#12287,#6431);
#5384=LINE('',#12288,#6432);
#5385=LINE('',#12290,#6433);
#5386=LINE('',#12291,#6434);
#5387=LINE('',#12296,#6435);
#5388=LINE('',#12297,#6436);
#5389=LINE('',#12299,#6437);
#5390=LINE('',#12301,#6438);
#5391=LINE('',#12303,#6439);
#5392=LINE('',#12305,#6440);
#5393=LINE('',#12308,#6441);
#5394=LINE('',#12309,#6442);
#5395=LINE('',#12311,#6443);
#5396=LINE('',#12313,#6444);
#5397=LINE('',#12315,#6445);
#5398=LINE('',#12317,#6446);
#5399=LINE('',#12320,#6447);
#5400=LINE('',#12321,#6448);
#5401=LINE('',#12323,#6449);
#5402=LINE('',#12325,#6450);
#5403=LINE('',#12327,#6451);
#5404=LINE('',#12329,#6452);
#5405=LINE('',#12332,#6453);
#5406=LINE('',#12333,#6454);
#5407=LINE('',#12337,#6455);
#5408=LINE('',#12338,#6456);
#5409=LINE('',#12340,#6457);
#5410=LINE('',#12342,#6458);
#5411=LINE('',#12346,#6459);
#5412=LINE('',#12347,#6460);
#5413=LINE('',#12349,#6461);
#5414=LINE('',#12350,#6462);
#5415=LINE('',#12352,#6463);
#5416=LINE('',#12357,#6464);
#5417=LINE('',#12358,#6465);
#5418=LINE('',#12360,#6466);
#5419=LINE('',#12361,#6467);
#5420=LINE('',#12366,#6468);
#5421=LINE('',#12367,#6469);
#5422=LINE('',#12371,#6470);
#5423=LINE('',#12372,#6471);
#5424=LINE('',#12374,#6472);
#5425=LINE('',#12376,#6473);
#5426=LINE('',#12378,#6474);
#5427=LINE('',#12380,#6475);
#5428=LINE('',#12383,#6476);
#5429=LINE('',#12384,#6477);
#5430=LINE('',#12386,#6478);
#5431=LINE('',#12388,#6479);
#5432=LINE('',#12390,#6480);
#5433=LINE('',#12392,#6481);
#5434=LINE('',#12395,#6482);
#5435=LINE('',#12396,#6483);
#5436=LINE('',#12398,#6484);
#5437=LINE('',#12400,#6485);
#5438=LINE('',#12404,#6486);
#5439=LINE('',#12405,#6487);
#5440=LINE('',#12409,#6488);
#5441=LINE('',#12410,#6489);
#5442=LINE('',#12412,#6490);
#5443=LINE('',#12414,#6491);
#5444=LINE('',#12416,#6492);
#5445=LINE('',#12418,#6493);
#5446=LINE('',#12421,#6494);
#5447=LINE('',#12422,#6495);
#5448=LINE('',#12424,#6496);
#5449=LINE('',#12426,#6497);
#5450=LINE('',#12428,#6498);
#5451=LINE('',#12430,#6499);
#5452=LINE('',#12433,#6500);
#5453=LINE('',#12434,#6501);
#5454=LINE('',#12438,#6502);
#5455=LINE('',#12439,#6503);
#5456=LINE('',#12441,#6504);
#5457=LINE('',#12443,#6505);
#5458=LINE('',#12445,#6506);
#5459=LINE('',#12447,#6507);
#5460=LINE('',#12450,#6508);
#5461=LINE('',#12451,#6509);
#5462=LINE('',#12453,#6510);
#5463=LINE('',#12455,#6511);
#5464=LINE('',#12457,#6512);
#5465=LINE('',#12459,#6513);
#5466=LINE('',#12462,#6514);
#5467=LINE('',#12463,#6515);
#5468=LINE('',#12465,#6516);
#5469=LINE('',#12467,#6517);
#5470=LINE('',#12469,#6518);
#5471=LINE('',#12471,#6519);
#5472=LINE('',#12474,#6520);
#5473=LINE('',#12475,#6521);
#5474=LINE('',#12477,#6522);
#5475=LINE('',#12479,#6523);
#5476=LINE('',#12481,#6524);
#5477=LINE('',#12483,#6525);
#5478=LINE('',#12486,#6526);
#5479=LINE('',#12487,#6527);
#5480=LINE('',#12489,#6528);
#5481=LINE('',#12491,#6529);
#5482=LINE('',#12493,#6530);
#5483=LINE('',#12497,#6531);
#5484=LINE('',#12498,#6532);
#5485=LINE('',#12500,#6533);
#5486=LINE('',#12502,#6534);
#5487=LINE('',#12504,#6535);
#5488=LINE('',#12506,#6536);
#5489=LINE('',#12509,#6537);
#5490=LINE('',#12510,#6538);
#5491=LINE('',#12512,#6539);
#5492=LINE('',#12514,#6540);
#5493=LINE('',#12516,#6541);
#5494=LINE('',#12518,#6542);
#5495=LINE('',#12521,#6543);
#5496=LINE('',#12522,#6544);
#5497=LINE('',#12524,#6545);
#5498=LINE('',#12526,#6546);
#5499=LINE('',#12528,#6547);
#5500=LINE('',#12530,#6548);
#5501=LINE('',#12533,#6549);
#5502=LINE('',#12534,#6550);
#5503=LINE('',#12536,#6551);
#5504=LINE('',#12538,#6552);
#5505=LINE('',#12540,#6553);
#5506=LINE('',#12542,#6554);
#5507=LINE('',#12545,#6555);
#5508=LINE('',#12546,#6556);
#5509=LINE('',#12548,#6557);
#5510=LINE('',#12550,#6558);
#5511=LINE('',#12552,#6559);
#5512=LINE('',#12554,#6560);
#5513=LINE('',#12557,#6561);
#5514=LINE('',#12558,#6562);
#5515=LINE('',#12560,#6563);
#5516=LINE('',#12562,#6564);
#5517=LINE('',#12563,#6565);
#5518=LINE('',#12568,#6566);
#5519=LINE('',#12569,#6567);
#5520=LINE('',#12571,#6568);
#5521=LINE('',#12573,#6569);
#5522=LINE('',#12575,#6570);
#5523=LINE('',#12577,#6571);
#5524=LINE('',#12580,#6572);
#5525=LINE('',#12581,#6573);
#5526=LINE('',#12583,#6574);
#5527=LINE('',#12585,#6575);
#5528=LINE('',#12587,#6576);
#5529=LINE('',#12589,#6577);
#5530=LINE('',#12592,#6578);
#5531=LINE('',#12593,#6579);
#5532=LINE('',#12595,#6580);
#5533=LINE('',#12597,#6581);
#5534=LINE('',#12599,#6582);
#5535=LINE('',#12601,#6583);
#5536=LINE('',#12604,#6584);
#5537=LINE('',#12605,#6585);
#5538=LINE('',#12607,#6586);
#5539=LINE('',#12609,#6587);
#5540=LINE('',#12611,#6588);
#5541=LINE('',#12613,#6589);
#5542=LINE('',#12616,#6590);
#5543=LINE('',#12617,#6591);
#5544=LINE('',#12619,#6592);
#5545=LINE('',#12621,#6593);
#5546=VECTOR('',#8471,1.);
#5547=VECTOR('',#8474,1.);
#5548=VECTOR('',#8479,1.);
#5549=VECTOR('',#8482,1.);
#5550=VECTOR('',#8487,1.);
#5551=VECTOR('',#8490,1.);
#5552=VECTOR('',#8495,1.);
#5553=VECTOR('',#8498,1.);
#5554=VECTOR('',#8503,1.);
#5555=VECTOR('',#8506,1.);
#5556=VECTOR('',#8511,1.);
#5557=VECTOR('',#8514,1.);
#5558=VECTOR('',#8519,1.);
#5559=VECTOR('',#8522,1.);
#5560=VECTOR('',#8527,1.);
#5561=VECTOR('',#8530,1.);
#5562=VECTOR('',#8535,1.);
#5563=VECTOR('',#8538,1.);
#5564=VECTOR('',#8543,1.);
#5565=VECTOR('',#8546,1.);
#5566=VECTOR('',#8551,1.);
#5567=VECTOR('',#8554,1.);
#5568=VECTOR('',#8559,1.);
#5569=VECTOR('',#8562,1.);
#5570=VECTOR('',#8567,1.);
#5571=VECTOR('',#8570,1.);
#5572=VECTOR('',#8575,1.);
#5573=VECTOR('',#8578,1.);
#5574=VECTOR('',#8583,1.);
#5575=VECTOR('',#8586,1.);
#5576=VECTOR('',#8591,1.);
#5577=VECTOR('',#8594,1.);
#5578=VECTOR('',#8599,1.);
#5579=VECTOR('',#8602,1.);
#5580=VECTOR('',#8607,1.);
#5581=VECTOR('',#8610,1.);
#5582=VECTOR('',#8615,1.);
#5583=VECTOR('',#8618,1.);
#5584=VECTOR('',#8623,1.);
#5585=VECTOR('',#8626,1.);
#5586=VECTOR('',#8631,1.);
#5587=VECTOR('',#8634,1.);
#5588=VECTOR('',#8639,1.);
#5589=VECTOR('',#8642,1.);
#5590=VECTOR('',#8647,1.);
#5591=VECTOR('',#8650,1.);
#5592=VECTOR('',#8657,1.);
#5593=VECTOR('',#8660,1.);
#5594=VECTOR('',#8663,1.);
#5595=VECTOR('',#8664,1.);
#5596=VECTOR('',#8665,1.);
#5597=VECTOR('',#8670,1.);
#5598=VECTOR('',#8675,1.);
#5599=VECTOR('',#8676,1.);
#5600=VECTOR('',#8677,1.);
#5601=VECTOR('',#8682,1.);
#5602=VECTOR('',#8687,1.);
#5603=VECTOR('',#8688,1.);
#5604=VECTOR('',#8689,1.);
#5605=VECTOR('',#8694,1.);
#5606=VECTOR('',#8723,1.);
#5607=VECTOR('',#8726,1.);
#5608=VECTOR('',#8731,1.);
#5609=VECTOR('',#8732,1.);
#5610=VECTOR('',#8735,1.);
#5611=VECTOR('',#8736,1.);
#5612=VECTOR('',#8737,1.);
#5613=VECTOR('',#8738,1.);
#5614=VECTOR('',#8739,1.);
#5615=VECTOR('',#8740,1.);
#5616=VECTOR('',#8741,1.);
#5617=VECTOR('',#8742,1.);
#5618=VECTOR('',#8743,1.);
#5619=VECTOR('',#8744,1.);
#5620=VECTOR('',#8745,1.);
#5621=VECTOR('',#8746,1.);
#5622=VECTOR('',#8747,1.);
#5623=VECTOR('',#8748,1.);
#5624=VECTOR('',#8749,1.);
#5625=VECTOR('',#8750,1.);
#5626=VECTOR('',#8751,1.);
#5627=VECTOR('',#8752,1.);
#5628=VECTOR('',#8753,1.);
#5629=VECTOR('',#8754,1.);
#5630=VECTOR('',#8755,1.);
#5631=VECTOR('',#8756,1.);
#5632=VECTOR('',#8757,1.);
#5633=VECTOR('',#8758,1.);
#5634=VECTOR('',#8759,1.);
#5635=VECTOR('',#8760,1.);
#5636=VECTOR('',#8761,1.);
#5637=VECTOR('',#8762,1.);
#5638=VECTOR('',#8763,1.);
#5639=VECTOR('',#8764,1.);
#5640=VECTOR('',#8765,1.);
#5641=VECTOR('',#8766,1.);
#5642=VECTOR('',#8767,1.);
#5643=VECTOR('',#8768,1.);
#5644=VECTOR('',#8769,1.);
#5645=VECTOR('',#8770,1.);
#5646=VECTOR('',#8771,1.);
#5647=VECTOR('',#8772,1.);
#5648=VECTOR('',#8773,1.);
#5649=VECTOR('',#8774,1.);
#5650=VECTOR('',#8775,1.);
#5651=VECTOR('',#8776,1.);
#5652=VECTOR('',#8777,1.);
#5653=VECTOR('',#8778,1.);
#5654=VECTOR('',#8779,1.);
#5655=VECTOR('',#8780,1.);
#5656=VECTOR('',#8781,1.);
#5657=VECTOR('',#8782,1.);
#5658=VECTOR('',#8783,1.);
#5659=VECTOR('',#8784,1.);
#5660=VECTOR('',#8785,1.);
#5661=VECTOR('',#8786,1.);
#5662=VECTOR('',#8787,1.);
#5663=VECTOR('',#8788,1.);
#5664=VECTOR('',#8789,1.);
#5665=VECTOR('',#8790,1.);
#5666=VECTOR('',#8791,1.);
#5667=VECTOR('',#8792,1.);
#5668=VECTOR('',#8793,1.);
#5669=VECTOR('',#8794,1.);
#5670=VECTOR('',#8795,1.);
#5671=VECTOR('',#8796,1.);
#5672=VECTOR('',#8797,1.);
#5673=VECTOR('',#8798,1.);
#5674=VECTOR('',#8799,1.);
#5675=VECTOR('',#8800,1.);
#5676=VECTOR('',#8801,1.);
#5677=VECTOR('',#8802,1.);
#5678=VECTOR('',#8803,1.);
#5679=VECTOR('',#8804,1.);
#5680=VECTOR('',#8805,1.);
#5681=VECTOR('',#8806,1.);
#5682=VECTOR('',#8807,1.);
#5683=VECTOR('',#8808,1.);
#5684=VECTOR('',#8809,1.);
#5685=VECTOR('',#8810,1.);
#5686=VECTOR('',#8811,1.);
#5687=VECTOR('',#8812,1.);
#5688=VECTOR('',#8813,1.);
#5689=VECTOR('',#8814,1.);
#5690=VECTOR('',#8815,1.);
#5691=VECTOR('',#8816,1.);
#5692=VECTOR('',#8817,1.);
#5693=VECTOR('',#8818,1.);
#5694=VECTOR('',#8819,1.);
#5695=VECTOR('',#8820,1.);
#5696=VECTOR('',#8821,1.);
#5697=VECTOR('',#8822,1.);
#5698=VECTOR('',#8823,1.);
#5699=VECTOR('',#8824,1.);
#5700=VECTOR('',#8825,1.);
#5701=VECTOR('',#8826,1.);
#5702=VECTOR('',#8827,1.);
#5703=VECTOR('',#8828,1.);
#5704=VECTOR('',#8829,1.);
#5705=VECTOR('',#8830,1.);
#5706=VECTOR('',#8831,1.);
#5707=VECTOR('',#8832,1.);
#5708=VECTOR('',#8833,1.);
#5709=VECTOR('',#8834,1.);
#5710=VECTOR('',#8835,1.);
#5711=VECTOR('',#8836,1.);
#5712=VECTOR('',#8837,1.);
#5713=VECTOR('',#8838,1.);
#5714=VECTOR('',#8839,1.);
#5715=VECTOR('',#8840,1.);
#5716=VECTOR('',#8841,1.);
#5717=VECTOR('',#8842,1.);
#5718=VECTOR('',#8843,1.);
#5719=VECTOR('',#8844,1.);
#5720=VECTOR('',#8845,1.);
#5721=VECTOR('',#8846,1.);
#5722=VECTOR('',#8847,1.);
#5723=VECTOR('',#8848,1.);
#5724=VECTOR('',#8849,1.);
#5725=VECTOR('',#8850,1.);
#5726=VECTOR('',#8851,1.);
#5727=VECTOR('',#8852,1.);
#5728=VECTOR('',#8853,1.);
#5729=VECTOR('',#8854,1.);
#5730=VECTOR('',#8855,1.);
#5731=VECTOR('',#8856,1.);
#5732=VECTOR('',#8857,1.);
#5733=VECTOR('',#8858,1.);
#5734=VECTOR('',#8859,1.);
#5735=VECTOR('',#8860,1.);
#5736=VECTOR('',#8861,1.);
#5737=VECTOR('',#8862,1.);
#5738=VECTOR('',#8863,1.);
#5739=VECTOR('',#8864,1.);
#5740=VECTOR('',#8865,1.);
#5741=VECTOR('',#8866,1.);
#5742=VECTOR('',#8867,1.);
#5743=VECTOR('',#8868,1.);
#5744=VECTOR('',#8869,1.);
#5745=VECTOR('',#8870,1.);
#5746=VECTOR('',#8871,1.);
#5747=VECTOR('',#8872,1.);
#5748=VECTOR('',#8873,1.);
#5749=VECTOR('',#8874,1.);
#5750=VECTOR('',#8875,1.);
#5751=VECTOR('',#8876,1.);
#5752=VECTOR('',#8877,1.);
#5753=VECTOR('',#8878,1.);
#5754=VECTOR('',#8879,1.);
#5755=VECTOR('',#8880,1.);
#5756=VECTOR('',#8881,1.);
#5757=VECTOR('',#8882,1.);
#5758=VECTOR('',#8883,1.);
#5759=VECTOR('',#8884,1.);
#5760=VECTOR('',#8885,1.);
#5761=VECTOR('',#8886,1.);
#5762=VECTOR('',#8887,1.);
#5763=VECTOR('',#8888,1.);
#5764=VECTOR('',#8889,1.);
#5765=VECTOR('',#8890,1.);
#5766=VECTOR('',#8891,1.);
#5767=VECTOR('',#8892,1.);
#5768=VECTOR('',#8893,1.);
#5769=VECTOR('',#8894,1.);
#5770=VECTOR('',#8895,1.);
#5771=VECTOR('',#8896,1.);
#5772=VECTOR('',#8897,1.);
#5773=VECTOR('',#8898,1.);
#5774=VECTOR('',#8899,1.);
#5775=VECTOR('',#8900,1.);
#5776=VECTOR('',#8901,1.);
#5777=VECTOR('',#8902,1.);
#5778=VECTOR('',#8903,1.);
#5779=VECTOR('',#8904,1.);
#5780=VECTOR('',#8905,1.);
#5781=VECTOR('',#8906,1.);
#5782=VECTOR('',#8907,1.);
#5783=VECTOR('',#8908,1.);
#5784=VECTOR('',#8909,1.);
#5785=VECTOR('',#8910,1.);
#5786=VECTOR('',#8911,1.);
#5787=VECTOR('',#8912,1.);
#5788=VECTOR('',#8913,1.);
#5789=VECTOR('',#8914,1.);
#5790=VECTOR('',#8915,1.);
#5791=VECTOR('',#8916,1.);
#5792=VECTOR('',#8917,1.);
#5793=VECTOR('',#8918,1.);
#5794=VECTOR('',#8919,1.);
#5795=VECTOR('',#8920,1.);
#5796=VECTOR('',#8921,1.);
#5797=VECTOR('',#8922,1.);
#5798=VECTOR('',#8923,1.);
#5799=VECTOR('',#8924,1.);
#5800=VECTOR('',#8925,1.);
#5801=VECTOR('',#8926,1.);
#5802=VECTOR('',#8927,1.);
#5803=VECTOR('',#8928,1.);
#5804=VECTOR('',#8929,1.);
#5805=VECTOR('',#8930,1.);
#5806=VECTOR('',#8931,1.);
#5807=VECTOR('',#8932,1.);
#5808=VECTOR('',#8933,1.);
#5809=VECTOR('',#8934,1.);
#5810=VECTOR('',#8935,1.);
#5811=VECTOR('',#8936,1.);
#5812=VECTOR('',#8937,1.);
#5813=VECTOR('',#8938,1.);
#5814=VECTOR('',#8939,1.);
#5815=VECTOR('',#8940,1.);
#5816=VECTOR('',#8941,1.);
#5817=VECTOR('',#8942,1.);
#5818=VECTOR('',#8943,1.);
#5819=VECTOR('',#8944,1.);
#5820=VECTOR('',#8945,1.);
#5821=VECTOR('',#8946,1.);
#5822=VECTOR('',#8947,1.);
#5823=VECTOR('',#8948,1.);
#5824=VECTOR('',#8949,1.);
#5825=VECTOR('',#8950,1.);
#5826=VECTOR('',#8951,1.);
#5827=VECTOR('',#8952,1.);
#5828=VECTOR('',#8953,1.);
#5829=VECTOR('',#8954,1.);
#5830=VECTOR('',#8955,1.);
#5831=VECTOR('',#8956,1.);
#5832=VECTOR('',#8957,1.);
#5833=VECTOR('',#8958,1.);
#5834=VECTOR('',#8959,1.);
#5835=VECTOR('',#8960,1.);
#5836=VECTOR('',#8961,1.);
#5837=VECTOR('',#8962,1.);
#5838=VECTOR('',#8963,1.);
#5839=VECTOR('',#8964,1.);
#5840=VECTOR('',#8965,1.);
#5841=VECTOR('',#8966,1.);
#5842=VECTOR('',#8967,1.);
#5843=VECTOR('',#8968,1.);
#5844=VECTOR('',#8969,1.);
#5845=VECTOR('',#8970,1.);
#5846=VECTOR('',#8971,1.);
#5847=VECTOR('',#8972,1.);
#5848=VECTOR('',#8973,1.);
#5849=VECTOR('',#8974,1.);
#5850=VECTOR('',#8975,1.);
#5851=VECTOR('',#8976,1.);
#5852=VECTOR('',#8977,1.);
#5853=VECTOR('',#8978,1.);
#5854=VECTOR('',#8979,1.);
#5855=VECTOR('',#8980,1.);
#5856=VECTOR('',#8981,1.);
#5857=VECTOR('',#8982,1.);
#5858=VECTOR('',#8983,1.);
#5859=VECTOR('',#8984,1.);
#5860=VECTOR('',#8985,1.);
#5861=VECTOR('',#8986,1.);
#5862=VECTOR('',#8987,1.);
#5863=VECTOR('',#8988,1.);
#5864=VECTOR('',#8989,1.);
#5865=VECTOR('',#8990,1.);
#5866=VECTOR('',#8991,1.);
#5867=VECTOR('',#8992,1.);
#5868=VECTOR('',#8993,1.);
#5869=VECTOR('',#8994,1.);
#5870=VECTOR('',#8995,1.);
#5871=VECTOR('',#8996,1.);
#5872=VECTOR('',#8997,1.);
#5873=VECTOR('',#8998,1.);
#5874=VECTOR('',#8999,1.);
#5875=VECTOR('',#9000,1.);
#5876=VECTOR('',#9001,1.);
#5877=VECTOR('',#9002,1.);
#5878=VECTOR('',#9003,1.);
#5879=VECTOR('',#9004,1.);
#5880=VECTOR('',#9005,1.);
#5881=VECTOR('',#9006,1.);
#5882=VECTOR('',#9007,1.);
#5883=VECTOR('',#9008,1.);
#5884=VECTOR('',#9009,1.);
#5885=VECTOR('',#9010,1.);
#5886=VECTOR('',#9011,1.);
#5887=VECTOR('',#9012,1.);
#5888=VECTOR('',#9013,1.);
#5889=VECTOR('',#9014,1.);
#5890=VECTOR('',#9015,1.);
#5891=VECTOR('',#9016,1.);
#5892=VECTOR('',#9017,1.);
#5893=VECTOR('',#9018,1.);
#5894=VECTOR('',#9019,1.);
#5895=VECTOR('',#9020,1.);
#5896=VECTOR('',#9021,1.);
#5897=VECTOR('',#9022,1.);
#5898=VECTOR('',#9023,1.);
#5899=VECTOR('',#9024,1.);
#5900=VECTOR('',#9025,1.);
#5901=VECTOR('',#9026,1.);
#5902=VECTOR('',#9027,1.);
#5903=VECTOR('',#9028,1.);
#5904=VECTOR('',#9029,1.);
#5905=VECTOR('',#9030,1.);
#5906=VECTOR('',#9031,1.);
#5907=VECTOR('',#9032,1.);
#5908=VECTOR('',#9033,1.);
#5909=VECTOR('',#9034,1.);
#5910=VECTOR('',#9035,1.);
#5911=VECTOR('',#9036,1.);
#5912=VECTOR('',#9037,1.);
#5913=VECTOR('',#9038,1.);
#5914=VECTOR('',#9039,1.);
#5915=VECTOR('',#9040,1.);
#5916=VECTOR('',#9041,1.);
#5917=VECTOR('',#9042,1.);
#5918=VECTOR('',#9043,1.);
#5919=VECTOR('',#9044,1.);
#5920=VECTOR('',#9045,1.);
#5921=VECTOR('',#9046,1.);
#5922=VECTOR('',#9047,1.);
#5923=VECTOR('',#9048,1.);
#5924=VECTOR('',#9049,1.);
#5925=VECTOR('',#9050,1.);
#5926=VECTOR('',#9051,1.);
#5927=VECTOR('',#9052,1.);
#5928=VECTOR('',#9053,1.);
#5929=VECTOR('',#9054,1.);
#5930=VECTOR('',#9055,1.);
#5931=VECTOR('',#9056,1.);
#5932=VECTOR('',#9057,1.);
#5933=VECTOR('',#9058,1.);
#5934=VECTOR('',#9059,1.);
#5935=VECTOR('',#9060,1.);
#5936=VECTOR('',#9061,1.);
#5937=VECTOR('',#9062,1.);
#5938=VECTOR('',#9063,1.);
#5939=VECTOR('',#9064,1.);
#5940=VECTOR('',#9065,1.);
#5941=VECTOR('',#9066,1.);
#5942=VECTOR('',#9067,1.);
#5943=VECTOR('',#9068,1.);
#5944=VECTOR('',#9069,1.);
#5945=VECTOR('',#9070,1.);
#5946=VECTOR('',#9073,1.);
#5947=VECTOR('',#9074,1.);
#5948=VECTOR('',#9075,1.);
#5949=VECTOR('',#9076,1.);
#5950=VECTOR('',#9077,1.);
#5951=VECTOR('',#9078,1.);
#5952=VECTOR('',#9079,1.);
#5953=VECTOR('',#9080,1.);
#5954=VECTOR('',#9081,1.);
#5955=VECTOR('',#9082,1.);
#5956=VECTOR('',#9083,1.);
#5957=VECTOR('',#9084,1.);
#5958=VECTOR('',#9085,1.);
#5959=VECTOR('',#9086,1.);
#5960=VECTOR('',#9087,1.);
#5961=VECTOR('',#9088,1.);
#5962=VECTOR('',#9089,1.);
#5963=VECTOR('',#9090,1.);
#5964=VECTOR('',#9091,1.);
#5965=VECTOR('',#9092,1.);
#5966=VECTOR('',#9093,1.);
#5967=VECTOR('',#9094,1.);
#5968=VECTOR('',#9095,1.);
#5969=VECTOR('',#9096,1.);
#5970=VECTOR('',#9097,1.);
#5971=VECTOR('',#9098,1.);
#5972=VECTOR('',#9099,1.);
#5973=VECTOR('',#9100,1.);
#5974=VECTOR('',#9101,1.);
#5975=VECTOR('',#9102,1.);
#5976=VECTOR('',#9103,1.);
#5977=VECTOR('',#9104,1.);
#5978=VECTOR('',#9105,1.);
#5979=VECTOR('',#9106,1.);
#5980=VECTOR('',#9107,1.);
#5981=VECTOR('',#9108,1.);
#5982=VECTOR('',#9109,1.);
#5983=VECTOR('',#9110,1.);
#5984=VECTOR('',#9111,1.);
#5985=VECTOR('',#9112,1.);
#5986=VECTOR('',#9113,1.);
#5987=VECTOR('',#9114,1.);
#5988=VECTOR('',#9115,1.);
#5989=VECTOR('',#9116,1.);
#5990=VECTOR('',#9117,1.);
#5991=VECTOR('',#9118,1.);
#5992=VECTOR('',#9119,1.);
#5993=VECTOR('',#9120,1.);
#5994=VECTOR('',#9121,1.);
#5995=VECTOR('',#9122,1.);
#5996=VECTOR('',#9123,1.);
#5997=VECTOR('',#9124,1.);
#5998=VECTOR('',#9125,1.);
#5999=VECTOR('',#9126,1.);
#6000=VECTOR('',#9127,1.);
#6001=VECTOR('',#9128,1.);
#6002=VECTOR('',#9129,1.);
#6003=VECTOR('',#9130,1.);
#6004=VECTOR('',#9131,1.);
#6005=VECTOR('',#9132,1.);
#6006=VECTOR('',#9133,1.);
#6007=VECTOR('',#9134,1.);
#6008=VECTOR('',#9135,1.);
#6009=VECTOR('',#9136,1.);
#6010=VECTOR('',#9137,1.);
#6011=VECTOR('',#9138,1.);
#6012=VECTOR('',#9139,1.);
#6013=VECTOR('',#9140,1.);
#6014=VECTOR('',#9141,1.);
#6015=VECTOR('',#9142,1.);
#6016=VECTOR('',#9143,1.);
#6017=VECTOR('',#9144,1.);
#6018=VECTOR('',#9145,1.);
#6019=VECTOR('',#9146,1.);
#6020=VECTOR('',#9147,1.);
#6021=VECTOR('',#9148,1.);
#6022=VECTOR('',#9149,1.);
#6023=VECTOR('',#9150,1.);
#6024=VECTOR('',#9151,1.);
#6025=VECTOR('',#9152,1.);
#6026=VECTOR('',#9153,1.);
#6027=VECTOR('',#9154,1.);
#6028=VECTOR('',#9155,1.);
#6029=VECTOR('',#9156,1.);
#6030=VECTOR('',#9157,1.);
#6031=VECTOR('',#9158,1.);
#6032=VECTOR('',#9159,1.);
#6033=VECTOR('',#9160,1.);
#6034=VECTOR('',#9161,1.);
#6035=VECTOR('',#9162,1.);
#6036=VECTOR('',#9163,1.);
#6037=VECTOR('',#9164,1.);
#6038=VECTOR('',#9165,1.);
#6039=VECTOR('',#9166,1.);
#6040=VECTOR('',#9167,1.);
#6041=VECTOR('',#9168,1.);
#6042=VECTOR('',#9169,1.);
#6043=VECTOR('',#9170,1.);
#6044=VECTOR('',#9171,1.);
#6045=VECTOR('',#9172,1.);
#6046=VECTOR('',#9173,1.);
#6047=VECTOR('',#9174,1.);
#6048=VECTOR('',#9175,1.);
#6049=VECTOR('',#9176,1.);
#6050=VECTOR('',#9177,1.);
#6051=VECTOR('',#9178,1.);
#6052=VECTOR('',#9179,1.);
#6053=VECTOR('',#9180,1.);
#6054=VECTOR('',#9181,1.);
#6055=VECTOR('',#9182,1.);
#6056=VECTOR('',#9183,1.);
#6057=VECTOR('',#9184,1.);
#6058=VECTOR('',#9185,1.);
#6059=VECTOR('',#9186,1.);
#6060=VECTOR('',#9187,1.);
#6061=VECTOR('',#9188,1.);
#6062=VECTOR('',#9189,1.);
#6063=VECTOR('',#9190,1.);
#6064=VECTOR('',#9191,1.);
#6065=VECTOR('',#9192,1.);
#6066=VECTOR('',#9193,1.);
#6067=VECTOR('',#9194,1.);
#6068=VECTOR('',#9195,1.);
#6069=VECTOR('',#9196,1.);
#6070=VECTOR('',#9197,1.);
#6071=VECTOR('',#9198,1.);
#6072=VECTOR('',#9199,1.);
#6073=VECTOR('',#9200,1.);
#6074=VECTOR('',#9201,1.);
#6075=VECTOR('',#9202,1.);
#6076=VECTOR('',#9203,1.);
#6077=VECTOR('',#9204,1.);
#6078=VECTOR('',#9205,1.);
#6079=VECTOR('',#9206,1.);
#6080=VECTOR('',#9207,1.);
#6081=VECTOR('',#9208,1.);
#6082=VECTOR('',#9209,1.);
#6083=VECTOR('',#9210,1.);
#6084=VECTOR('',#9211,1.);
#6085=VECTOR('',#9212,1.);
#6086=VECTOR('',#9213,1.);
#6087=VECTOR('',#9214,1.);
#6088=VECTOR('',#9215,1.);
#6089=VECTOR('',#9216,1.);
#6090=VECTOR('',#9217,1.);
#6091=VECTOR('',#9218,1.);
#6092=VECTOR('',#9219,1.);
#6093=VECTOR('',#9220,1.);
#6094=VECTOR('',#9221,1.);
#6095=VECTOR('',#9222,1.);
#6096=VECTOR('',#9223,1.);
#6097=VECTOR('',#9224,1.);
#6098=VECTOR('',#9225,1.);
#6099=VECTOR('',#9226,1.);
#6100=VECTOR('',#9227,1.);
#6101=VECTOR('',#9228,1.);
#6102=VECTOR('',#9229,1.);
#6103=VECTOR('',#9230,1.);
#6104=VECTOR('',#9231,1.);
#6105=VECTOR('',#9232,1.);
#6106=VECTOR('',#9233,1.);
#6107=VECTOR('',#9234,1.);
#6108=VECTOR('',#9235,1.);
#6109=VECTOR('',#9236,1.);
#6110=VECTOR('',#9237,1.);
#6111=VECTOR('',#9238,1.);
#6112=VECTOR('',#9239,1.);
#6113=VECTOR('',#9240,1.);
#6114=VECTOR('',#9241,1.);
#6115=VECTOR('',#9242,1.);
#6116=VECTOR('',#9243,1.);
#6117=VECTOR('',#9244,1.);
#6118=VECTOR('',#9245,1.);
#6119=VECTOR('',#9246,1.);
#6120=VECTOR('',#9247,1.);
#6121=VECTOR('',#9248,1.);
#6122=VECTOR('',#9249,1.);
#6123=VECTOR('',#9250,1.);
#6124=VECTOR('',#9251,1.);
#6125=VECTOR('',#9252,1.);
#6126=VECTOR('',#9253,1.);
#6127=VECTOR('',#9254,1.);
#6128=VECTOR('',#9255,1.);
#6129=VECTOR('',#9256,1.);
#6130=VECTOR('',#9257,1.);
#6131=VECTOR('',#9258,1.);
#6132=VECTOR('',#9259,1.);
#6133=VECTOR('',#9260,1.);
#6134=VECTOR('',#9261,1.);
#6135=VECTOR('',#9262,1.);
#6136=VECTOR('',#9263,1.);
#6137=VECTOR('',#9264,1.);
#6138=VECTOR('',#9265,1.);
#6139=VECTOR('',#9266,1.);
#6140=VECTOR('',#9267,1.);
#6141=VECTOR('',#9268,1.);
#6142=VECTOR('',#9269,1.);
#6143=VECTOR('',#9270,1.);
#6144=VECTOR('',#9271,1.);
#6145=VECTOR('',#9272,1.);
#6146=VECTOR('',#9273,1.);
#6147=VECTOR('',#9274,1.);
#6148=VECTOR('',#9275,1.);
#6149=VECTOR('',#9276,1.);
#6150=VECTOR('',#9277,1.);
#6151=VECTOR('',#9278,1.);
#6152=VECTOR('',#9279,1.);
#6153=VECTOR('',#9280,1.);
#6154=VECTOR('',#9281,1.);
#6155=VECTOR('',#9282,1.);
#6156=VECTOR('',#9283,1.);
#6157=VECTOR('',#9284,1.);
#6158=VECTOR('',#9285,1.);
#6159=VECTOR('',#9286,1.);
#6160=VECTOR('',#9287,1.);
#6161=VECTOR('',#9288,1.);
#6162=VECTOR('',#9289,1.);
#6163=VECTOR('',#9290,1.);
#6164=VECTOR('',#9291,1.);
#6165=VECTOR('',#9292,1.);
#6166=VECTOR('',#9293,1.);
#6167=VECTOR('',#9294,1.);
#6168=VECTOR('',#9295,1.);
#6169=VECTOR('',#9296,1.);
#6170=VECTOR('',#9297,1.);
#6171=VECTOR('',#9298,1.);
#6172=VECTOR('',#9299,1.);
#6173=VECTOR('',#9300,1.);
#6174=VECTOR('',#9301,1.);
#6175=VECTOR('',#9302,1.);
#6176=VECTOR('',#9303,1.);
#6177=VECTOR('',#9304,1.);
#6178=VECTOR('',#9305,1.);
#6179=VECTOR('',#9306,1.);
#6180=VECTOR('',#9307,1.);
#6181=VECTOR('',#9308,1.);
#6182=VECTOR('',#9309,1.);
#6183=VECTOR('',#9310,1.);
#6184=VECTOR('',#9311,1.);
#6185=VECTOR('',#9312,1.);
#6186=VECTOR('',#9313,1.);
#6187=VECTOR('',#9314,1.);
#6188=VECTOR('',#9315,1.);
#6189=VECTOR('',#9316,1.);
#6190=VECTOR('',#9317,1.);
#6191=VECTOR('',#9318,1.);
#6192=VECTOR('',#9319,1.);
#6193=VECTOR('',#9320,1.);
#6194=VECTOR('',#9321,1.);
#6195=VECTOR('',#9322,1.);
#6196=VECTOR('',#9323,1.);
#6197=VECTOR('',#9324,1.);
#6198=VECTOR('',#9325,1.);
#6199=VECTOR('',#9326,1.);
#6200=VECTOR('',#9327,1.);
#6201=VECTOR('',#9328,1.);
#6202=VECTOR('',#9329,1.);
#6203=VECTOR('',#9330,1.);
#6204=VECTOR('',#9331,1.);
#6205=VECTOR('',#9332,1.);
#6206=VECTOR('',#9333,1.);
#6207=VECTOR('',#9334,1.);
#6208=VECTOR('',#9335,1.);
#6209=VECTOR('',#9336,1.);
#6210=VECTOR('',#9337,1.);
#6211=VECTOR('',#9338,1.);
#6212=VECTOR('',#9339,1.);
#6213=VECTOR('',#9340,1.);
#6214=VECTOR('',#9341,1.);
#6215=VECTOR('',#9342,1.);
#6216=VECTOR('',#9343,1.);
#6217=VECTOR('',#9344,1.);
#6218=VECTOR('',#9345,1.);
#6219=VECTOR('',#9346,1.);
#6220=VECTOR('',#9347,1.);
#6221=VECTOR('',#9348,1.);
#6222=VECTOR('',#9349,1.);
#6223=VECTOR('',#9350,1.);
#6224=VECTOR('',#9351,1.);
#6225=VECTOR('',#9352,1.);
#6226=VECTOR('',#9353,1.);
#6227=VECTOR('',#9354,1.);
#6228=VECTOR('',#9355,1.);
#6229=VECTOR('',#9356,1.);
#6230=VECTOR('',#9357,1.);
#6231=VECTOR('',#9358,1.);
#6232=VECTOR('',#9359,1.);
#6233=VECTOR('',#9360,1.);
#6234=VECTOR('',#9361,1.);
#6235=VECTOR('',#9362,1.);
#6236=VECTOR('',#9363,1.);
#6237=VECTOR('',#9364,1.);
#6238=VECTOR('',#9365,1.);
#6239=VECTOR('',#9366,1.);
#6240=VECTOR('',#9367,1.);
#6241=VECTOR('',#9368,1.);
#6242=VECTOR('',#9369,1.);
#6243=VECTOR('',#9370,1.);
#6244=VECTOR('',#9371,1.);
#6245=VECTOR('',#9372,1.);
#6246=VECTOR('',#9373,1.);
#6247=VECTOR('',#9374,1.);
#6248=VECTOR('',#9375,1.);
#6249=VECTOR('',#9376,1.);
#6250=VECTOR('',#9377,1.);
#6251=VECTOR('',#9378,1.);
#6252=VECTOR('',#9379,1.);
#6253=VECTOR('',#9380,1.);
#6254=VECTOR('',#9381,1.);
#6255=VECTOR('',#9382,1.);
#6256=VECTOR('',#9383,1.);
#6257=VECTOR('',#9384,1.);
#6258=VECTOR('',#9385,1.);
#6259=VECTOR('',#9386,1.);
#6260=VECTOR('',#9387,1.);
#6261=VECTOR('',#9388,1.);
#6262=VECTOR('',#9389,1.);
#6263=VECTOR('',#9390,1.);
#6264=VECTOR('',#9391,1.);
#6265=VECTOR('',#9392,1.);
#6266=VECTOR('',#9393,1.);
#6267=VECTOR('',#9394,1.);
#6268=VECTOR('',#9395,1.);
#6269=VECTOR('',#9396,1.);
#6270=VECTOR('',#9397,1.);
#6271=VECTOR('',#9398,1.);
#6272=VECTOR('',#9399,1.);
#6273=VECTOR('',#9400,1.);
#6274=VECTOR('',#9401,1.);
#6275=VECTOR('',#9402,1.);
#6276=VECTOR('',#9403,1.);
#6277=VECTOR('',#9404,1.);
#6278=VECTOR('',#9405,1.);
#6279=VECTOR('',#9406,1.);
#6280=VECTOR('',#9407,1.);
#6281=VECTOR('',#9408,1.);
#6282=VECTOR('',#9411,1.);
#6283=VECTOR('',#9412,1.);
#6284=VECTOR('',#9415,1.);
#6285=VECTOR('',#9418,1.);
#6286=VECTOR('',#9421,1.);
#6287=VECTOR('',#9424,1.);
#6288=VECTOR('',#9429,1.);
#6289=VECTOR('',#9430,1.);
#6290=VECTOR('',#9433,1.);
#6291=VECTOR('',#9436,1.);
#6292=VECTOR('',#9439,1.);
#6293=VECTOR('',#9442,1.);
#6294=VECTOR('',#9447,1.);
#6295=VECTOR('',#9448,1.);
#6296=VECTOR('',#9451,1.);
#6297=VECTOR('',#9454,1.);
#6298=VECTOR('',#9457,1.);
#6299=VECTOR('',#9464,1.);
#6300=VECTOR('',#9465,1.);
#6301=VECTOR('',#9468,1.);
#6302=VECTOR('',#9471,1.);
#6303=VECTOR('',#9478,1.);
#6304=VECTOR('',#9479,1.);
#6305=VECTOR('',#9482,1.);
#6306=VECTOR('',#9485,1.);
#6307=VECTOR('',#9492,1.);
#6308=VECTOR('',#9493,1.);
#6309=VECTOR('',#9496,1.);
#6310=VECTOR('',#9499,1.);
#6311=VECTOR('',#9502,1.);
#6312=VECTOR('',#9505,1.);
#6313=VECTOR('',#9510,1.);
#6314=VECTOR('',#9511,1.);
#6315=VECTOR('',#9514,1.);
#6316=VECTOR('',#9517,1.);
#6317=VECTOR('',#9520,1.);
#6318=VECTOR('',#9523,1.);
#6319=VECTOR('',#9528,1.);
#6320=VECTOR('',#9529,1.);
#6321=VECTOR('',#9532,1.);
#6322=VECTOR('',#9535,1.);
#6323=VECTOR('',#9538,1.);
#6324=VECTOR('',#9541,1.);
#6325=VECTOR('',#9546,1.);
#6326=VECTOR('',#9547,1.);
#6327=VECTOR('',#9550,1.);
#6328=VECTOR('',#9553,1.);
#6329=VECTOR('',#9556,1.);
#6330=VECTOR('',#9559,1.);
#6331=VECTOR('',#9564,1.);
#6332=VECTOR('',#9565,1.);
#6333=VECTOR('',#9568,1.);
#6334=VECTOR('',#9571,1.);
#6335=VECTOR('',#9578,1.);
#6336=VECTOR('',#9579,1.);
#6337=VECTOR('',#9582,1.);
#6338=VECTOR('',#9585,1.);
#6339=VECTOR('',#9588,1.);
#6340=VECTOR('',#9591,1.);
#6341=VECTOR('',#9596,1.);
#6342=VECTOR('',#9597,1.);
#6343=VECTOR('',#9600,1.);
#6344=VECTOR('',#9603,1.);
#6345=VECTOR('',#9606,1.);
#6346=VECTOR('',#9609,1.);
#6347=VECTOR('',#9614,1.);
#6348=VECTOR('',#9615,1.);
#6349=VECTOR('',#9618,1.);
#6350=VECTOR('',#9621,1.);
#6351=VECTOR('',#9624,1.);
#6352=VECTOR('',#9627,1.);
#6353=VECTOR('',#9632,1.);
#6354=VECTOR('',#9633,1.);
#6355=VECTOR('',#9636,1.);
#6356=VECTOR('',#9639,1.);
#6357=VECTOR('',#9642,1.);
#6358=VECTOR('',#9645,1.);
#6359=VECTOR('',#9650,1.);
#6360=VECTOR('',#9651,1.);
#6361=VECTOR('',#9654,1.);
#6362=VECTOR('',#9657,1.);
#6363=VECTOR('',#9660,1.);
#6364=VECTOR('',#9663,1.);
#6365=VECTOR('',#9668,1.);
#6366=VECTOR('',#9669,1.);
#6367=VECTOR('',#9672,1.);
#6368=VECTOR('',#9675,1.);
#6369=VECTOR('',#9678,1.);
#6370=VECTOR('',#9681,1.);
#6371=VECTOR('',#9686,1.);
#6372=VECTOR('',#9687,1.);
#6373=VECTOR('',#9690,1.);
#6374=VECTOR('',#9693,1.);
#6375=VECTOR('',#9700,1.);
#6376=VECTOR('',#9701,1.);
#6377=VECTOR('',#9704,1.);
#6378=VECTOR('',#9707,1.);
#6379=VECTOR('',#9710,1.);
#6380=VECTOR('',#9713,1.);
#6381=VECTOR('',#9718,1.);
#6382=VECTOR('',#9719,1.);
#6383=VECTOR('',#9722,1.);
#6384=VECTOR('',#9725,1.);
#6385=VECTOR('',#9728,1.);
#6386=VECTOR('',#9731,1.);
#6387=VECTOR('',#9736,1.);
#6388=VECTOR('',#9737,1.);
#6389=VECTOR('',#9740,1.);
#6390=VECTOR('',#9743,1.);
#6391=VECTOR('',#9746,1.);
#6392=VECTOR('',#9749,1.);
#6393=VECTOR('',#9754,1.);
#6394=VECTOR('',#9755,1.);
#6395=VECTOR('',#9758,1.);
#6396=VECTOR('',#9761,1.);
#6397=VECTOR('',#9764,1.);
#6398=VECTOR('',#9767,1.);
#6399=VECTOR('',#9772,1.);
#6400=VECTOR('',#9773,1.);
#6401=VECTOR('',#9776,1.);
#6402=VECTOR('',#9779,1.);
#6403=VECTOR('',#9782,1.);
#6404=VECTOR('',#9789,1.);
#6405=VECTOR('',#9790,1.);
#6406=VECTOR('',#9797,1.);
#6407=VECTOR('',#9798,1.);
#6408=VECTOR('',#9801,1.);
#6409=VECTOR('',#9804,1.);
#6410=VECTOR('',#9811,1.);
#6411=VECTOR('',#9812,1.);
#6412=VECTOR('',#9815,1.);
#6413=VECTOR('',#9818,1.);
#6414=VECTOR('',#9821,1.);
#6415=VECTOR('',#9828,1.);
#6416=VECTOR('',#9829,1.);
#6417=VECTOR('',#9832,1.);
#6418=VECTOR('',#9835,1.);
#6419=VECTOR('',#9842,1.);
#6420=VECTOR('',#9843,1.);
#6421=VECTOR('',#9850,1.);
#6422=VECTOR('',#9851,1.);
#6423=VECTOR('',#9854,1.);
#6424=VECTOR('',#9857,1.);
#6425=VECTOR('',#9860,1.);
#6426=VECTOR('',#9863,1.);
#6427=VECTOR('',#9868,1.);
#6428=VECTOR('',#9869,1.);
#6429=VECTOR('',#9872,1.);
#6430=VECTOR('',#9875,1.);
#6431=VECTOR('',#9882,1.);
#6432=VECTOR('',#9883,1.);
#6433=VECTOR('',#9886,1.);
#6434=VECTOR('',#9887,1.);
#6435=VECTOR('',#9896,1.);
#6436=VECTOR('',#9897,1.);
#6437=VECTOR('',#9900,1.);
#6438=VECTOR('',#9903,1.);
#6439=VECTOR('',#9906,1.);
#6440=VECTOR('',#9909,1.);
#6441=VECTOR('',#9914,1.);
#6442=VECTOR('',#9915,1.);
#6443=VECTOR('',#9918,1.);
#6444=VECTOR('',#9921,1.);
#6445=VECTOR('',#9924,1.);
#6446=VECTOR('',#9927,1.);
#6447=VECTOR('',#9932,1.);
#6448=VECTOR('',#9933,1.);
#6449=VECTOR('',#9936,1.);
#6450=VECTOR('',#9939,1.);
#6451=VECTOR('',#9942,1.);
#6452=VECTOR('',#9945,1.);
#6453=VECTOR('',#9950,1.);
#6454=VECTOR('',#9951,1.);
#6455=VECTOR('',#9958,1.);
#6456=VECTOR('',#9959,1.);
#6457=VECTOR('',#9962,1.);
#6458=VECTOR('',#9965,1.);
#6459=VECTOR('',#9972,1.);
#6460=VECTOR('',#9973,1.);
#6461=VECTOR('',#9976,1.);
#6462=VECTOR('',#9977,1.);
#6463=VECTOR('',#9980,1.);
#6464=VECTOR('',#9989,1.);
#6465=VECTOR('',#9990,1.);
#6466=VECTOR('',#9993,1.);
#6467=VECTOR('',#9994,1.);
#6468=VECTOR('',#10003,1.);
#6469=VECTOR('',#10004,1.);
#6470=VECTOR('',#10011,1.);
#6471=VECTOR('',#10012,1.);
#6472=VECTOR('',#10015,1.);
#6473=VECTOR('',#10018,1.);
#6474=VECTOR('',#10021,1.);
#6475=VECTOR('',#10024,1.);
#6476=VECTOR('',#10029,1.);
#6477=VECTOR('',#10030,1.);
#6478=VECTOR('',#10033,1.);
#6479=VECTOR('',#10036,1.);
#6480=VECTOR('',#10039,1.);
#6481=VECTOR('',#10042,1.);
#6482=VECTOR('',#10047,1.);
#6483=VECTOR('',#10048,1.);
#6484=VECTOR('',#10051,1.);
#6485=VECTOR('',#10054,1.);
#6486=VECTOR('',#10061,1.);
#6487=VECTOR('',#10062,1.);
#6488=VECTOR('',#10069,1.);
#6489=VECTOR('',#10070,1.);
#6490=VECTOR('',#10073,1.);
#6491=VECTOR('',#10076,1.);
#6492=VECTOR('',#10079,1.);
#6493=VECTOR('',#10082,1.);
#6494=VECTOR('',#10087,1.);
#6495=VECTOR('',#10088,1.);
#6496=VECTOR('',#10091,1.);
#6497=VECTOR('',#10094,1.);
#6498=VECTOR('',#10097,1.);
#6499=VECTOR('',#10100,1.);
#6500=VECTOR('',#10105,1.);
#6501=VECTOR('',#10106,1.);
#6502=VECTOR('',#10113,1.);
#6503=VECTOR('',#10114,1.);
#6504=VECTOR('',#10117,1.);
#6505=VECTOR('',#10120,1.);
#6506=VECTOR('',#10123,1.);
#6507=VECTOR('',#10126,1.);
#6508=VECTOR('',#10131,1.);
#6509=VECTOR('',#10132,1.);
#6510=VECTOR('',#10135,1.);
#6511=VECTOR('',#10138,1.);
#6512=VECTOR('',#10141,1.);
#6513=VECTOR('',#10144,1.);
#6514=VECTOR('',#10149,1.);
#6515=VECTOR('',#10150,1.);
#6516=VECTOR('',#10153,1.);
#6517=VECTOR('',#10156,1.);
#6518=VECTOR('',#10159,1.);
#6519=VECTOR('',#10162,1.);
#6520=VECTOR('',#10167,1.);
#6521=VECTOR('',#10168,1.);
#6522=VECTOR('',#10171,1.);
#6523=VECTOR('',#10174,1.);
#6524=VECTOR('',#10177,1.);
#6525=VECTOR('',#10180,1.);
#6526=VECTOR('',#10185,1.);
#6527=VECTOR('',#10186,1.);
#6528=VECTOR('',#10189,1.);
#6529=VECTOR('',#10192,1.);
#6530=VECTOR('',#10195,1.);
#6531=VECTOR('',#10202,1.);
#6532=VECTOR('',#10203,1.);
#6533=VECTOR('',#10206,1.);
#6534=VECTOR('',#10209,1.);
#6535=VECTOR('',#10212,1.);
#6536=VECTOR('',#10215,1.);
#6537=VECTOR('',#10220,1.);
#6538=VECTOR('',#10221,1.);
#6539=VECTOR('',#10224,1.);
#6540=VECTOR('',#10227,1.);
#6541=VECTOR('',#10230,1.);
#6542=VECTOR('',#10233,1.);
#6543=VECTOR('',#10238,1.);
#6544=VECTOR('',#10239,1.);
#6545=VECTOR('',#10242,1.);
#6546=VECTOR('',#10245,1.);
#6547=VECTOR('',#10248,1.);
#6548=VECTOR('',#10251,1.);
#6549=VECTOR('',#10256,1.);
#6550=VECTOR('',#10257,1.);
#6551=VECTOR('',#10260,1.);
#6552=VECTOR('',#10263,1.);
#6553=VECTOR('',#10266,1.);
#6554=VECTOR('',#10269,1.);
#6555=VECTOR('',#10274,1.);
#6556=VECTOR('',#10275,1.);
#6557=VECTOR('',#10278,1.);
#6558=VECTOR('',#10281,1.);
#6559=VECTOR('',#10284,1.);
#6560=VECTOR('',#10287,1.);
#6561=VECTOR('',#10292,1.);
#6562=VECTOR('',#10293,1.);
#6563=VECTOR('',#10296,1.);
#6564=VECTOR('',#10299,1.);
#6565=VECTOR('',#10300,1.);
#6566=VECTOR('',#10309,1.);
#6567=VECTOR('',#10310,1.);
#6568=VECTOR('',#10313,1.);
#6569=VECTOR('',#10316,1.);
#6570=VECTOR('',#10319,1.);
#6571=VECTOR('',#10322,1.);
#6572=VECTOR('',#10327,1.);
#6573=VECTOR('',#10328,1.);
#6574=VECTOR('',#10331,1.);
#6575=VECTOR('',#10334,1.);
#6576=VECTOR('',#10337,1.);
#6577=VECTOR('',#10340,1.);
#6578=VECTOR('',#10345,1.);
#6579=VECTOR('',#10346,1.);
#6580=VECTOR('',#10349,1.);
#6581=VECTOR('',#10352,1.);
#6582=VECTOR('',#10355,1.);
#6583=VECTOR('',#10358,1.);
#6584=VECTOR('',#10363,1.);
#6585=VECTOR('',#10364,1.);
#6586=VECTOR('',#10367,1.);
#6587=VECTOR('',#10370,1.);
#6588=VECTOR('',#10373,1.);
#6589=VECTOR('',#10376,1.);
#6590=VECTOR('',#10381,1.);
#6591=VECTOR('',#10382,1.);
#6592=VECTOR('',#10385,1.);
#6593=VECTOR('',#10388,1.);
#6594=EDGE_LOOP('',(#418,#419,#420,#421));
#6595=EDGE_LOOP('',(#422,#423,#424,#425));
#6596=EDGE_LOOP('',(#426,#427,#428,#429));
#6597=EDGE_LOOP('',(#430,#431,#432,#433));
#6598=EDGE_LOOP('',(#434,#435,#436,#437));
#6599=EDGE_LOOP('',(#438,#439,#440,#441));
#6600=EDGE_LOOP('',(#442,#443,#444,#445));
#6601=EDGE_LOOP('',(#446,#447,#448,#449));
#6602=EDGE_LOOP('',(#450,#451,#452,#453));
#6603=EDGE_LOOP('',(#454,#455,#456,#457));
#6604=EDGE_LOOP('',(#458,#459,#460,#461));
#6605=EDGE_LOOP('',(#462,#463,#464,#465));
#6606=EDGE_LOOP('',(#466,#467,#468,#469));
#6607=EDGE_LOOP('',(#470,#471,#472,#473));
#6608=EDGE_LOOP('',(#474,#475,#476,#477));
#6609=EDGE_LOOP('',(#478,#479,#480,#481));
#6610=EDGE_LOOP('',(#482,#483,#484,#485));
#6611=EDGE_LOOP('',(#486,#487,#488,#489));
#6612=EDGE_LOOP('',(#490,#491,#492,#493));
#6613=EDGE_LOOP('',(#494,#495,#496,#497));
#6614=EDGE_LOOP('',(#498,#499,#500,#501));
#6615=EDGE_LOOP('',(#502,#503,#504,#505));
#6616=EDGE_LOOP('',(#506,#507,#508,#509));
#6617=EDGE_LOOP('',(#510,#511,#512,#513));
#6618=EDGE_LOOP('',(#514,#515,#516,#517));
#6619=EDGE_LOOP('',(#518,#519,#520,#521));
#6620=EDGE_LOOP('',(#522,#523,#524,#525));
#6621=EDGE_LOOP('',(#526,#527,#528,#529));
#6622=EDGE_LOOP('',(#530,#531,#532,#533));
#6623=EDGE_LOOP('',(#534,#535,#536,#537));
#6624=EDGE_LOOP('',(#538));
#6625=EDGE_LOOP('',(#539));
#6626=EDGE_LOOP('',(#540));
#6627=EDGE_LOOP('',(#541));
#6628=EDGE_LOOP('',(#542));
#6629=EDGE_LOOP('',(#543));
#6630=EDGE_LOOP('',(#544));
#6631=EDGE_LOOP('',(#545));
#6632=EDGE_LOOP('',(#546,#547,#548,#549));
#6633=EDGE_LOOP('',(#550,#551,#552,#553));
#6634=EDGE_LOOP('',(#554,#555,#556,#557,#558,#559,#560));
#6635=EDGE_LOOP('',(#561,#562,#563,#564,#565,#566));
#6636=EDGE_LOOP('',(#567,#568,#569,#570,#571,#572,#573));
#6637=EDGE_LOOP('',(#574,#575,#576,#577,#578,#579));
#6638=EDGE_LOOP('',(#580,#581,#582,#583,#584,#585));
#6639=EDGE_LOOP('',(#586,#587,#588,#589));
#6640=EDGE_LOOP('',(#590,#591,#592,#593,#594,#595));
#6641=EDGE_LOOP('',(#596,#597,#598,#599));
#6642=EDGE_LOOP('',(#600,#601,#602,#603));
#6643=EDGE_LOOP('',(#604,#605,#606,#607,#608,#609));
#6644=EDGE_LOOP('',(#610,#611,#612,#613,#614,#615));
#6645=EDGE_LOOP('',(#616,#617,#618,#619,#620,#621,#622));
#6646=EDGE_LOOP('',(#623,#624,#625,#626,#627,#628));
#6647=EDGE_LOOP('',(#629,#630,#631,#632));
#6648=EDGE_LOOP('',(#633,#634,#635,#636,#637,#638));
#6649=EDGE_LOOP('',(#639,#640,#641,#642));
#6650=EDGE_LOOP('',(#643,#644,#645,#646,#647,#648,#649));
#6651=EDGE_LOOP('',(#650,#651,#652,#653,#654,#655));
#6652=EDGE_LOOP('',(#656,#657,#658,#659));
#6653=EDGE_LOOP('',(#660,#661,#662,#663,#664,#665));
#6654=EDGE_LOOP('',(#666,#667,#668,#669,#670,#671));
#6655=EDGE_LOOP('',(#672,#673,#674,#675,#676,#677,#678));
#6656=EDGE_LOOP('',(#679,#680,#681,#682,#683,#684,#685));
#6657=EDGE_LOOP('',(#686,#687,#688,#689,#690,#691));
#6658=EDGE_LOOP('',(#692));
#6659=EDGE_LOOP('',(#693));
#6660=EDGE_LOOP('',(#694));
#6661=EDGE_LOOP('',(#695));
#6662=EDGE_LOOP('',(#696,#697,#698,#699,#700,#701,#702,#703));
#6663=EDGE_LOOP('',(#704,#705,#706,#707,#708,#709));
#6664=EDGE_LOOP('',(#710,#711,#712,#713,#714,#715));
#6665=EDGE_LOOP('',(#716,#717,#718,#719,#720,#721));
#6666=EDGE_LOOP('',(#722,#723,#724,#725,#726,#727));
#6667=EDGE_LOOP('',(#728,#729,#730,#731,#732,#733));
#6668=EDGE_LOOP('',(#734,#735,#736,#737,#738,#739));
#6669=EDGE_LOOP('',(#740,#741,#742,#743,#744,#745));
#6670=EDGE_LOOP('',(#746,#747,#748,#749,#750,#751));
#6671=EDGE_LOOP('',(#752,#753,#754,#755,#756,#757));
#6672=EDGE_LOOP('',(#758,#759,#760,#761,#762,#763));
#6673=EDGE_LOOP('',(#764,#765,#766,#767,#768,#769));
#6674=EDGE_LOOP('',(#770,#771,#772,#773,#774,#775));
#6675=EDGE_LOOP('',(#776,#777,#778,#779,#780,#781));
#6676=EDGE_LOOP('',(#782,#783,#784,#785,#786,#787));
#6677=EDGE_LOOP('',(#788,#789,#790,#791,#792,#793));
#6678=EDGE_LOOP('',(#794,#795,#796,#797,#798,#799));
#6679=EDGE_LOOP('',(#800,#801,#802,#803,#804,#805));
#6680=EDGE_LOOP('',(#806,#807,#808,#809,#810,#811));
#6681=EDGE_LOOP('',(#812,#813,#814,#815,#816,#817));
#6682=EDGE_LOOP('',(#818,#819,#820,#821,#822,#823));
#6683=EDGE_LOOP('',(#824,#825,#826,#827,#828,#829));
#6684=EDGE_LOOP('',(#830,#831,#832,#833,#834,#835));
#6685=EDGE_LOOP('',(#836,#837,#838,#839,#840,#841));
#6686=EDGE_LOOP('',(#842,#843,#844,#845,#846,#847));
#6687=EDGE_LOOP('',(#848,#849,#850,#851,#852,#853));
#6688=EDGE_LOOP('',(#854,#855,#856,#857,#858,#859));
#6689=EDGE_LOOP('',(#860,#861,#862,#863,#864,#865));
#6690=EDGE_LOOP('',(#866,#867,#868,#869,#870,#871));
#6691=EDGE_LOOP('',(#872,#873,#874,#875,#876,#877));
#6692=EDGE_LOOP('',(#878,#879,#880,#881,#882,#883));
#6693=EDGE_LOOP('',(#884,#885,#886,#887,#888,#889));
#6694=EDGE_LOOP('',(#890,#891,#892,#893,#894,#895));
#6695=EDGE_LOOP('',(#896,#897,#898,#899,#900,#901));
#6696=EDGE_LOOP('',(#902,#903,#904,#905,#906,#907));
#6697=EDGE_LOOP('',(#908,#909,#910,#911,#912,#913));
#6698=EDGE_LOOP('',(#914,#915,#916,#917,#918,#919));
#6699=EDGE_LOOP('',(#920,#921,#922,#923,#924,#925));
#6700=EDGE_LOOP('',(#926,#927,#928,#929,#930,#931,#932));
#6701=EDGE_LOOP('',(#933,#934,#935,#936,#937,#938));
#6702=EDGE_LOOP('',(#939,#940,#941,#942,#943,#944,#945));
#6703=EDGE_LOOP('',(#946,#947,#948,#949,#950,#951));
#6704=EDGE_LOOP('',(#952,#953,#954,#955,#956,#957));
#6705=EDGE_LOOP('',(#958,#959,#960,#961));
#6706=EDGE_LOOP('',(#962,#963,#964,#965,#966,#967));
#6707=EDGE_LOOP('',(#968,#969,#970,#971));
#6708=EDGE_LOOP('',(#972,#973,#974,#975));
#6709=EDGE_LOOP('',(#976,#977,#978,#979,#980,#981));
#6710=EDGE_LOOP('',(#982,#983,#984,#985,#986,#987));
#6711=EDGE_LOOP('',(#988,#989,#990,#991,#992,#993,#994));
#6712=EDGE_LOOP('',(#995,#996,#997,#998,#999,#1000));
#6713=EDGE_LOOP('',(#1001,#1002,#1003,#1004));
#6714=EDGE_LOOP('',(#1005,#1006,#1007,#1008,#1009,#1010));
#6715=EDGE_LOOP('',(#1011,#1012,#1013,#1014));
#6716=EDGE_LOOP('',(#1015,#1016,#1017,#1018,#1019,#1020,#1021));
#6717=EDGE_LOOP('',(#1022,#1023,#1024,#1025,#1026,#1027));
#6718=EDGE_LOOP('',(#1028,#1029,#1030,#1031));
#6719=EDGE_LOOP('',(#1032,#1033,#1034,#1035,#1036,#1037));
#6720=EDGE_LOOP('',(#1038,#1039,#1040,#1041,#1042,#1043));
#6721=EDGE_LOOP('',(#1044,#1045,#1046,#1047,#1048,#1049,#1050));
#6722=EDGE_LOOP('',(#1051,#1052,#1053,#1054,#1055,#1056,#1057));
#6723=EDGE_LOOP('',(#1058,#1059,#1060,#1061,#1062,#1063));
#6724=EDGE_LOOP('',(#1064));
#6725=EDGE_LOOP('',(#1065));
#6726=EDGE_LOOP('',(#1066));
#6727=EDGE_LOOP('',(#1067));
#6728=EDGE_LOOP('',(#1068,#1069,#1070,#1071,#1072,#1073,#1074,#1075));
#6729=EDGE_LOOP('',(#1076,#1077,#1078,#1079,#1080,#1081));
#6730=EDGE_LOOP('',(#1082,#1083,#1084,#1085,#1086,#1087));
#6731=EDGE_LOOP('',(#1088,#1089,#1090,#1091,#1092,#1093));
#6732=EDGE_LOOP('',(#1094,#1095,#1096,#1097,#1098,#1099));
#6733=EDGE_LOOP('',(#1100,#1101,#1102,#1103,#1104,#1105));
#6734=EDGE_LOOP('',(#1106,#1107,#1108,#1109,#1110,#1111));
#6735=EDGE_LOOP('',(#1112,#1113,#1114,#1115,#1116,#1117));
#6736=EDGE_LOOP('',(#1118,#1119,#1120,#1121,#1122,#1123));
#6737=EDGE_LOOP('',(#1124,#1125,#1126,#1127,#1128,#1129));
#6738=EDGE_LOOP('',(#1130,#1131,#1132,#1133,#1134,#1135));
#6739=EDGE_LOOP('',(#1136,#1137,#1138,#1139,#1140,#1141));
#6740=EDGE_LOOP('',(#1142,#1143,#1144,#1145,#1146,#1147));
#6741=EDGE_LOOP('',(#1148,#1149,#1150,#1151,#1152,#1153));
#6742=EDGE_LOOP('',(#1154,#1155,#1156,#1157,#1158,#1159));
#6743=EDGE_LOOP('',(#1160,#1161,#1162,#1163,#1164,#1165));
#6744=EDGE_LOOP('',(#1166,#1167,#1168,#1169,#1170,#1171));
#6745=EDGE_LOOP('',(#1172,#1173,#1174,#1175,#1176,#1177));
#6746=EDGE_LOOP('',(#1178,#1179,#1180,#1181,#1182,#1183));
#6747=EDGE_LOOP('',(#1184,#1185,#1186,#1187,#1188,#1189));
#6748=EDGE_LOOP('',(#1190,#1191,#1192,#1193,#1194,#1195));
#6749=EDGE_LOOP('',(#1196,#1197,#1198,#1199,#1200,#1201));
#6750=EDGE_LOOP('',(#1202,#1203,#1204,#1205,#1206,#1207));
#6751=EDGE_LOOP('',(#1208,#1209,#1210,#1211,#1212,#1213));
#6752=EDGE_LOOP('',(#1214,#1215,#1216,#1217,#1218,#1219));
#6753=EDGE_LOOP('',(#1220,#1221,#1222,#1223,#1224,#1225));
#6754=EDGE_LOOP('',(#1226,#1227,#1228,#1229,#1230,#1231));
#6755=EDGE_LOOP('',(#1232,#1233,#1234,#1235,#1236,#1237));
#6756=EDGE_LOOP('',(#1238,#1239,#1240,#1241,#1242,#1243));
#6757=EDGE_LOOP('',(#1244,#1245,#1246,#1247,#1248,#1249));
#6758=EDGE_LOOP('',(#1250,#1251,#1252,#1253,#1254,#1255));
#6759=EDGE_LOOP('',(#1256,#1257,#1258,#1259,#1260,#1261));
#6760=EDGE_LOOP('',(#1262,#1263,#1264,#1265,#1266,#1267));
#6761=EDGE_LOOP('',(#1268,#1269,#1270,#1271,#1272,#1273));
#6762=EDGE_LOOP('',(#1274,#1275,#1276,#1277,#1278,#1279));
#6763=EDGE_LOOP('',(#1280,#1281,#1282,#1283,#1284,#1285));
#6764=EDGE_LOOP('',(#1286,#1287,#1288,#1289,#1290,#1291));
#6765=EDGE_LOOP('',(#1292,#1293,#1294,#1295,#1296,#1297));
#6766=EDGE_LOOP('',(#1298,#1299,#1300,#1301));
#6767=EDGE_LOOP('',(#1302,#1303,#1304,#1305));
#6768=EDGE_LOOP('',(#1306,#1307,#1308,#1309));
#6769=EDGE_LOOP('',(#1310,#1311,#1312,#1313));
#6770=EDGE_LOOP('',(#1314,#1315,#1316,#1317));
#6771=EDGE_LOOP('',(#1318,#1319,#1320,#1321));
#6772=EDGE_LOOP('',(#1322,#1323,#1324,#1325));
#6773=EDGE_LOOP('',(#1326,#1327,#1328,#1329));
#6774=EDGE_LOOP('',(#1330,#1331,#1332,#1333));
#6775=EDGE_LOOP('',(#1334,#1335,#1336,#1337));
#6776=EDGE_LOOP('',(#1338,#1339,#1340,#1341));
#6777=EDGE_LOOP('',(#1342,#1343,#1344,#1345));
#6778=EDGE_LOOP('',(#1346,#1347,#1348,#1349));
#6779=EDGE_LOOP('',(#1350,#1351,#1352,#1353));
#6780=EDGE_LOOP('',(#1354,#1355,#1356,#1357));
#6781=EDGE_LOOP('',(#1358,#1359,#1360,#1361));
#6782=EDGE_LOOP('',(#1362,#1363,#1364,#1365));
#6783=EDGE_LOOP('',(#1366,#1367,#1368,#1369));
#6784=EDGE_LOOP('',(#1370,#1371,#1372,#1373));
#6785=EDGE_LOOP('',(#1374,#1375,#1376,#1377));
#6786=EDGE_LOOP('',(#1378,#1379,#1380,#1381));
#6787=EDGE_LOOP('',(#1382,#1383,#1384,#1385));
#6788=EDGE_LOOP('',(#1386,#1387,#1388,#1389));
#6789=EDGE_LOOP('',(#1390,#1391,#1392,#1393));
#6790=EDGE_LOOP('',(#1394,#1395,#1396,#1397));
#6791=EDGE_LOOP('',(#1398,#1399,#1400,#1401));
#6792=EDGE_LOOP('',(#1402,#1403,#1404,#1405));
#6793=EDGE_LOOP('',(#1406,#1407,#1408,#1409));
#6794=EDGE_LOOP('',(#1410,#1411,#1412,#1413));
#6795=EDGE_LOOP('',(#1414,#1415,#1416,#1417));
#6796=EDGE_LOOP('',(#1418,#1419,#1420,#1421));
#6797=EDGE_LOOP('',(#1422,#1423,#1424,#1425));
#6798=EDGE_LOOP('',(#1426,#1427,#1428,#1429));
#6799=EDGE_LOOP('',(#1430,#1431,#1432,#1433));
#6800=EDGE_LOOP('',(#1434,#1435,#1436,#1437));
#6801=EDGE_LOOP('',(#1438,#1439,#1440,#1441));
#6802=EDGE_LOOP('',(#1442,#1443,#1444,#1445));
#6803=EDGE_LOOP('',(#1446,#1447,#1448,#1449));
#6804=EDGE_LOOP('',(#1450,#1451,#1452,#1453));
#6805=EDGE_LOOP('',(#1454,#1455,#1456,#1457));
#6806=EDGE_LOOP('',(#1458,#1459,#1460,#1461));
#6807=EDGE_LOOP('',(#1462,#1463,#1464,#1465));
#6808=EDGE_LOOP('',(#1466,#1467,#1468,#1469));
#6809=EDGE_LOOP('',(#1470,#1471,#1472,#1473));
#6810=EDGE_LOOP('',(#1474,#1475,#1476,#1477));
#6811=EDGE_LOOP('',(#1478,#1479,#1480,#1481));
#6812=EDGE_LOOP('',(#1482,#1483,#1484,#1485));
#6813=EDGE_LOOP('',(#1486,#1487,#1488,#1489));
#6814=EDGE_LOOP('',(#1490,#1491,#1492,#1493));
#6815=EDGE_LOOP('',(#1494,#1495,#1496,#1497));
#6816=EDGE_LOOP('',(#1498,#1499,#1500,#1501));
#6817=EDGE_LOOP('',(#1502,#1503,#1504,#1505));
#6818=EDGE_LOOP('',(#1506,#1507,#1508,#1509));
#6819=EDGE_LOOP('',(#1510,#1511,#1512,#1513));
#6820=EDGE_LOOP('',(#1514,#1515,#1516,#1517));
#6821=EDGE_LOOP('',(#1518,#1519,#1520,#1521));
#6822=EDGE_LOOP('',(#1522,#1523,#1524,#1525));
#6823=EDGE_LOOP('',(#1526,#1527,#1528,#1529));
#6824=EDGE_LOOP('',(#1530,#1531,#1532,#1533));
#6825=EDGE_LOOP('',(#1534,#1535,#1536,#1537));
#6826=EDGE_LOOP('',(#1538,#1539,#1540,#1541));
#6827=EDGE_LOOP('',(#1542,#1543,#1544,#1545));
#6828=EDGE_LOOP('',(#1546,#1547,#1548,#1549));
#6829=EDGE_LOOP('',(#1550,#1551,#1552,#1553));
#6830=EDGE_LOOP('',(#1554,#1555,#1556,#1557));
#6831=EDGE_LOOP('',(#1558,#1559,#1560,#1561));
#6832=EDGE_LOOP('',(#1562,#1563,#1564,#1565));
#6833=EDGE_LOOP('',(#1566,#1567,#1568,#1569));
#6834=EDGE_LOOP('',(#1570,#1571,#1572,#1573));
#6835=EDGE_LOOP('',(#1574,#1575,#1576,#1577));
#6836=EDGE_LOOP('',(#1578,#1579,#1580,#1581));
#6837=EDGE_LOOP('',(#1582,#1583,#1584,#1585));
#6838=EDGE_LOOP('',(#1586,#1587,#1588,#1589));
#6839=EDGE_LOOP('',(#1590,#1591,#1592,#1593));
#6840=EDGE_LOOP('',(#1594,#1595,#1596,#1597));
#6841=EDGE_LOOP('',(#1598,#1599,#1600,#1601));
#6842=EDGE_LOOP('',(#1602,#1603,#1604,#1605));
#6843=EDGE_LOOP('',(#1606,#1607,#1608,#1609));
#6844=EDGE_LOOP('',(#1610,#1611,#1612,#1613));
#6845=EDGE_LOOP('',(#1614,#1615,#1616,#1617));
#6846=EDGE_LOOP('',(#1618,#1619,#1620,#1621));
#6847=EDGE_LOOP('',(#1622,#1623,#1624,#1625));
#6848=EDGE_LOOP('',(#1626,#1627,#1628,#1629));
#6849=EDGE_LOOP('',(#1630,#1631,#1632,#1633));
#6850=EDGE_LOOP('',(#1634,#1635,#1636,#1637));
#6851=EDGE_LOOP('',(#1638,#1639,#1640,#1641));
#6852=EDGE_LOOP('',(#1642,#1643,#1644,#1645));
#6853=EDGE_LOOP('',(#1646,#1647,#1648,#1649));
#6854=EDGE_LOOP('',(#1650,#1651,#1652,#1653));
#6855=EDGE_LOOP('',(#1654,#1655,#1656,#1657));
#6856=EDGE_LOOP('',(#1658,#1659,#1660,#1661));
#6857=EDGE_LOOP('',(#1662,#1663,#1664,#1665));
#6858=EDGE_LOOP('',(#1666,#1667,#1668,#1669));
#6859=EDGE_LOOP('',(#1670,#1671,#1672,#1673));
#6860=EDGE_LOOP('',(#1674,#1675,#1676,#1677));
#6861=EDGE_LOOP('',(#1678,#1679,#1680,#1681));
#6862=EDGE_LOOP('',(#1682,#1683,#1684,#1685));
#6863=EDGE_LOOP('',(#1686,#1687,#1688,#1689));
#6864=EDGE_LOOP('',(#1690,#1691,#1692,#1693));
#6865=EDGE_LOOP('',(#1694,#1695,#1696,#1697));
#6866=EDGE_LOOP('',(#1698,#1699,#1700,#1701));
#6867=EDGE_LOOP('',(#1702,#1703,#1704,#1705));
#6868=EDGE_LOOP('',(#1706,#1707,#1708,#1709));
#6869=EDGE_LOOP('',(#1710,#1711,#1712,#1713));
#6870=EDGE_LOOP('',(#1714,#1715,#1716,#1717));
#6871=EDGE_LOOP('',(#1718,#1719,#1720,#1721));
#6872=EDGE_LOOP('',(#1722,#1723,#1724,#1725));
#6873=EDGE_LOOP('',(#1726,#1727,#1728,#1729));
#6874=EDGE_LOOP('',(#1730,#1731,#1732,#1733));
#6875=EDGE_LOOP('',(#1734,#1735,#1736,#1737));
#6876=EDGE_LOOP('',(#1738,#1739,#1740,#1741));
#6877=EDGE_LOOP('',(#1742,#1743,#1744,#1745));
#6878=EDGE_LOOP('',(#1746,#1747,#1748,#1749));
#6879=EDGE_LOOP('',(#1750,#1751,#1752,#1753));
#6880=EDGE_LOOP('',(#1754,#1755,#1756,#1757));
#6881=EDGE_LOOP('',(#1758,#1759,#1760,#1761));
#6882=EDGE_LOOP('',(#1762,#1763,#1764,#1765));
#6883=EDGE_LOOP('',(#1766,#1767,#1768,#1769));
#6884=EDGE_LOOP('',(#1770,#1771,#1772,#1773));
#6885=EDGE_LOOP('',(#1774,#1775,#1776,#1777));
#6886=EDGE_LOOP('',(#1778,#1779,#1780,#1781));
#6887=EDGE_LOOP('',(#1782,#1783,#1784,#1785));
#6888=EDGE_LOOP('',(#1786,#1787,#1788,#1789));
#6889=EDGE_LOOP('',(#1790,#1791,#1792,#1793));
#6890=EDGE_LOOP('',(#1794,#1795,#1796,#1797));
#6891=EDGE_LOOP('',(#1798,#1799,#1800,#1801));
#6892=EDGE_LOOP('',(#1802,#1803,#1804,#1805));
#6893=EDGE_LOOP('',(#1806,#1807,#1808,#1809));
#6894=EDGE_LOOP('',(#1810,#1811,#1812,#1813));
#6895=EDGE_LOOP('',(#1814,#1815,#1816,#1817));
#6896=EDGE_LOOP('',(#1818,#1819,#1820,#1821));
#6897=EDGE_LOOP('',(#1822,#1823,#1824,#1825));
#6898=EDGE_LOOP('',(#1826,#1827,#1828,#1829));
#6899=EDGE_LOOP('',(#1830,#1831,#1832,#1833));
#6900=EDGE_LOOP('',(#1834,#1835,#1836,#1837));
#6901=EDGE_LOOP('',(#1838,#1839,#1840,#1841));
#6902=EDGE_LOOP('',(#1842,#1843,#1844,#1845));
#6903=EDGE_LOOP('',(#1846,#1847,#1848,#1849));
#6904=EDGE_LOOP('',(#1850,#1851,#1852,#1853));
#6905=EDGE_LOOP('',(#1854,#1855,#1856,#1857));
#6906=EDGE_LOOP('',(#1858,#1859,#1860,#1861));
#6907=EDGE_LOOP('',(#1862,#1863,#1864,#1865));
#6908=EDGE_LOOP('',(#1866,#1867,#1868,#1869));
#6909=EDGE_LOOP('',(#1870,#1871,#1872,#1873));
#6910=EDGE_LOOP('',(#1874,#1875,#1876,#1877));
#6911=EDGE_LOOP('',(#1878,#1879,#1880,#1881));
#6912=EDGE_LOOP('',(#1882,#1883,#1884,#1885));
#6913=EDGE_LOOP('',(#1886,#1887,#1888,#1889));
#6914=EDGE_LOOP('',(#1890,#1891,#1892,#1893));
#6915=EDGE_LOOP('',(#1894,#1895,#1896,#1897));
#6916=EDGE_LOOP('',(#1898,#1899,#1900,#1901));
#6917=EDGE_LOOP('',(#1902,#1903,#1904,#1905));
#6918=EDGE_LOOP('',(#1906,#1907,#1908,#1909));
#6919=EDGE_LOOP('',(#1910,#1911,#1912,#1913));
#6920=EDGE_LOOP('',(#1914,#1915,#1916,#1917));
#6921=EDGE_LOOP('',(#1918,#1919,#1920,#1921));
#6922=EDGE_LOOP('',(#1922,#1923,#1924,#1925));
#6923=EDGE_LOOP('',(#1926,#1927,#1928,#1929));
#6924=EDGE_LOOP('',(#1930,#1931,#1932,#1933));
#6925=EDGE_LOOP('',(#1934,#1935,#1936,#1937));
#6926=EDGE_LOOP('',(#1938,#1939,#1940,#1941));
#6927=EDGE_LOOP('',(#1942,#1943,#1944,#1945));
#6928=EDGE_LOOP('',(#1946,#1947,#1948,#1949));
#6929=EDGE_LOOP('',(#1950,#1951,#1952,#1953));
#6930=EDGE_LOOP('',(#1954,#1955,#1956,#1957));
#6931=EDGE_LOOP('',(#1958,#1959,#1960,#1961));
#6932=EDGE_LOOP('',(#1962,#1963,#1964,#1965));
#6933=EDGE_LOOP('',(#1966,#1967,#1968,#1969));
#6934=EDGE_LOOP('',(#1970,#1971,#1972,#1973));
#6935=EDGE_LOOP('',(#1974,#1975,#1976,#1977));
#6936=EDGE_LOOP('',(#1978,#1979,#1980,#1981));
#6937=EDGE_LOOP('',(#1982,#1983,#1984,#1985));
#6938=EDGE_LOOP('',(#1986,#1987,#1988,#1989));
#6939=EDGE_LOOP('',(#1990,#1991,#1992,#1993));
#6940=EDGE_LOOP('',(#1994,#1995,#1996,#1997));
#6941=EDGE_LOOP('',(#1998,#1999,#2000,#2001));
#6942=EDGE_LOOP('',(#2002,#2003,#2004,#2005));
#6943=EDGE_LOOP('',(#2006,#2007,#2008,#2009));
#6944=EDGE_LOOP('',(#2010,#2011,#2012,#2013));
#6945=EDGE_LOOP('',(#2014,#2015,#2016,#2017));
#6946=EDGE_LOOP('',(#2018,#2019,#2020,#2021));
#6947=EDGE_LOOP('',(#2022,#2023,#2024,#2025));
#6948=EDGE_LOOP('',(#2026,#2027,#2028,#2029));
#6949=EDGE_LOOP('',(#2030,#2031,#2032,#2033));
#6950=EDGE_LOOP('',(#2034,#2035,#2036,#2037));
#6951=EDGE_LOOP('',(#2038,#2039,#2040,#2041));
#6952=EDGE_LOOP('',(#2042,#2043,#2044,#2045));
#6953=EDGE_LOOP('',(#2046,#2047,#2048,#2049));
#6954=EDGE_LOOP('',(#2050,#2051,#2052,#2053));
#6955=EDGE_LOOP('',(#2054,#2055,#2056,#2057));
#6956=EDGE_LOOP('',(#2058,#2059,#2060,#2061));
#6957=EDGE_LOOP('',(#2062,#2063,#2064,#2065));
#6958=EDGE_LOOP('',(#2066,#2067,#2068,#2069));
#6959=EDGE_LOOP('',(#2070,#2071,#2072,#2073));
#6960=EDGE_LOOP('',(#2074,#2075,#2076,#2077));
#6961=EDGE_LOOP('',(#2078,#2079,#2080,#2081));
#6962=EDGE_LOOP('',(#2082,#2083,#2084,#2085));
#6963=EDGE_LOOP('',(#2086,#2087,#2088,#2089));
#6964=EDGE_LOOP('',(#2090,#2091,#2092,#2093));
#6965=EDGE_LOOP('',(#2094,#2095,#2096,#2097));
#6966=EDGE_LOOP('',(#2098,#2099,#2100,#2101));
#6967=EDGE_LOOP('',(#2102,#2103,#2104,#2105));
#6968=EDGE_LOOP('',(#2106,#2107,#2108,#2109));
#6969=EDGE_LOOP('',(#2110,#2111,#2112,#2113));
#6970=EDGE_LOOP('',(#2114,#2115,#2116,#2117));
#6971=EDGE_LOOP('',(#2118,#2119,#2120,#2121));
#6972=EDGE_LOOP('',(#2122,#2123,#2124,#2125));
#6973=EDGE_LOOP('',(#2126,#2127,#2128,#2129));
#6974=EDGE_LOOP('',(#2130,#2131,#2132,#2133));
#6975=EDGE_LOOP('',(#2134,#2135,#2136,#2137));
#6976=EDGE_LOOP('',(#2138,#2139,#2140,#2141));
#6977=EDGE_LOOP('',(#2142,#2143,#2144,#2145));
#6978=EDGE_LOOP('',(#2146,#2147,#2148,#2149));
#6979=EDGE_LOOP('',(#2150,#2151,#2152,#2153));
#6980=EDGE_LOOP('',(#2154,#2155,#2156,#2157));
#6981=EDGE_LOOP('',(#2158,#2159,#2160,#2161));
#6982=EDGE_LOOP('',(#2162,#2163,#2164,#2165));
#6983=EDGE_LOOP('',(#2166,#2167,#2168,#2169));
#6984=EDGE_LOOP('',(#2170,#2171,#2172,#2173));
#6985=EDGE_LOOP('',(#2174,#2175,#2176,#2177));
#6986=EDGE_LOOP('',(#2178,#2179,#2180,#2181));
#6987=EDGE_LOOP('',(#2182,#2183,#2184,#2185));
#6988=EDGE_LOOP('',(#2186,#2187,#2188,#2189));
#6989=EDGE_LOOP('',(#2190,#2191,#2192,#2193));
#6990=EDGE_LOOP('',(#2194,#2195,#2196,#2197));
#6991=EDGE_LOOP('',(#2198,#2199,#2200,#2201));
#6992=EDGE_LOOP('',(#2202,#2203,#2204,#2205));
#6993=EDGE_LOOP('',(#2206,#2207,#2208,#2209));
#6994=EDGE_LOOP('',(#2210,#2211,#2212,#2213));
#6995=EDGE_LOOP('',(#2214,#2215,#2216,#2217));
#6996=EDGE_LOOP('',(#2218,#2219,#2220,#2221));
#6997=EDGE_LOOP('',(#2222,#2223,#2224,#2225));
#6998=EDGE_LOOP('',(#2226,#2227,#2228,#2229));
#6999=EDGE_LOOP('',(#2230,#2231,#2232,#2233));
#7000=EDGE_LOOP('',(#2234,#2235,#2236,#2237));
#7001=EDGE_LOOP('',(#2238,#2239,#2240,#2241));
#7002=EDGE_LOOP('',(#2242,#2243,#2244,#2245));
#7003=EDGE_LOOP('',(#2246,#2247,#2248,#2249));
#7004=EDGE_LOOP('',(#2250,#2251,#2252,#2253));
#7005=EDGE_LOOP('',(#2254,#2255,#2256,#2257));
#7006=EDGE_LOOP('',(#2258,#2259,#2260,#2261));
#7007=EDGE_LOOP('',(#2262,#2263,#2264,#2265));
#7008=EDGE_LOOP('',(#2266,#2267,#2268,#2269));
#7009=EDGE_LOOP('',(#2270,#2271,#2272,#2273));
#7010=EDGE_LOOP('',(#2274,#2275,#2276,#2277));
#7011=EDGE_LOOP('',(#2278,#2279,#2280,#2281));
#7012=EDGE_LOOP('',(#2282,#2283,#2284,#2285));
#7013=EDGE_LOOP('',(#2286,#2287,#2288,#2289));
#7014=EDGE_LOOP('',(#2290,#2291,#2292,#2293));
#7015=EDGE_LOOP('',(#2294,#2295,#2296,#2297));
#7016=EDGE_LOOP('',(#2298,#2299,#2300,#2301));
#7017=EDGE_LOOP('',(#2302,#2303,#2304,#2305));
#7018=EDGE_LOOP('',(#2306,#2307,#2308,#2309));
#7019=EDGE_LOOP('',(#2310,#2311,#2312,#2313));
#7020=EDGE_LOOP('',(#2314,#2315,#2316,#2317));
#7021=EDGE_LOOP('',(#2318,#2319,#2320,#2321));
#7022=EDGE_LOOP('',(#2322,#2323,#2324,#2325));
#7023=EDGE_LOOP('',(#2326,#2327,#2328,#2329));
#7024=EDGE_LOOP('',(#2330,#2331,#2332,#2333));
#7025=EDGE_LOOP('',(#2334,#2335,#2336,#2337));
#7026=EDGE_LOOP('',(#2338,#2339,#2340,#2341));
#7027=EDGE_LOOP('',(#2342,#2343,#2344,#2345));
#7028=EDGE_LOOP('',(#2346,#2347,#2348,#2349));
#7029=EDGE_LOOP('',(#2350,#2351,#2352,#2353));
#7030=EDGE_LOOP('',(#2354,#2355,#2356,#2357));
#7031=EDGE_LOOP('',(#2358,#2359,#2360,#2361));
#7032=EDGE_LOOP('',(#2362,#2363,#2364,#2365));
#7033=EDGE_LOOP('',(#2366,#2367,#2368,#2369));
#7034=EDGE_LOOP('',(#2370,#2371,#2372,#2373));
#7035=EDGE_LOOP('',(#2374,#2375,#2376,#2377));
#7036=EDGE_LOOP('',(#2378,#2379,#2380,#2381));
#7037=EDGE_LOOP('',(#2382,#2383,#2384,#2385));
#7038=EDGE_LOOP('',(#2386,#2387,#2388,#2389));
#7039=EDGE_LOOP('',(#2390,#2391,#2392,#2393));
#7040=EDGE_LOOP('',(#2394,#2395,#2396,#2397));
#7041=EDGE_LOOP('',(#2398,#2399,#2400,#2401));
#7042=EDGE_LOOP('',(#2402,#2403,#2404,#2405));
#7043=EDGE_LOOP('',(#2406,#2407,#2408,#2409));
#7044=EDGE_LOOP('',(#2410,#2411,#2412,#2413));
#7045=EDGE_LOOP('',(#2414,#2415,#2416,#2417));
#7046=EDGE_LOOP('',(#2418,#2419,#2420,#2421));
#7047=EDGE_LOOP('',(#2422,#2423,#2424,#2425));
#7048=EDGE_LOOP('',(#2426,#2427,#2428,#2429));
#7049=EDGE_LOOP('',(#2430,#2431,#2432,#2433));
#7050=EDGE_LOOP('',(#2434,#2435,#2436,#2437));
#7051=EDGE_LOOP('',(#2438,#2439,#2440,#2441));
#7052=EDGE_LOOP('',(#2442,#2443,#2444,#2445));
#7053=EDGE_LOOP('',(#2446,#2447,#2448,#2449));
#7054=EDGE_LOOP('',(#2450,#2451,#2452,#2453));
#7055=EDGE_LOOP('',(#2454,#2455,#2456,#2457));
#7056=EDGE_LOOP('',(#2458,#2459,#2460,#2461));
#7057=EDGE_LOOP('',(#2462,#2463,#2464,#2465));
#7058=EDGE_LOOP('',(#2466,#2467,#2468,#2469));
#7059=EDGE_LOOP('',(#2470,#2471,#2472,#2473));
#7060=EDGE_LOOP('',(#2474,#2475,#2476,#2477));
#7061=EDGE_LOOP('',(#2478,#2479,#2480,#2481));
#7062=EDGE_LOOP('',(#2482,#2483,#2484,#2485));
#7063=EDGE_LOOP('',(#2486,#2487,#2488,#2489));
#7064=EDGE_LOOP('',(#2490,#2491,#2492,#2493));
#7065=EDGE_LOOP('',(#2494,#2495,#2496,#2497));
#7066=EDGE_LOOP('',(#2498,#2499,#2500,#2501));
#7067=EDGE_LOOP('',(#2502,#2503,#2504,#2505));
#7068=EDGE_LOOP('',(#2506,#2507,#2508,#2509));
#7069=EDGE_LOOP('',(#2510,#2511,#2512,#2513));
#7070=EDGE_LOOP('',(#2514,#2515,#2516,#2517));
#7071=EDGE_LOOP('',(#2518,#2519,#2520,#2521));
#7072=EDGE_LOOP('',(#2522,#2523,#2524,#2525));
#7073=EDGE_LOOP('',(#2526,#2527,#2528,#2529));
#7074=EDGE_LOOP('',(#2530,#2531,#2532,#2533));
#7075=EDGE_LOOP('',(#2534,#2535,#2536,#2537));
#7076=EDGE_LOOP('',(#2538,#2539,#2540,#2541));
#7077=EDGE_LOOP('',(#2542,#2543,#2544,#2545));
#7078=EDGE_LOOP('',(#2546,#2547,#2548,#2549));
#7079=EDGE_LOOP('',(#2550,#2551,#2552,#2553));
#7080=EDGE_LOOP('',(#2554,#2555,#2556,#2557));
#7081=EDGE_LOOP('',(#2558,#2559,#2560,#2561));
#7082=EDGE_LOOP('',(#2562,#2563,#2564,#2565));
#7083=EDGE_LOOP('',(#2566,#2567,#2568,#2569));
#7084=EDGE_LOOP('',(#2570,#2571,#2572,#2573));
#7085=EDGE_LOOP('',(#2574,#2575,#2576,#2577));
#7086=EDGE_LOOP('',(#2578,#2579,#2580,#2581));
#7087=EDGE_LOOP('',(#2582,#2583,#2584,#2585));
#7088=EDGE_LOOP('',(#2586,#2587,#2588,#2589));
#7089=EDGE_LOOP('',(#2590,#2591,#2592,#2593));
#7090=EDGE_LOOP('',(#2594,#2595,#2596,#2597));
#7091=EDGE_LOOP('',(#2598,#2599,#2600,#2601));
#7092=EDGE_LOOP('',(#2602,#2603,#2604,#2605));
#7093=EDGE_LOOP('',(#2606,#2607,#2608,#2609));
#7094=EDGE_LOOP('',(#2610,#2611,#2612,#2613));
#7095=EDGE_LOOP('',(#2614,#2615,#2616,#2617));
#7096=EDGE_LOOP('',(#2618,#2619,#2620,#2621));
#7097=EDGE_LOOP('',(#2622,#2623,#2624,#2625));
#7098=EDGE_LOOP('',(#2626,#2627,#2628,#2629));
#7099=EDGE_LOOP('',(#2630,#2631,#2632,#2633));
#7100=EDGE_LOOP('',(#2634,#2635,#2636,#2637));
#7101=EDGE_LOOP('',(#2638,#2639,#2640,#2641));
#7102=FACE_BOUND('',#6594,.T.);
#7103=FACE_BOUND('',#6595,.T.);
#7104=FACE_BOUND('',#6596,.T.);
#7105=FACE_BOUND('',#6597,.T.);
#7106=FACE_BOUND('',#6598,.T.);
#7107=FACE_BOUND('',#6599,.T.);
#7108=FACE_BOUND('',#6600,.T.);
#7109=FACE_BOUND('',#6601,.T.);
#7110=FACE_BOUND('',#6602,.T.);
#7111=FACE_BOUND('',#6603,.T.);
#7112=FACE_BOUND('',#6604,.T.);
#7113=FACE_BOUND('',#6605,.T.);
#7114=FACE_BOUND('',#6606,.T.);
#7115=FACE_BOUND('',#6607,.T.);
#7116=FACE_BOUND('',#6608,.T.);
#7117=FACE_BOUND('',#6609,.T.);
#7118=FACE_BOUND('',#6610,.T.);
#7119=FACE_BOUND('',#6611,.T.);
#7120=FACE_BOUND('',#6612,.T.);
#7121=FACE_BOUND('',#6613,.T.);
#7122=FACE_BOUND('',#6614,.T.);
#7123=FACE_BOUND('',#6615,.T.);
#7124=FACE_BOUND('',#6616,.T.);
#7125=FACE_BOUND('',#6617,.T.);
#7126=FACE_BOUND('',#6618,.T.);
#7127=FACE_BOUND('',#6619,.T.);
#7128=FACE_BOUND('',#6620,.T.);
#7129=FACE_BOUND('',#6621,.T.);
#7130=FACE_BOUND('',#6622,.T.);
#7131=FACE_BOUND('',#6623,.T.);
#7132=FACE_BOUND('',#6624,.T.);
#7133=FACE_BOUND('',#6625,.T.);
#7134=FACE_BOUND('',#6626,.T.);
#7135=FACE_BOUND('',#6627,.T.);
#7136=FACE_BOUND('',#6628,.T.);
#7137=FACE_BOUND('',#6629,.T.);
#7138=FACE_BOUND('',#6630,.T.);
#7139=FACE_BOUND('',#6631,.T.);
#7140=FACE_BOUND('',#6632,.T.);
#7141=FACE_BOUND('',#6633,.T.);
#7142=FACE_BOUND('',#6634,.T.);
#7143=FACE_BOUND('',#6635,.T.);
#7144=FACE_BOUND('',#6636,.T.);
#7145=FACE_BOUND('',#6637,.T.);
#7146=FACE_BOUND('',#6638,.T.);
#7147=FACE_BOUND('',#6639,.T.);
#7148=FACE_BOUND('',#6640,.T.);
#7149=FACE_BOUND('',#6641,.T.);
#7150=FACE_BOUND('',#6642,.T.);
#7151=FACE_BOUND('',#6643,.T.);
#7152=FACE_BOUND('',#6644,.T.);
#7153=FACE_BOUND('',#6645,.T.);
#7154=FACE_BOUND('',#6646,.T.);
#7155=FACE_BOUND('',#6647,.T.);
#7156=FACE_BOUND('',#6648,.T.);
#7157=FACE_BOUND('',#6649,.T.);
#7158=FACE_BOUND('',#6650,.T.);
#7159=FACE_BOUND('',#6651,.T.);
#7160=FACE_BOUND('',#6652,.T.);
#7161=FACE_BOUND('',#6653,.T.);
#7162=FACE_BOUND('',#6654,.T.);
#7163=FACE_BOUND('',#6655,.T.);
#7164=FACE_BOUND('',#6656,.T.);
#7165=FACE_BOUND('',#6657,.T.);
#7166=FACE_BOUND('',#6658,.T.);
#7167=FACE_BOUND('',#6659,.T.);
#7168=FACE_BOUND('',#6660,.T.);
#7169=FACE_BOUND('',#6661,.T.);
#7170=FACE_BOUND('',#6662,.T.);
#7171=FACE_BOUND('',#6663,.T.);
#7172=FACE_BOUND('',#6664,.T.);
#7173=FACE_BOUND('',#6665,.T.);
#7174=FACE_BOUND('',#6666,.T.);
#7175=FACE_BOUND('',#6667,.T.);
#7176=FACE_BOUND('',#6668,.T.);
#7177=FACE_BOUND('',#6669,.T.);
#7178=FACE_BOUND('',#6670,.T.);
#7179=FACE_BOUND('',#6671,.T.);
#7180=FACE_BOUND('',#6672,.T.);
#7181=FACE_BOUND('',#6673,.T.);
#7182=FACE_BOUND('',#6674,.T.);
#7183=FACE_BOUND('',#6675,.T.);
#7184=FACE_BOUND('',#6676,.T.);
#7185=FACE_BOUND('',#6677,.T.);
#7186=FACE_BOUND('',#6678,.T.);
#7187=FACE_BOUND('',#6679,.T.);
#7188=FACE_BOUND('',#6680,.T.);
#7189=FACE_BOUND('',#6681,.T.);
#7190=FACE_BOUND('',#6682,.T.);
#7191=FACE_BOUND('',#6683,.T.);
#7192=FACE_BOUND('',#6684,.T.);
#7193=FACE_BOUND('',#6685,.T.);
#7194=FACE_BOUND('',#6686,.T.);
#7195=FACE_BOUND('',#6687,.T.);
#7196=FACE_BOUND('',#6688,.T.);
#7197=FACE_BOUND('',#6689,.T.);
#7198=FACE_BOUND('',#6690,.T.);
#7199=FACE_BOUND('',#6691,.T.);
#7200=FACE_BOUND('',#6692,.T.);
#7201=FACE_BOUND('',#6693,.T.);
#7202=FACE_BOUND('',#6694,.T.);
#7203=FACE_BOUND('',#6695,.T.);
#7204=FACE_BOUND('',#6696,.T.);
#7205=FACE_BOUND('',#6697,.T.);
#7206=FACE_BOUND('',#6698,.T.);
#7207=FACE_BOUND('',#6699,.T.);
#7208=FACE_BOUND('',#6700,.T.);
#7209=FACE_BOUND('',#6701,.T.);
#7210=FACE_BOUND('',#6702,.T.);
#7211=FACE_BOUND('',#6703,.T.);
#7212=FACE_BOUND('',#6704,.T.);
#7213=FACE_BOUND('',#6705,.T.);
#7214=FACE_BOUND('',#6706,.T.);
#7215=FACE_BOUND('',#6707,.T.);
#7216=FACE_BOUND('',#6708,.T.);
#7217=FACE_BOUND('',#6709,.T.);
#7218=FACE_BOUND('',#6710,.T.);
#7219=FACE_BOUND('',#6711,.T.);
#7220=FACE_BOUND('',#6712,.T.);
#7221=FACE_BOUND('',#6713,.T.);
#7222=FACE_BOUND('',#6714,.T.);
#7223=FACE_BOUND('',#6715,.T.);
#7224=FACE_BOUND('',#6716,.T.);
#7225=FACE_BOUND('',#6717,.T.);
#7226=FACE_BOUND('',#6718,.T.);
#7227=FACE_BOUND('',#6719,.T.);
#7228=FACE_BOUND('',#6720,.T.);
#7229=FACE_BOUND('',#6721,.T.);
#7230=FACE_BOUND('',#6722,.T.);
#7231=FACE_BOUND('',#6723,.T.);
#7232=FACE_BOUND('',#6724,.T.);
#7233=FACE_BOUND('',#6725,.T.);
#7234=FACE_BOUND('',#6726,.T.);
#7235=FACE_BOUND('',#6727,.T.);
#7236=FACE_BOUND('',#6728,.T.);
#7237=FACE_BOUND('',#6729,.T.);
#7238=FACE_BOUND('',#6730,.T.);
#7239=FACE_BOUND('',#6731,.T.);
#7240=FACE_BOUND('',#6732,.T.);
#7241=FACE_BOUND('',#6733,.T.);
#7242=FACE_BOUND('',#6734,.T.);
#7243=FACE_BOUND('',#6735,.T.);
#7244=FACE_BOUND('',#6736,.T.);
#7245=FACE_BOUND('',#6737,.T.);
#7246=FACE_BOUND('',#6738,.T.);
#7247=FACE_BOUND('',#6739,.T.);
#7248=FACE_BOUND('',#6740,.T.);
#7249=FACE_BOUND('',#6741,.T.);
#7250=FACE_BOUND('',#6742,.T.);
#7251=FACE_BOUND('',#6743,.T.);
#7252=FACE_BOUND('',#6744,.T.);
#7253=FACE_BOUND('',#6745,.T.);
#7254=FACE_BOUND('',#6746,.T.);
#7255=FACE_BOUND('',#6747,.T.);
#7256=FACE_BOUND('',#6748,.T.);
#7257=FACE_BOUND('',#6749,.T.);
#7258=FACE_BOUND('',#6750,.T.);
#7259=FACE_BOUND('',#6751,.T.);
#7260=FACE_BOUND('',#6752,.T.);
#7261=FACE_BOUND('',#6753,.T.);
#7262=FACE_BOUND('',#6754,.T.);
#7263=FACE_BOUND('',#6755,.T.);
#7264=FACE_BOUND('',#6756,.T.);
#7265=FACE_BOUND('',#6757,.T.);
#7266=FACE_BOUND('',#6758,.T.);
#7267=FACE_BOUND('',#6759,.T.);
#7268=FACE_BOUND('',#6760,.T.);
#7269=FACE_BOUND('',#6761,.T.);
#7270=FACE_BOUND('',#6762,.T.);
#7271=FACE_BOUND('',#6763,.T.);
#7272=FACE_BOUND('',#6764,.T.);
#7273=FACE_BOUND('',#6765,.T.);
#7274=FACE_BOUND('',#6766,.T.);
#7275=FACE_BOUND('',#6767,.T.);
#7276=FACE_BOUND('',#6768,.T.);
#7277=FACE_BOUND('',#6769,.T.);
#7278=FACE_BOUND('',#6770,.T.);
#7279=FACE_BOUND('',#6771,.T.);
#7280=FACE_BOUND('',#6772,.T.);
#7281=FACE_BOUND('',#6773,.T.);
#7282=FACE_BOUND('',#6774,.T.);
#7283=FACE_BOUND('',#6775,.T.);
#7284=FACE_BOUND('',#6776,.T.);
#7285=FACE_BOUND('',#6777,.T.);
#7286=FACE_BOUND('',#6778,.T.);
#7287=FACE_BOUND('',#6779,.T.);
#7288=FACE_BOUND('',#6780,.T.);
#7289=FACE_BOUND('',#6781,.T.);
#7290=FACE_BOUND('',#6782,.T.);
#7291=FACE_BOUND('',#6783,.T.);
#7292=FACE_BOUND('',#6784,.T.);
#7293=FACE_BOUND('',#6785,.T.);
#7294=FACE_BOUND('',#6786,.T.);
#7295=FACE_BOUND('',#6787,.T.);
#7296=FACE_BOUND('',#6788,.T.);
#7297=FACE_BOUND('',#6789,.T.);
#7298=FACE_BOUND('',#6790,.T.);
#7299=FACE_BOUND('',#6791,.T.);
#7300=FACE_BOUND('',#6792,.T.);
#7301=FACE_BOUND('',#6793,.T.);
#7302=FACE_BOUND('',#6794,.T.);
#7303=FACE_BOUND('',#6795,.T.);
#7304=FACE_BOUND('',#6796,.T.);
#7305=FACE_BOUND('',#6797,.T.);
#7306=FACE_BOUND('',#6798,.T.);
#7307=FACE_BOUND('',#6799,.T.);
#7308=FACE_BOUND('',#6800,.T.);
#7309=FACE_BOUND('',#6801,.T.);
#7310=FACE_BOUND('',#6802,.T.);
#7311=FACE_BOUND('',#6803,.T.);
#7312=FACE_BOUND('',#6804,.T.);
#7313=FACE_BOUND('',#6805,.T.);
#7314=FACE_BOUND('',#6806,.T.);
#7315=FACE_BOUND('',#6807,.T.);
#7316=FACE_BOUND('',#6808,.T.);
#7317=FACE_BOUND('',#6809,.T.);
#7318=FACE_BOUND('',#6810,.T.);
#7319=FACE_BOUND('',#6811,.T.);
#7320=FACE_BOUND('',#6812,.T.);
#7321=FACE_BOUND('',#6813,.T.);
#7322=FACE_BOUND('',#6814,.T.);
#7323=FACE_BOUND('',#6815,.T.);
#7324=FACE_BOUND('',#6816,.T.);
#7325=FACE_BOUND('',#6817,.T.);
#7326=FACE_BOUND('',#6818,.T.);
#7327=FACE_BOUND('',#6819,.T.);
#7328=FACE_BOUND('',#6820,.T.);
#7329=FACE_BOUND('',#6821,.T.);
#7330=FACE_BOUND('',#6822,.T.);
#7331=FACE_BOUND('',#6823,.T.);
#7332=FACE_BOUND('',#6824,.T.);
#7333=FACE_BOUND('',#6825,.T.);
#7334=FACE_BOUND('',#6826,.T.);
#7335=FACE_BOUND('',#6827,.T.);
#7336=FACE_BOUND('',#6828,.T.);
#7337=FACE_BOUND('',#6829,.T.);
#7338=FACE_BOUND('',#6830,.T.);
#7339=FACE_BOUND('',#6831,.T.);
#7340=FACE_BOUND('',#6832,.T.);
#7341=FACE_BOUND('',#6833,.T.);
#7342=FACE_BOUND('',#6834,.T.);
#7343=FACE_BOUND('',#6835,.T.);
#7344=FACE_BOUND('',#6836,.T.);
#7345=FACE_BOUND('',#6837,.T.);
#7346=FACE_BOUND('',#6838,.T.);
#7347=FACE_BOUND('',#6839,.T.);
#7348=FACE_BOUND('',#6840,.T.);
#7349=FACE_BOUND('',#6841,.T.);
#7350=FACE_BOUND('',#6842,.T.);
#7351=FACE_BOUND('',#6843,.T.);
#7352=FACE_BOUND('',#6844,.T.);
#7353=FACE_BOUND('',#6845,.T.);
#7354=FACE_BOUND('',#6846,.T.);
#7355=FACE_BOUND('',#6847,.T.);
#7356=FACE_BOUND('',#6848,.T.);
#7357=FACE_BOUND('',#6849,.T.);
#7358=FACE_BOUND('',#6850,.T.);
#7359=FACE_BOUND('',#6851,.T.);
#7360=FACE_BOUND('',#6852,.T.);
#7361=FACE_BOUND('',#6853,.T.);
#7362=FACE_BOUND('',#6854,.T.);
#7363=FACE_BOUND('',#6855,.T.);
#7364=FACE_BOUND('',#6856,.T.);
#7365=FACE_BOUND('',#6857,.T.);
#7366=FACE_BOUND('',#6858,.T.);
#7367=FACE_BOUND('',#6859,.T.);
#7368=FACE_BOUND('',#6860,.T.);
#7369=FACE_BOUND('',#6861,.T.);
#7370=FACE_BOUND('',#6862,.T.);
#7371=FACE_BOUND('',#6863,.T.);
#7372=FACE_BOUND('',#6864,.T.);
#7373=FACE_BOUND('',#6865,.T.);
#7374=FACE_BOUND('',#6866,.T.);
#7375=FACE_BOUND('',#6867,.T.);
#7376=FACE_BOUND('',#6868,.T.);
#7377=FACE_BOUND('',#6869,.T.);
#7378=FACE_BOUND('',#6870,.T.);
#7379=FACE_BOUND('',#6871,.T.);
#7380=FACE_BOUND('',#6872,.T.);
#7381=FACE_BOUND('',#6873,.T.);
#7382=FACE_BOUND('',#6874,.T.);
#7383=FACE_BOUND('',#6875,.T.);
#7384=FACE_BOUND('',#6876,.T.);
#7385=FACE_BOUND('',#6877,.T.);
#7386=FACE_BOUND('',#6878,.T.);
#7387=FACE_BOUND('',#6879,.T.);
#7388=FACE_BOUND('',#6880,.T.);
#7389=FACE_BOUND('',#6881,.T.);
#7390=FACE_BOUND('',#6882,.T.);
#7391=FACE_BOUND('',#6883,.T.);
#7392=FACE_BOUND('',#6884,.T.);
#7393=FACE_BOUND('',#6885,.T.);
#7394=FACE_BOUND('',#6886,.T.);
#7395=FACE_BOUND('',#6887,.T.);
#7396=FACE_BOUND('',#6888,.T.);
#7397=FACE_BOUND('',#6889,.T.);
#7398=FACE_BOUND('',#6890,.T.);
#7399=FACE_BOUND('',#6891,.T.);
#7400=FACE_BOUND('',#6892,.T.);
#7401=FACE_BOUND('',#6893,.T.);
#7402=FACE_BOUND('',#6894,.T.);
#7403=FACE_BOUND('',#6895,.T.);
#7404=FACE_BOUND('',#6896,.T.);
#7405=FACE_BOUND('',#6897,.T.);
#7406=FACE_BOUND('',#6898,.T.);
#7407=FACE_BOUND('',#6899,.T.);
#7408=FACE_BOUND('',#6900,.T.);
#7409=FACE_BOUND('',#6901,.T.);
#7410=FACE_BOUND('',#6902,.T.);
#7411=FACE_BOUND('',#6903,.T.);
#7412=FACE_BOUND('',#6904,.T.);
#7413=FACE_BOUND('',#6905,.T.);
#7414=FACE_BOUND('',#6906,.T.);
#7415=FACE_BOUND('',#6907,.T.);
#7416=FACE_BOUND('',#6908,.T.);
#7417=FACE_BOUND('',#6909,.T.);
#7418=FACE_BOUND('',#6910,.T.);
#7419=FACE_BOUND('',#6911,.T.);
#7420=FACE_BOUND('',#6912,.T.);
#7421=FACE_BOUND('',#6913,.T.);
#7422=FACE_BOUND('',#6914,.T.);
#7423=FACE_BOUND('',#6915,.T.);
#7424=FACE_BOUND('',#6916,.T.);
#7425=FACE_BOUND('',#6917,.T.);
#7426=FACE_BOUND('',#6918,.T.);
#7427=FACE_BOUND('',#6919,.T.);
#7428=FACE_BOUND('',#6920,.T.);
#7429=FACE_BOUND('',#6921,.T.);
#7430=FACE_BOUND('',#6922,.T.);
#7431=FACE_BOUND('',#6923,.T.);
#7432=FACE_BOUND('',#6924,.T.);
#7433=FACE_BOUND('',#6925,.T.);
#7434=FACE_BOUND('',#6926,.T.);
#7435=FACE_BOUND('',#6927,.T.);
#7436=FACE_BOUND('',#6928,.T.);
#7437=FACE_BOUND('',#6929,.T.);
#7438=FACE_BOUND('',#6930,.T.);
#7439=FACE_BOUND('',#6931,.T.);
#7440=FACE_BOUND('',#6932,.T.);
#7441=FACE_BOUND('',#6933,.T.);
#7442=FACE_BOUND('',#6934,.T.);
#7443=FACE_BOUND('',#6935,.T.);
#7444=FACE_BOUND('',#6936,.T.);
#7445=FACE_BOUND('',#6937,.T.);
#7446=FACE_BOUND('',#6938,.T.);
#7447=FACE_BOUND('',#6939,.T.);
#7448=FACE_BOUND('',#6940,.T.);
#7449=FACE_BOUND('',#6941,.T.);
#7450=FACE_BOUND('',#6942,.T.);
#7451=FACE_BOUND('',#6943,.T.);
#7452=FACE_BOUND('',#6944,.T.);
#7453=FACE_BOUND('',#6945,.T.);
#7454=FACE_BOUND('',#6946,.T.);
#7455=FACE_BOUND('',#6947,.T.);
#7456=FACE_BOUND('',#6948,.T.);
#7457=FACE_BOUND('',#6949,.T.);
#7458=FACE_BOUND('',#6950,.T.);
#7459=FACE_BOUND('',#6951,.T.);
#7460=FACE_BOUND('',#6952,.T.);
#7461=FACE_BOUND('',#6953,.T.);
#7462=FACE_BOUND('',#6954,.T.);
#7463=FACE_BOUND('',#6955,.T.);
#7464=FACE_BOUND('',#6956,.T.);
#7465=FACE_BOUND('',#6957,.T.);
#7466=FACE_BOUND('',#6958,.T.);
#7467=FACE_BOUND('',#6959,.T.);
#7468=FACE_BOUND('',#6960,.T.);
#7469=FACE_BOUND('',#6961,.T.);
#7470=FACE_BOUND('',#6962,.T.);
#7471=FACE_BOUND('',#6963,.T.);
#7472=FACE_BOUND('',#6964,.T.);
#7473=FACE_BOUND('',#6965,.T.);
#7474=FACE_BOUND('',#6966,.T.);
#7475=FACE_BOUND('',#6967,.T.);
#7476=FACE_BOUND('',#6968,.T.);
#7477=FACE_BOUND('',#6969,.T.);
#7478=FACE_BOUND('',#6970,.T.);
#7479=FACE_BOUND('',#6971,.T.);
#7480=FACE_BOUND('',#6972,.T.);
#7481=FACE_BOUND('',#6973,.T.);
#7482=FACE_BOUND('',#6974,.T.);
#7483=FACE_BOUND('',#6975,.T.);
#7484=FACE_BOUND('',#6976,.T.);
#7485=FACE_BOUND('',#6977,.T.);
#7486=FACE_BOUND('',#6978,.T.);
#7487=FACE_BOUND('',#6979,.T.);
#7488=FACE_BOUND('',#6980,.T.);
#7489=FACE_BOUND('',#6981,.T.);
#7490=FACE_BOUND('',#6982,.T.);
#7491=FACE_BOUND('',#6983,.T.);
#7492=FACE_BOUND('',#6984,.T.);
#7493=FACE_BOUND('',#6985,.T.);
#7494=FACE_BOUND('',#6986,.T.);
#7495=FACE_BOUND('',#6987,.T.);
#7496=FACE_BOUND('',#6988,.T.);
#7497=FACE_BOUND('',#6989,.T.);
#7498=FACE_BOUND('',#6990,.T.);
#7499=FACE_BOUND('',#6991,.T.);
#7500=FACE_BOUND('',#6992,.T.);
#7501=FACE_BOUND('',#6993,.T.);
#7502=FACE_BOUND('',#6994,.T.);
#7503=FACE_BOUND('',#6995,.T.);
#7504=FACE_BOUND('',#6996,.T.);
#7505=FACE_BOUND('',#6997,.T.);
#7506=FACE_BOUND('',#6998,.T.);
#7507=FACE_BOUND('',#6999,.T.);
#7508=FACE_BOUND('',#7000,.T.);
#7509=FACE_BOUND('',#7001,.T.);
#7510=FACE_BOUND('',#7002,.T.);
#7511=FACE_BOUND('',#7003,.T.);
#7512=FACE_BOUND('',#7004,.T.);
#7513=FACE_BOUND('',#7005,.T.);
#7514=FACE_BOUND('',#7006,.T.);
#7515=FACE_BOUND('',#7007,.T.);
#7516=FACE_BOUND('',#7008,.T.);
#7517=FACE_BOUND('',#7009,.T.);
#7518=FACE_BOUND('',#7010,.T.);
#7519=FACE_BOUND('',#7011,.T.);
#7520=FACE_BOUND('',#7012,.T.);
#7521=FACE_BOUND('',#7013,.T.);
#7522=FACE_BOUND('',#7014,.T.);
#7523=FACE_BOUND('',#7015,.T.);
#7524=FACE_BOUND('',#7016,.T.);
#7525=FACE_BOUND('',#7017,.T.);
#7526=FACE_BOUND('',#7018,.T.);
#7527=FACE_BOUND('',#7019,.T.);
#7528=FACE_BOUND('',#7020,.T.);
#7529=FACE_BOUND('',#7021,.T.);
#7530=FACE_BOUND('',#7022,.T.);
#7531=FACE_BOUND('',#7023,.T.);
#7532=FACE_BOUND('',#7024,.T.);
#7533=FACE_BOUND('',#7025,.T.);
#7534=FACE_BOUND('',#7026,.T.);
#7535=FACE_BOUND('',#7027,.T.);
#7536=FACE_BOUND('',#7028,.T.);
#7537=FACE_BOUND('',#7029,.T.);
#7538=FACE_BOUND('',#7030,.T.);
#7539=FACE_BOUND('',#7031,.T.);
#7540=FACE_BOUND('',#7032,.T.);
#7541=FACE_BOUND('',#7033,.T.);
#7542=FACE_BOUND('',#7034,.T.);
#7543=FACE_BOUND('',#7035,.T.);
#7544=FACE_BOUND('',#7036,.T.);
#7545=FACE_BOUND('',#7037,.T.);
#7546=FACE_BOUND('',#7038,.T.);
#7547=FACE_BOUND('',#7039,.T.);
#7548=FACE_BOUND('',#7040,.T.);
#7549=FACE_BOUND('',#7041,.T.);
#7550=FACE_BOUND('',#7042,.T.);
#7551=FACE_BOUND('',#7043,.T.);
#7552=FACE_BOUND('',#7044,.T.);
#7553=FACE_BOUND('',#7045,.T.);
#7554=FACE_BOUND('',#7046,.T.);
#7555=FACE_BOUND('',#7047,.T.);
#7556=FACE_BOUND('',#7048,.T.);
#7557=FACE_BOUND('',#7049,.T.);
#7558=FACE_BOUND('',#7050,.T.);
#7559=FACE_BOUND('',#7051,.T.);
#7560=FACE_BOUND('',#7052,.T.);
#7561=FACE_BOUND('',#7053,.T.);
#7562=FACE_BOUND('',#7054,.T.);
#7563=FACE_BOUND('',#7055,.T.);
#7564=FACE_BOUND('',#7056,.T.);
#7565=FACE_BOUND('',#7057,.T.);
#7566=FACE_BOUND('',#7058,.T.);
#7567=FACE_BOUND('',#7059,.T.);
#7568=FACE_BOUND('',#7060,.T.);
#7569=FACE_BOUND('',#7061,.T.);
#7570=FACE_BOUND('',#7062,.T.);
#7571=FACE_BOUND('',#7063,.T.);
#7572=FACE_BOUND('',#7064,.T.);
#7573=FACE_BOUND('',#7065,.T.);
#7574=FACE_BOUND('',#7066,.T.);
#7575=FACE_BOUND('',#7067,.T.);
#7576=FACE_BOUND('',#7068,.T.);
#7577=FACE_BOUND('',#7069,.T.);
#7578=FACE_BOUND('',#7070,.T.);
#7579=FACE_BOUND('',#7071,.T.);
#7580=FACE_BOUND('',#7072,.T.);
#7581=FACE_BOUND('',#7073,.T.);
#7582=FACE_BOUND('',#7074,.T.);
#7583=FACE_BOUND('',#7075,.T.);
#7584=FACE_BOUND('',#7076,.T.);
#7585=FACE_BOUND('',#7077,.T.);
#7586=FACE_BOUND('',#7078,.T.);
#7587=FACE_BOUND('',#7079,.T.);
#7588=FACE_BOUND('',#7080,.T.);
#7589=FACE_BOUND('',#7081,.T.);
#7590=FACE_BOUND('',#7082,.T.);
#7591=FACE_BOUND('',#7083,.T.);
#7592=FACE_BOUND('',#7084,.T.);
#7593=FACE_BOUND('',#7085,.T.);
#7594=FACE_BOUND('',#7086,.T.);
#7595=FACE_BOUND('',#7087,.T.);
#7596=FACE_BOUND('',#7088,.T.);
#7597=FACE_BOUND('',#7089,.T.);
#7598=FACE_BOUND('',#7090,.T.);
#7599=FACE_BOUND('',#7091,.T.);
#7600=FACE_BOUND('',#7092,.T.);
#7601=FACE_BOUND('',#7093,.T.);
#7602=FACE_BOUND('',#7094,.T.);
#7603=FACE_BOUND('',#7095,.T.);
#7604=FACE_BOUND('',#7096,.T.);
#7605=FACE_BOUND('',#7097,.T.);
#7606=FACE_BOUND('',#7098,.T.);
#7607=FACE_BOUND('',#7099,.T.);
#7608=FACE_BOUND('',#7100,.T.);
#7609=FACE_BOUND('',#7101,.T.);
#7610=CYLINDRICAL_SURFACE('',#8029,0.015);
#7611=CYLINDRICAL_SURFACE('',#8032,0.015);
#7612=CYLINDRICAL_SURFACE('',#8035,0.015);
#7613=CYLINDRICAL_SURFACE('',#8038,0.015);
#7614=CYLINDRICAL_SURFACE('',#8041,0.015);
#7615=CYLINDRICAL_SURFACE('',#8044,0.015);
#7616=CYLINDRICAL_SURFACE('',#8047,0.015);
#7617=CYLINDRICAL_SURFACE('',#8050,0.015);
#7618=CYLINDRICAL_SURFACE('',#8053,0.015);
#7619=CYLINDRICAL_SURFACE('',#8056,0.015);
#7620=CYLINDRICAL_SURFACE('',#8059,0.015);
#7621=CYLINDRICAL_SURFACE('',#8062,0.015);
#7622=CYLINDRICAL_SURFACE('',#8065,0.015);
#7623=CYLINDRICAL_SURFACE('',#8068,0.015);
#7624=CYLINDRICAL_SURFACE('',#8071,0.015);
#7625=CYLINDRICAL_SURFACE('',#8074,0.015);
#7626=CYLINDRICAL_SURFACE('',#8077,0.015);
#7627=CYLINDRICAL_SURFACE('',#8080,0.015);
#7628=CYLINDRICAL_SURFACE('',#8083,0.015);
#7629=CYLINDRICAL_SURFACE('',#8086,0.015);
#7630=CYLINDRICAL_SURFACE('',#8089,0.015);
#7631=CYLINDRICAL_SURFACE('',#8092,0.015);
#7632=CYLINDRICAL_SURFACE('',#8095,0.015);
#7633=CYLINDRICAL_SURFACE('',#8098,0.005);
#7634=CYLINDRICAL_SURFACE('',#8102,0.005);
#7635=CYLINDRICAL_SURFACE('',#8106,0.005);
#7636=CYLINDRICAL_SURFACE('',#8110,0.005);
#7637=CYLINDRICAL_SURFACE('',#8113,0.00095);
#7638=CYLINDRICAL_SURFACE('',#8116,0.00095);
#7639=CYLINDRICAL_SURFACE('',#8119,0.00095);
#7640=CYLINDRICAL_SURFACE('',#8122,0.00095);
#7641=CYLINDRICAL_SURFACE('',#8125,0.015);
#7642=ADVANCED_FACE('',(#7102),#7610,.F.);
#7643=ADVANCED_FACE('',(#7103),#7611,.F.);
#7644=ADVANCED_FACE('',(#7104),#7612,.F.);
#7645=ADVANCED_FACE('',(#7105),#7613,.F.);
#7646=ADVANCED_FACE('',(#7106),#7614,.F.);
#7647=ADVANCED_FACE('',(#7107),#7615,.F.);
#7648=ADVANCED_FACE('',(#7108),#7616,.F.);
#7649=ADVANCED_FACE('',(#7109),#7617,.F.);
#7650=ADVANCED_FACE('',(#7110),#7618,.F.);
#7651=ADVANCED_FACE('',(#7111),#7619,.F.);
#7652=ADVANCED_FACE('',(#7112),#7620,.F.);
#7653=ADVANCED_FACE('',(#7113),#7621,.F.);
#7654=ADVANCED_FACE('',(#7114),#7622,.F.);
#7655=ADVANCED_FACE('',(#7115),#7623,.F.);
#7656=ADVANCED_FACE('',(#7116),#7624,.F.);
#7657=ADVANCED_FACE('',(#7117),#7625,.F.);
#7658=ADVANCED_FACE('',(#7118),#7626,.F.);
#7659=ADVANCED_FACE('',(#7119),#7627,.F.);
#7660=ADVANCED_FACE('',(#7120),#7628,.F.);
#7661=ADVANCED_FACE('',(#7121),#7629,.F.);
#7662=ADVANCED_FACE('',(#7122),#7630,.F.);
#7663=ADVANCED_FACE('',(#7123),#7631,.F.);
#7664=ADVANCED_FACE('',(#7124),#7632,.F.);
#7665=ADVANCED_FACE('',(#7125),#7633,.T.);
#7666=ADVANCED_FACE('',(#7126),#12,.F.);
#7667=ADVANCED_FACE('',(#7127),#7634,.T.);
#7668=ADVANCED_FACE('',(#7128),#13,.F.);
#7669=ADVANCED_FACE('',(#7129),#7635,.T.);
#7670=ADVANCED_FACE('',(#7130),#14,.T.);
#7671=ADVANCED_FACE('',(#7131),#7636,.T.);
#7672=ADVANCED_FACE('',(#7132,#7133),#7637,.F.);
#7673=ADVANCED_FACE('',(#7134,#7135),#7638,.F.);
#7674=ADVANCED_FACE('',(#7136,#7137),#7639,.F.);
#7675=ADVANCED_FACE('',(#7138,#7139),#7640,.F.);
#7676=ADVANCED_FACE('',(#7140),#7641,.F.);
#7677=ADVANCED_FACE('',(#7141),#15,.T.);
#7678=ADVANCED_FACE('',(#7142,#7143,#7144,#7145,#7146,#7147,#7148,#7149,
#7150,#7151,#7152,#7153,#7154,#7155,#7156,#7157,#7158,#7159,#7160,#7161,
#7162,#7163,#7164,#7165,#7166,#7167,#7168,#7169,#7170,#7171,#7172,#7173,
#7174,#7175,#7176,#7177,#7178,#7179,#7180,#7181,#7182,#7183,#7184,#7185,
#7186,#7187,#7188,#7189,#7190,#7191,#7192,#7193,#7194,#7195,#7196,#7197,
#7198,#7199,#7200,#7201,#7202,#7203,#7204,#7205,#7206,#7207),#16,.T.);
#7679=ADVANCED_FACE('',(#7208,#7209,#7210,#7211,#7212,#7213,#7214,#7215,
#7216,#7217,#7218,#7219,#7220,#7221,#7222,#7223,#7224,#7225,#7226,#7227,
#7228,#7229,#7230,#7231,#7232,#7233,#7234,#7235,#7236,#7237,#7238,#7239,
#7240,#7241,#7242,#7243,#7244,#7245,#7246,#7247,#7248,#7249,#7250,#7251,
#7252,#7253,#7254,#7255,#7256,#7257,#7258,#7259,#7260,#7261,#7262,#7263,
#7264,#7265,#7266,#7267,#7268,#7269,#7270,#7271,#7272,#7273),#17,.F.);
#7680=ADVANCED_FACE('',(#7274),#18,.T.);
#7681=ADVANCED_FACE('',(#7275),#19,.T.);
#7682=ADVANCED_FACE('',(#7276),#20,.T.);
#7683=ADVANCED_FACE('',(#7277),#21,.T.);
#7684=ADVANCED_FACE('',(#7278),#22,.T.);
#7685=ADVANCED_FACE('',(#7279),#23,.T.);
#7686=ADVANCED_FACE('',(#7280),#24,.T.);
#7687=ADVANCED_FACE('',(#7281),#25,.T.);
#7688=ADVANCED_FACE('',(#7282),#26,.T.);
#7689=ADVANCED_FACE('',(#7283),#27,.T.);
#7690=ADVANCED_FACE('',(#7284),#28,.T.);
#7691=ADVANCED_FACE('',(#7285),#29,.T.);
#7692=ADVANCED_FACE('',(#7286),#30,.T.);
#7693=ADVANCED_FACE('',(#7287),#31,.T.);
#7694=ADVANCED_FACE('',(#7288),#32,.T.);
#7695=ADVANCED_FACE('',(#7289),#33,.T.);
#7696=ADVANCED_FACE('',(#7290),#34,.T.);
#7697=ADVANCED_FACE('',(#7291),#35,.T.);
#7698=ADVANCED_FACE('',(#7292),#36,.T.);
#7699=ADVANCED_FACE('',(#7293),#37,.T.);
#7700=ADVANCED_FACE('',(#7294),#38,.T.);
#7701=ADVANCED_FACE('',(#7295),#39,.T.);
#7702=ADVANCED_FACE('',(#7296),#40,.T.);
#7703=ADVANCED_FACE('',(#7297),#41,.T.);
#7704=ADVANCED_FACE('',(#7298),#42,.T.);
#7705=ADVANCED_FACE('',(#7299),#43,.T.);
#7706=ADVANCED_FACE('',(#7300),#44,.T.);
#7707=ADVANCED_FACE('',(#7301),#45,.T.);
#7708=ADVANCED_FACE('',(#7302),#46,.T.);
#7709=ADVANCED_FACE('',(#7303),#47,.T.);
#7710=ADVANCED_FACE('',(#7304),#48,.T.);
#7711=ADVANCED_FACE('',(#7305),#49,.T.);
#7712=ADVANCED_FACE('',(#7306),#50,.T.);
#7713=ADVANCED_FACE('',(#7307),#51,.T.);
#7714=ADVANCED_FACE('',(#7308),#52,.T.);
#7715=ADVANCED_FACE('',(#7309),#53,.T.);
#7716=ADVANCED_FACE('',(#7310),#54,.T.);
#7717=ADVANCED_FACE('',(#7311),#55,.T.);
#7718=ADVANCED_FACE('',(#7312),#56,.T.);
#7719=ADVANCED_FACE('',(#7313),#57,.T.);
#7720=ADVANCED_FACE('',(#7314),#58,.T.);
#7721=ADVANCED_FACE('',(#7315),#59,.T.);
#7722=ADVANCED_FACE('',(#7316),#60,.T.);
#7723=ADVANCED_FACE('',(#7317),#61,.T.);
#7724=ADVANCED_FACE('',(#7318),#62,.T.);
#7725=ADVANCED_FACE('',(#7319),#63,.T.);
#7726=ADVANCED_FACE('',(#7320),#64,.T.);
#7727=ADVANCED_FACE('',(#7321),#65,.T.);
#7728=ADVANCED_FACE('',(#7322),#66,.T.);
#7729=ADVANCED_FACE('',(#7323),#67,.T.);
#7730=ADVANCED_FACE('',(#7324),#68,.T.);
#7731=ADVANCED_FACE('',(#7325),#69,.T.);
#7732=ADVANCED_FACE('',(#7326),#70,.T.);
#7733=ADVANCED_FACE('',(#7327),#71,.T.);
#7734=ADVANCED_FACE('',(#7328),#72,.T.);
#7735=ADVANCED_FACE('',(#7329),#73,.T.);
#7736=ADVANCED_FACE('',(#7330),#74,.T.);
#7737=ADVANCED_FACE('',(#7331),#75,.T.);
#7738=ADVANCED_FACE('',(#7332),#76,.T.);
#7739=ADVANCED_FACE('',(#7333),#77,.T.);
#7740=ADVANCED_FACE('',(#7334),#78,.T.);
#7741=ADVANCED_FACE('',(#7335),#79,.T.);
#7742=ADVANCED_FACE('',(#7336),#80,.T.);
#7743=ADVANCED_FACE('',(#7337),#81,.T.);
#7744=ADVANCED_FACE('',(#7338),#82,.T.);
#7745=ADVANCED_FACE('',(#7339),#83,.T.);
#7746=ADVANCED_FACE('',(#7340),#84,.T.);
#7747=ADVANCED_FACE('',(#7341),#85,.T.);
#7748=ADVANCED_FACE('',(#7342),#86,.T.);
#7749=ADVANCED_FACE('',(#7343),#87,.T.);
#7750=ADVANCED_FACE('',(#7344),#88,.T.);
#7751=ADVANCED_FACE('',(#7345),#89,.T.);
#7752=ADVANCED_FACE('',(#7346),#90,.T.);
#7753=ADVANCED_FACE('',(#7347),#91,.T.);
#7754=ADVANCED_FACE('',(#7348),#92,.T.);
#7755=ADVANCED_FACE('',(#7349),#93,.T.);
#7756=ADVANCED_FACE('',(#7350),#94,.T.);
#7757=ADVANCED_FACE('',(#7351),#95,.T.);
#7758=ADVANCED_FACE('',(#7352),#96,.T.);
#7759=ADVANCED_FACE('',(#7353),#97,.T.);
#7760=ADVANCED_FACE('',(#7354),#98,.T.);
#7761=ADVANCED_FACE('',(#7355),#99,.T.);
#7762=ADVANCED_FACE('',(#7356),#100,.T.);
#7763=ADVANCED_FACE('',(#7357),#101,.T.);
#7764=ADVANCED_FACE('',(#7358),#102,.T.);
#7765=ADVANCED_FACE('',(#7359),#103,.T.);
#7766=ADVANCED_FACE('',(#7360),#104,.T.);
#7767=ADVANCED_FACE('',(#7361),#105,.T.);
#7768=ADVANCED_FACE('',(#7362),#106,.T.);
#7769=ADVANCED_FACE('',(#7363),#107,.T.);
#7770=ADVANCED_FACE('',(#7364),#108,.T.);
#7771=ADVANCED_FACE('',(#7365),#109,.T.);
#7772=ADVANCED_FACE('',(#7366),#110,.T.);
#7773=ADVANCED_FACE('',(#7367),#111,.T.);
#7774=ADVANCED_FACE('',(#7368),#112,.T.);
#7775=ADVANCED_FACE('',(#7369),#113,.T.);
#7776=ADVANCED_FACE('',(#7370),#114,.T.);
#7777=ADVANCED_FACE('',(#7371),#115,.T.);
#7778=ADVANCED_FACE('',(#7372),#116,.T.);
#7779=ADVANCED_FACE('',(#7373),#117,.T.);
#7780=ADVANCED_FACE('',(#7374),#118,.T.);
#7781=ADVANCED_FACE('',(#7375),#119,.T.);
#7782=ADVANCED_FACE('',(#7376),#120,.T.);
#7783=ADVANCED_FACE('',(#7377),#121,.T.);
#7784=ADVANCED_FACE('',(#7378),#122,.T.);
#7785=ADVANCED_FACE('',(#7379),#123,.T.);
#7786=ADVANCED_FACE('',(#7380),#124,.T.);
#7787=ADVANCED_FACE('',(#7381),#125,.T.);
#7788=ADVANCED_FACE('',(#7382),#126,.T.);
#7789=ADVANCED_FACE('',(#7383),#127,.T.);
#7790=ADVANCED_FACE('',(#7384),#128,.T.);
#7791=ADVANCED_FACE('',(#7385),#129,.T.);
#7792=ADVANCED_FACE('',(#7386),#130,.T.);
#7793=ADVANCED_FACE('',(#7387),#131,.T.);
#7794=ADVANCED_FACE('',(#7388),#132,.T.);
#7795=ADVANCED_FACE('',(#7389),#133,.T.);
#7796=ADVANCED_FACE('',(#7390),#134,.T.);
#7797=ADVANCED_FACE('',(#7391),#135,.T.);
#7798=ADVANCED_FACE('',(#7392),#136,.T.);
#7799=ADVANCED_FACE('',(#7393),#137,.T.);
#7800=ADVANCED_FACE('',(#7394),#138,.T.);
#7801=ADVANCED_FACE('',(#7395),#139,.T.);
#7802=ADVANCED_FACE('',(#7396),#140,.T.);
#7803=ADVANCED_FACE('',(#7397),#141,.T.);
#7804=ADVANCED_FACE('',(#7398),#142,.T.);
#7805=ADVANCED_FACE('',(#7399),#143,.T.);
#7806=ADVANCED_FACE('',(#7400),#144,.T.);
#7807=ADVANCED_FACE('',(#7401),#145,.T.);
#7808=ADVANCED_FACE('',(#7402),#146,.T.);
#7809=ADVANCED_FACE('',(#7403),#147,.T.);
#7810=ADVANCED_FACE('',(#7404),#148,.T.);
#7811=ADVANCED_FACE('',(#7405),#149,.T.);
#7812=ADVANCED_FACE('',(#7406),#150,.T.);
#7813=ADVANCED_FACE('',(#7407),#151,.T.);
#7814=ADVANCED_FACE('',(#7408),#152,.T.);
#7815=ADVANCED_FACE('',(#7409),#153,.T.);
#7816=ADVANCED_FACE('',(#7410),#154,.T.);
#7817=ADVANCED_FACE('',(#7411),#155,.T.);
#7818=ADVANCED_FACE('',(#7412),#156,.T.);
#7819=ADVANCED_FACE('',(#7413),#157,.T.);
#7820=ADVANCED_FACE('',(#7414),#158,.T.);
#7821=ADVANCED_FACE('',(#7415),#159,.T.);
#7822=ADVANCED_FACE('',(#7416),#160,.T.);
#7823=ADVANCED_FACE('',(#7417),#161,.T.);
#7824=ADVANCED_FACE('',(#7418),#162,.T.);
#7825=ADVANCED_FACE('',(#7419),#163,.T.);
#7826=ADVANCED_FACE('',(#7420),#164,.T.);
#7827=ADVANCED_FACE('',(#7421),#165,.T.);
#7828=ADVANCED_FACE('',(#7422),#166,.T.);
#7829=ADVANCED_FACE('',(#7423),#167,.T.);
#7830=ADVANCED_FACE('',(#7424),#168,.T.);
#7831=ADVANCED_FACE('',(#7425),#169,.T.);
#7832=ADVANCED_FACE('',(#7426),#170,.T.);
#7833=ADVANCED_FACE('',(#7427),#171,.T.);
#7834=ADVANCED_FACE('',(#7428),#172,.T.);
#7835=ADVANCED_FACE('',(#7429),#173,.T.);
#7836=ADVANCED_FACE('',(#7430),#174,.T.);
#7837=ADVANCED_FACE('',(#7431),#175,.T.);
#7838=ADVANCED_FACE('',(#7432),#176,.T.);
#7839=ADVANCED_FACE('',(#7433),#177,.T.);
#7840=ADVANCED_FACE('',(#7434),#178,.T.);
#7841=ADVANCED_FACE('',(#7435),#179,.T.);
#7842=ADVANCED_FACE('',(#7436),#180,.T.);
#7843=ADVANCED_FACE('',(#7437),#181,.T.);
#7844=ADVANCED_FACE('',(#7438),#182,.T.);
#7845=ADVANCED_FACE('',(#7439),#183,.T.);
#7846=ADVANCED_FACE('',(#7440),#184,.T.);
#7847=ADVANCED_FACE('',(#7441),#185,.T.);
#7848=ADVANCED_FACE('',(#7442),#186,.T.);
#7849=ADVANCED_FACE('',(#7443),#187,.T.);
#7850=ADVANCED_FACE('',(#7444),#188,.T.);
#7851=ADVANCED_FACE('',(#7445),#189,.T.);
#7852=ADVANCED_FACE('',(#7446),#190,.T.);
#7853=ADVANCED_FACE('',(#7447),#191,.T.);
#7854=ADVANCED_FACE('',(#7448),#192,.T.);
#7855=ADVANCED_FACE('',(#7449),#193,.T.);
#7856=ADVANCED_FACE('',(#7450),#194,.T.);
#7857=ADVANCED_FACE('',(#7451),#195,.T.);
#7858=ADVANCED_FACE('',(#7452),#196,.T.);
#7859=ADVANCED_FACE('',(#7453),#197,.T.);
#7860=ADVANCED_FACE('',(#7454),#198,.T.);
#7861=ADVANCED_FACE('',(#7455),#199,.T.);
#7862=ADVANCED_FACE('',(#7456),#200,.T.);
#7863=ADVANCED_FACE('',(#7457),#201,.T.);
#7864=ADVANCED_FACE('',(#7458),#202,.T.);
#7865=ADVANCED_FACE('',(#7459),#203,.T.);
#7866=ADVANCED_FACE('',(#7460),#204,.T.);
#7867=ADVANCED_FACE('',(#7461),#205,.T.);
#7868=ADVANCED_FACE('',(#7462),#206,.T.);
#7869=ADVANCED_FACE('',(#7463),#207,.T.);
#7870=ADVANCED_FACE('',(#7464),#208,.T.);
#7871=ADVANCED_FACE('',(#7465),#209,.T.);
#7872=ADVANCED_FACE('',(#7466),#210,.T.);
#7873=ADVANCED_FACE('',(#7467),#211,.T.);
#7874=ADVANCED_FACE('',(#7468),#212,.T.);
#7875=ADVANCED_FACE('',(#7469),#213,.T.);
#7876=ADVANCED_FACE('',(#7470),#214,.T.);
#7877=ADVANCED_FACE('',(#7471),#215,.T.);
#7878=ADVANCED_FACE('',(#7472),#216,.T.);
#7879=ADVANCED_FACE('',(#7473),#217,.T.);
#7880=ADVANCED_FACE('',(#7474),#218,.T.);
#7881=ADVANCED_FACE('',(#7475),#219,.T.);
#7882=ADVANCED_FACE('',(#7476),#220,.T.);
#7883=ADVANCED_FACE('',(#7477),#221,.T.);
#7884=ADVANCED_FACE('',(#7478),#222,.T.);
#7885=ADVANCED_FACE('',(#7479),#223,.T.);
#7886=ADVANCED_FACE('',(#7480),#224,.T.);
#7887=ADVANCED_FACE('',(#7481),#225,.T.);
#7888=ADVANCED_FACE('',(#7482),#226,.T.);
#7889=ADVANCED_FACE('',(#7483),#227,.T.);
#7890=ADVANCED_FACE('',(#7484),#228,.T.);
#7891=ADVANCED_FACE('',(#7485),#229,.T.);
#7892=ADVANCED_FACE('',(#7486),#230,.T.);
#7893=ADVANCED_FACE('',(#7487),#231,.T.);
#7894=ADVANCED_FACE('',(#7488),#232,.T.);
#7895=ADVANCED_FACE('',(#7489),#233,.T.);
#7896=ADVANCED_FACE('',(#7490),#234,.T.);
#7897=ADVANCED_FACE('',(#7491),#235,.T.);
#7898=ADVANCED_FACE('',(#7492),#236,.T.);
#7899=ADVANCED_FACE('',(#7493),#237,.T.);
#7900=ADVANCED_FACE('',(#7494),#238,.T.);
#7901=ADVANCED_FACE('',(#7495),#239,.T.);
#7902=ADVANCED_FACE('',(#7496),#240,.T.);
#7903=ADVANCED_FACE('',(#7497),#241,.T.);
#7904=ADVANCED_FACE('',(#7498),#242,.T.);
#7905=ADVANCED_FACE('',(#7499),#243,.T.);
#7906=ADVANCED_FACE('',(#7500),#244,.T.);
#7907=ADVANCED_FACE('',(#7501),#245,.T.);
#7908=ADVANCED_FACE('',(#7502),#246,.T.);
#7909=ADVANCED_FACE('',(#7503),#247,.T.);
#7910=ADVANCED_FACE('',(#7504),#248,.T.);
#7911=ADVANCED_FACE('',(#7505),#249,.T.);
#7912=ADVANCED_FACE('',(#7506),#250,.T.);
#7913=ADVANCED_FACE('',(#7507),#251,.T.);
#7914=ADVANCED_FACE('',(#7508),#252,.T.);
#7915=ADVANCED_FACE('',(#7509),#253,.T.);
#7916=ADVANCED_FACE('',(#7510),#254,.T.);
#7917=ADVANCED_FACE('',(#7511),#255,.T.);
#7918=ADVANCED_FACE('',(#7512),#256,.T.);
#7919=ADVANCED_FACE('',(#7513),#257,.T.);
#7920=ADVANCED_FACE('',(#7514),#258,.T.);
#7921=ADVANCED_FACE('',(#7515),#259,.T.);
#7922=ADVANCED_FACE('',(#7516),#260,.T.);
#7923=ADVANCED_FACE('',(#7517),#261,.T.);
#7924=ADVANCED_FACE('',(#7518),#262,.T.);
#7925=ADVANCED_FACE('',(#7519),#263,.T.);
#7926=ADVANCED_FACE('',(#7520),#264,.T.);
#7927=ADVANCED_FACE('',(#7521),#265,.T.);
#7928=ADVANCED_FACE('',(#7522),#266,.T.);
#7929=ADVANCED_FACE('',(#7523),#267,.T.);
#7930=ADVANCED_FACE('',(#7524),#268,.T.);
#7931=ADVANCED_FACE('',(#7525),#269,.T.);
#7932=ADVANCED_FACE('',(#7526),#270,.T.);
#7933=ADVANCED_FACE('',(#7527),#271,.T.);
#7934=ADVANCED_FACE('',(#7528),#272,.T.);
#7935=ADVANCED_FACE('',(#7529),#273,.T.);
#7936=ADVANCED_FACE('',(#7530),#274,.T.);
#7937=ADVANCED_FACE('',(#7531),#275,.T.);
#7938=ADVANCED_FACE('',(#7532),#276,.T.);
#7939=ADVANCED_FACE('',(#7533),#277,.T.);
#7940=ADVANCED_FACE('',(#7534),#278,.T.);
#7941=ADVANCED_FACE('',(#7535),#279,.T.);
#7942=ADVANCED_FACE('',(#7536),#280,.T.);
#7943=ADVANCED_FACE('',(#7537),#281,.T.);
#7944=ADVANCED_FACE('',(#7538),#282,.T.);
#7945=ADVANCED_FACE('',(#7539),#283,.T.);
#7946=ADVANCED_FACE('',(#7540),#284,.T.);
#7947=ADVANCED_FACE('',(#7541),#285,.T.);
#7948=ADVANCED_FACE('',(#7542),#286,.T.);
#7949=ADVANCED_FACE('',(#7543),#287,.T.);
#7950=ADVANCED_FACE('',(#7544),#288,.T.);
#7951=ADVANCED_FACE('',(#7545),#289,.T.);
#7952=ADVANCED_FACE('',(#7546),#290,.T.);
#7953=ADVANCED_FACE('',(#7547),#291,.T.);
#7954=ADVANCED_FACE('',(#7548),#292,.T.);
#7955=ADVANCED_FACE('',(#7549),#293,.T.);
#7956=ADVANCED_FACE('',(#7550),#294,.T.);
#7957=ADVANCED_FACE('',(#7551),#295,.T.);
#7958=ADVANCED_FACE('',(#7552),#296,.T.);
#7959=ADVANCED_FACE('',(#7553),#297,.T.);
#7960=ADVANCED_FACE('',(#7554),#298,.T.);
#7961=ADVANCED_FACE('',(#7555),#299,.T.);
#7962=ADVANCED_FACE('',(#7556),#300,.T.);
#7963=ADVANCED_FACE('',(#7557),#301,.T.);
#7964=ADVANCED_FACE('',(#7558),#302,.T.);
#7965=ADVANCED_FACE('',(#7559),#303,.T.);
#7966=ADVANCED_FACE('',(#7560),#304,.T.);
#7967=ADVANCED_FACE('',(#7561),#305,.T.);
#7968=ADVANCED_FACE('',(#7562),#306,.T.);
#7969=ADVANCED_FACE('',(#7563),#307,.T.);
#7970=ADVANCED_FACE('',(#7564),#308,.T.);
#7971=ADVANCED_FACE('',(#7565),#309,.T.);
#7972=ADVANCED_FACE('',(#7566),#310,.T.);
#7973=ADVANCED_FACE('',(#7567),#311,.T.);
#7974=ADVANCED_FACE('',(#7568),#312,.T.);
#7975=ADVANCED_FACE('',(#7569),#313,.T.);
#7976=ADVANCED_FACE('',(#7570),#314,.T.);
#7977=ADVANCED_FACE('',(#7571),#315,.T.);
#7978=ADVANCED_FACE('',(#7572),#316,.T.);
#7979=ADVANCED_FACE('',(#7573),#317,.T.);
#7980=ADVANCED_FACE('',(#7574),#318,.T.);
#7981=ADVANCED_FACE('',(#7575),#319,.T.);
#7982=ADVANCED_FACE('',(#7576),#320,.T.);
#7983=ADVANCED_FACE('',(#7577),#321,.T.);
#7984=ADVANCED_FACE('',(#7578),#322,.T.);
#7985=ADVANCED_FACE('',(#7579),#323,.T.);
#7986=ADVANCED_FACE('',(#7580),#324,.T.);
#7987=ADVANCED_FACE('',(#7581),#325,.T.);
#7988=ADVANCED_FACE('',(#7582),#326,.T.);
#7989=ADVANCED_FACE('',(#7583),#327,.T.);
#7990=ADVANCED_FACE('',(#7584),#328,.T.);
#7991=ADVANCED_FACE('',(#7585),#329,.T.);
#7992=ADVANCED_FACE('',(#7586),#330,.T.);
#7993=ADVANCED_FACE('',(#7587),#331,.T.);
#7994=ADVANCED_FACE('',(#7588),#332,.T.);
#7995=ADVANCED_FACE('',(#7589),#333,.T.);
#7996=ADVANCED_FACE('',(#7590),#334,.T.);
#7997=ADVANCED_FACE('',(#7591),#335,.T.);
#7998=ADVANCED_FACE('',(#7592),#336,.T.);
#7999=ADVANCED_FACE('',(#7593),#337,.T.);
#8000=ADVANCED_FACE('',(#7594),#338,.T.);
#8001=ADVANCED_FACE('',(#7595),#339,.T.);
#8002=ADVANCED_FACE('',(#7596),#340,.T.);
#8003=ADVANCED_FACE('',(#7597),#341,.T.);
#8004=ADVANCED_FACE('',(#7598),#342,.T.);
#8005=ADVANCED_FACE('',(#7599),#343,.T.);
#8006=ADVANCED_FACE('',(#7600),#344,.T.);
#8007=ADVANCED_FACE('',(#7601),#345,.T.);
#8008=ADVANCED_FACE('',(#7602),#346,.T.);
#8009=ADVANCED_FACE('',(#7603),#347,.T.);
#8010=ADVANCED_FACE('',(#7604),#348,.T.);
#8011=ADVANCED_FACE('',(#7605),#349,.T.);
#8012=ADVANCED_FACE('',(#7606),#350,.T.);
#8013=ADVANCED_FACE('',(#7607),#351,.T.);
#8014=ADVANCED_FACE('',(#7608),#352,.T.);
#8015=ADVANCED_FACE('',(#7609),#353,.T.);
#8016=CLOSED_SHELL('',(#7642,#7643,#7644,#7645,#7646,#7647,#7648,#7649,
#7650,#7651,#7652,#7653,#7654,#7655,#7656,#7657,#7658,#7659,#7660,#7661,
#7662,#7663,#7664,#7665,#7666,#7667,#7668,#7669,#7670,#7671,#7672,#7673,
#7674,#7675,#7676,#7677,#7678,#7679,#7680,#7681,#7682,#7683,#7684,#7685,
#7686,#7687,#7688,#7689,#7690,#7691,#7692,#7693,#7694,#7695,#7696,#7697,
#7698,#7699,#7700,#7701,#7702,#7703,#7704,#7705,#7706,#7707,#7708,#7709,
#7710,#7711,#7712,#7713,#7714,#7715,#7716,#7717,#7718,#7719,#7720,#7721,
#7722,#7723,#7724,#7725,#7726,#7727,#7728,#7729,#7730,#7731,#7732,#7733,
#7734,#7735,#7736,#7737,#7738,#7739,#7740,#7741,#7742,#7743,#7744,#7745,
#7746,#7747,#7748,#7749,#7750,#7751,#7752,#7753,#7754,#7755,#7756,#7757,
#7758,#7759,#7760,#7761,#7762,#7763,#7764,#7765,#7766,#7767,#7768,#7769,
#7770,#7771,#7772,#7773,#7774,#7775,#7776,#7777,#7778,#7779,#7780,#7781,
#7782,#7783,#7784,#7785,#7786,#7787,#7788,#7789,#7790,#7791,#7792,#7793,
#7794,#7795,#7796,#7797,#7798,#7799,#7800,#7801,#7802,#7803,#7804,#7805,
#7806,#7807,#7808,#7809,#7810,#7811,#7812,#7813,#7814,#7815,#7816,#7817,
#7818,#7819,#7820,#7821,#7822,#7823,#7824,#7825,#7826,#7827,#7828,#7829,
#7830,#7831,#7832,#7833,#7834,#7835,#7836,#7837,#7838,#7839,#7840,#7841,
#7842,#7843,#7844,#7845,#7846,#7847,#7848,#7849,#7850,#7851,#7852,#7853,
#7854,#7855,#7856,#7857,#7858,#7859,#7860,#7861,#7862,#7863,#7864,#7865,
#7866,#7867,#7868,#7869,#7870,#7871,#7872,#7873,#7874,#7875,#7876,#7877,
#7878,#7879,#7880,#7881,#7882,#7883,#7884,#7885,#7886,#7887,#7888,#7889,
#7890,#7891,#7892,#7893,#7894,#7895,#7896,#7897,#7898,#7899,#7900,#7901,
#7902,#7903,#7904,#7905,#7906,#7907,#7908,#7909,#7910,#7911,#7912,#7913,
#7914,#7915,#7916,#7917,#7918,#7919,#7920,#7921,#7922,#7923,#7924,#7925,
#7926,#7927,#7928,#7929,#7930,#7931,#7932,#7933,#7934,#7935,#7936,#7937,
#7938,#7939,#7940,#7941,#7942,#7943,#7944,#7945,#7946,#7947,#7948,#7949,
#7950,#7951,#7952,#7953,#7954,#7955,#7956,#7957,#7958,#7959,#7960,#7961,
#7962,#7963,#7964,#7965,#7966,#7967,#7968,#7969,#7970,#7971,#7972,#7973,
#7974,#7975,#7976,#7977,#7978,#7979,#7980,#7981,#7982,#7983,#7984,#7985,
#7986,#7987,#7988,#7989,#7990,#7991,#7992,#7993,#7994,#7995,#7996,#7997,
#7998,#7999,#8000,#8001,#8002,#8003,#8004,#8005,#8006,#8007,#8008,#8009,
#8010,#8011,#8012,#8013,#8014,#8015));
#8017=STYLED_ITEM('',(#8018),#8025);
#8018=PRESENTATION_STYLE_ASSIGNMENT((#8019));
#8019=SURFACE_STYLE_USAGE(.BOTH.,#8020);
#8020=SURFACE_SIDE_STYLE('',(#8021));
#8021=SURFACE_STYLE_FILL_AREA(#8022);
#8022=FILL_AREA_STYLE('',(#8023));
#8023=FILL_AREA_STYLE_COLOUR('',#8024);
#8024=COLOUR_RGB('',0.870588235294118,0.262745098039216,0.262745098039216);
#8025=MANIFOLD_SOLID_BREP('top case',#8016);
#8026=SHAPE_DEFINITION_REPRESENTATION(#12630,#8027);
#8027=SHAPE_REPRESENTATION('top case',(#8028),#12625);
#8028=AXIS2_PLACEMENT_3D('',#10393,#8467,#8468);
#8029=AXIS2_PLACEMENT_3D('',#10394,#8469,#8470);
#8030=AXIS2_PLACEMENT_3D('',#10398,#8472,#8473);
#8031=AXIS2_PLACEMENT_3D('',#10402,#8475,#8476);
#8032=AXIS2_PLACEMENT_3D('',#10403,#8477,#8478);
#8033=AXIS2_PLACEMENT_3D('',#10407,#8480,#8481);
#8034=AXIS2_PLACEMENT_3D('',#10411,#8483,#8484);
#8035=AXIS2_PLACEMENT_3D('',#10412,#8485,#8486);
#8036=AXIS2_PLACEMENT_3D('',#10416,#8488,#8489);
#8037=AXIS2_PLACEMENT_3D('',#10420,#8491,#8492);
#8038=AXIS2_PLACEMENT_3D('',#10421,#8493,#8494);
#8039=AXIS2_PLACEMENT_3D('',#10425,#8496,#8497);
#8040=AXIS2_PLACEMENT_3D('',#10429,#8499,#8500);
#8041=AXIS2_PLACEMENT_3D('',#10430,#8501,#8502);
#8042=AXIS2_PLACEMENT_3D('',#10434,#8504,#8505);
#8043=AXIS2_PLACEMENT_3D('',#10438,#8507,#8508);
#8044=AXIS2_PLACEMENT_3D('',#10439,#8509,#8510);
#8045=AXIS2_PLACEMENT_3D('',#10443,#8512,#8513);
#8046=AXIS2_PLACEMENT_3D('',#10447,#8515,#8516);
#8047=AXIS2_PLACEMENT_3D('',#10448,#8517,#8518);
#8048=AXIS2_PLACEMENT_3D('',#10452,#8520,#8521);
#8049=AXIS2_PLACEMENT_3D('',#10456,#8523,#8524);
#8050=AXIS2_PLACEMENT_3D('',#10457,#8525,#8526);
#8051=AXIS2_PLACEMENT_3D('',#10461,#8528,#8529);
#8052=AXIS2_PLACEMENT_3D('',#10465,#8531,#8532);
#8053=AXIS2_PLACEMENT_3D('',#10466,#8533,#8534);
#8054=AXIS2_PLACEMENT_3D('',#10470,#8536,#8537);
#8055=AXIS2_PLACEMENT_3D('',#10474,#8539,#8540);
#8056=AXIS2_PLACEMENT_3D('',#10475,#8541,#8542);
#8057=AXIS2_PLACEMENT_3D('',#10479,#8544,#8545);
#8058=AXIS2_PLACEMENT_3D('',#10483,#8547,#8548);
#8059=AXIS2_PLACEMENT_3D('',#10484,#8549,#8550);
#8060=AXIS2_PLACEMENT_3D('',#10488,#8552,#8553);
#8061=AXIS2_PLACEMENT_3D('',#10492,#8555,#8556);
#8062=AXIS2_PLACEMENT_3D('',#10493,#8557,#8558);
#8063=AXIS2_PLACEMENT_3D('',#10497,#8560,#8561);
#8064=AXIS2_PLACEMENT_3D('',#10501,#8563,#8564);
#8065=AXIS2_PLACEMENT_3D('',#10502,#8565,#8566);
#8066=AXIS2_PLACEMENT_3D('',#10506,#8568,#8569);
#8067=AXIS2_PLACEMENT_3D('',#10510,#8571,#8572);
#8068=AXIS2_PLACEMENT_3D('',#10511,#8573,#8574);
#8069=AXIS2_PLACEMENT_3D('',#10515,#8576,#8577);
#8070=AXIS2_PLACEMENT_3D('',#10519,#8579,#8580);
#8071=AXIS2_PLACEMENT_3D('',#10520,#8581,#8582);
#8072=AXIS2_PLACEMENT_3D('',#10524,#8584,#8585);
#8073=AXIS2_PLACEMENT_3D('',#10528,#8587,#8588);
#8074=AXIS2_PLACEMENT_3D('',#10529,#8589,#8590);
#8075=AXIS2_PLACEMENT_3D('',#10533,#8592,#8593);
#8076=AXIS2_PLACEMENT_3D('',#10537,#8595,#8596);
#8077=AXIS2_PLACEMENT_3D('',#10538,#8597,#8598);
#8078=AXIS2_PLACEMENT_3D('',#10542,#8600,#8601);
#8079=AXIS2_PLACEMENT_3D('',#10546,#8603,#8604);
#8080=AXIS2_PLACEMENT_3D('',#10547,#8605,#8606);
#8081=AXIS2_PLACEMENT_3D('',#10551,#8608,#8609);
#8082=AXIS2_PLACEMENT_3D('',#10555,#8611,#8612);
#8083=AXIS2_PLACEMENT_3D('',#10556,#8613,#8614);
#8084=AXIS2_PLACEMENT_3D('',#10560,#8616,#8617);
#8085=AXIS2_PLACEMENT_3D('',#10564,#8619,#8620);
#8086=AXIS2_PLACEMENT_3D('',#10565,#8621,#8622);
#8087=AXIS2_PLACEMENT_3D('',#10569,#8624,#8625);
#8088=AXIS2_PLACEMENT_3D('',#10573,#8627,#8628);
#8089=AXIS2_PLACEMENT_3D('',#10574,#8629,#8630);
#8090=AXIS2_PLACEMENT_3D('',#10578,#8632,#8633);
#8091=AXIS2_PLACEMENT_3D('',#10582,#8635,#8636);
#8092=AXIS2_PLACEMENT_3D('',#10583,#8637,#8638);
#8093=AXIS2_PLACEMENT_3D('',#10587,#8640,#8641);
#8094=AXIS2_PLACEMENT_3D('',#10591,#8643,#8644);
#8095=AXIS2_PLACEMENT_3D('',#10592,#8645,#8646);
#8096=AXIS2_PLACEMENT_3D('',#10596,#8648,#8649);
#8097=AXIS2_PLACEMENT_3D('',#10600,#8651,#8652);
#8098=AXIS2_PLACEMENT_3D('',#10601,#8653,#8654);
#8099=AXIS2_PLACEMENT_3D('',#10602,#8655,#8656);
#8100=AXIS2_PLACEMENT_3D('',#10607,#8658,#8659);
#8101=AXIS2_PLACEMENT_3D('',#10610,#8661,#8662);
#8102=AXIS2_PLACEMENT_3D('',#10616,#8666,#8667);
#8103=AXIS2_PLACEMENT_3D('',#10617,#8668,#8669);
#8104=AXIS2_PLACEMENT_3D('',#10621,#8671,#8672);
#8105=AXIS2_PLACEMENT_3D('',#10622,#8673,#8674);
#8106=AXIS2_PLACEMENT_3D('',#10628,#8678,#8679);
#8107=AXIS2_PLACEMENT_3D('',#10629,#8680,#8681);
#8108=AXIS2_PLACEMENT_3D('',#10633,#8683,#8684);
#8109=AXIS2_PLACEMENT_3D('',#10634,#8685,#8686);
#8110=AXIS2_PLACEMENT_3D('',#10640,#8690,#8691);
#8111=AXIS2_PLACEMENT_3D('',#10641,#8692,#8693);
#8112=AXIS2_PLACEMENT_3D('',#10645,#8695,#8696);
#8113=AXIS2_PLACEMENT_3D('',#10646,#8697,#8698);
#8114=AXIS2_PLACEMENT_3D('',#10647,#8699,#8700);
#8115=AXIS2_PLACEMENT_3D('',#10649,#8701,#8702);
#8116=AXIS2_PLACEMENT_3D('',#10651,#8703,#8704);
#8117=AXIS2_PLACEMENT_3D('',#10652,#8705,#8706);
#8118=AXIS2_PLACEMENT_3D('',#10654,#8707,#8708);
#8119=AXIS2_PLACEMENT_3D('',#10656,#8709,#8710);
#8120=AXIS2_PLACEMENT_3D('',#10657,#8711,#8712);
#8121=AXIS2_PLACEMENT_3D('',#10659,#8713,#8714);
#8122=AXIS2_PLACEMENT_3D('',#10661,#8715,#8716);
#8123=AXIS2_PLACEMENT_3D('',#10662,#8717,#8718);
#8124=AXIS2_PLACEMENT_3D('',#10664,#8719,#8720);
#8125=AXIS2_PLACEMENT_3D('',#10666,#8721,#8722);
#8126=AXIS2_PLACEMENT_3D('',#10670,#8724,#8725);
#8127=AXIS2_PLACEMENT_3D('',#10674,#8727,#8728);
#8128=AXIS2_PLACEMENT_3D('',#10675,#8729,#8730);
#8129=AXIS2_PLACEMENT_3D('',#10678,#8733,#8734);
#8130=AXIS2_PLACEMENT_3D('',#11327,#9071,#9072);
#8131=AXIS2_PLACEMENT_3D('',#11976,#9409,#9410);
#8132=AXIS2_PLACEMENT_3D('',#11979,#9413,#9414);
#8133=AXIS2_PLACEMENT_3D('',#11981,#9416,#9417);
#8134=AXIS2_PLACEMENT_3D('',#11983,#9419,#9420);
#8135=AXIS2_PLACEMENT_3D('',#11985,#9422,#9423);
#8136=AXIS2_PLACEMENT_3D('',#11987,#9425,#9426);
#8137=AXIS2_PLACEMENT_3D('',#11988,#9427,#9428);
#8138=AXIS2_PLACEMENT_3D('',#11991,#9431,#9432);
#8139=AXIS2_PLACEMENT_3D('',#11993,#9434,#9435);
#8140=AXIS2_PLACEMENT_3D('',#11995,#9437,#9438);
#8141=AXIS2_PLACEMENT_3D('',#11997,#9440,#9441);
#8142=AXIS2_PLACEMENT_3D('',#11999,#9443,#9444);
#8143=AXIS2_PLACEMENT_3D('',#12000,#9445,#9446);
#8144=AXIS2_PLACEMENT_3D('',#12003,#9449,#9450);
#8145=AXIS2_PLACEMENT_3D('',#12005,#9452,#9453);
#8146=AXIS2_PLACEMENT_3D('',#12007,#9455,#9456);
#8147=AXIS2_PLACEMENT_3D('',#12009,#9458,#9459);
#8148=AXIS2_PLACEMENT_3D('',#12010,#9460,#9461);
#8149=AXIS2_PLACEMENT_3D('',#12011,#9462,#9463);
#8150=AXIS2_PLACEMENT_3D('',#12014,#9466,#9467);
#8151=AXIS2_PLACEMENT_3D('',#12016,#9469,#9470);
#8152=AXIS2_PLACEMENT_3D('',#12018,#9472,#9473);
#8153=AXIS2_PLACEMENT_3D('',#12019,#9474,#9475);
#8154=AXIS2_PLACEMENT_3D('',#12020,#9476,#9477);
#8155=AXIS2_PLACEMENT_3D('',#12023,#9480,#9481);
#8156=AXIS2_PLACEMENT_3D('',#12025,#9483,#9484);
#8157=AXIS2_PLACEMENT_3D('',#12027,#9486,#9487);
#8158=AXIS2_PLACEMENT_3D('',#12028,#9488,#9489);
#8159=AXIS2_PLACEMENT_3D('',#12029,#9490,#9491);
#8160=AXIS2_PLACEMENT_3D('',#12032,#9494,#9495);
#8161=AXIS2_PLACEMENT_3D('',#12034,#9497,#9498);
#8162=AXIS2_PLACEMENT_3D('',#12036,#9500,#9501);
#8163=AXIS2_PLACEMENT_3D('',#12038,#9503,#9504);
#8164=AXIS2_PLACEMENT_3D('',#12040,#9506,#9507);
#8165=AXIS2_PLACEMENT_3D('',#12041,#9508,#9509);
#8166=AXIS2_PLACEMENT_3D('',#12044,#9512,#9513);
#8167=AXIS2_PLACEMENT_3D('',#12046,#9515,#9516);
#8168=AXIS2_PLACEMENT_3D('',#12048,#9518,#9519);
#8169=AXIS2_PLACEMENT_3D('',#12050,#9521,#9522);
#8170=AXIS2_PLACEMENT_3D('',#12052,#9524,#9525);
#8171=AXIS2_PLACEMENT_3D('',#12053,#9526,#9527);
#8172=AXIS2_PLACEMENT_3D('',#12056,#9530,#9531);
#8173=AXIS2_PLACEMENT_3D('',#12058,#9533,#9534);
#8174=AXIS2_PLACEMENT_3D('',#12060,#9536,#9537);
#8175=AXIS2_PLACEMENT_3D('',#12062,#9539,#9540);
#8176=AXIS2_PLACEMENT_3D('',#12064,#9542,#9543);
#8177=AXIS2_PLACEMENT_3D('',#12065,#9544,#9545);
#8178=AXIS2_PLACEMENT_3D('',#12068,#9548,#9549);
#8179=AXIS2_PLACEMENT_3D('',#12070,#9551,#9552);
#8180=AXIS2_PLACEMENT_3D('',#12072,#9554,#9555);
#8181=AXIS2_PLACEMENT_3D('',#12074,#9557,#9558);
#8182=AXIS2_PLACEMENT_3D('',#12076,#9560,#9561);
#8183=AXIS2_PLACEMENT_3D('',#12077,#9562,#9563);
#8184=AXIS2_PLACEMENT_3D('',#12080,#9566,#9567);
#8185=AXIS2_PLACEMENT_3D('',#12082,#9569,#9570);
#8186=AXIS2_PLACEMENT_3D('',#12084,#9572,#9573);
#8187=AXIS2_PLACEMENT_3D('',#12085,#9574,#9575);
#8188=AXIS2_PLACEMENT_3D('',#12086,#9576,#9577);
#8189=AXIS2_PLACEMENT_3D('',#12089,#9580,#9581);
#8190=AXIS2_PLACEMENT_3D('',#12091,#9583,#9584);
#8191=AXIS2_PLACEMENT_3D('',#12093,#9586,#9587);
#8192=AXIS2_PLACEMENT_3D('',#12095,#9589,#9590);
#8193=AXIS2_PLACEMENT_3D('',#12097,#9592,#9593);
#8194=AXIS2_PLACEMENT_3D('',#12098,#9594,#9595);
#8195=AXIS2_PLACEMENT_3D('',#12101,#9598,#9599);
#8196=AXIS2_PLACEMENT_3D('',#12103,#9601,#9602);
#8197=AXIS2_PLACEMENT_3D('',#12105,#9604,#9605);
#8198=AXIS2_PLACEMENT_3D('',#12107,#9607,#9608);
#8199=AXIS2_PLACEMENT_3D('',#12109,#9610,#9611);
#8200=AXIS2_PLACEMENT_3D('',#12110,#9612,#9613);
#8201=AXIS2_PLACEMENT_3D('',#12113,#9616,#9617);
#8202=AXIS2_PLACEMENT_3D('',#12115,#9619,#9620);
#8203=AXIS2_PLACEMENT_3D('',#12117,#9622,#9623);
#8204=AXIS2_PLACEMENT_3D('',#12119,#9625,#9626);
#8205=AXIS2_PLACEMENT_3D('',#12121,#9628,#9629);
#8206=AXIS2_PLACEMENT_3D('',#12122,#9630,#9631);
#8207=AXIS2_PLACEMENT_3D('',#12125,#9634,#9635);
#8208=AXIS2_PLACEMENT_3D('',#12127,#9637,#9638);
#8209=AXIS2_PLACEMENT_3D('',#12129,#9640,#9641);
#8210=AXIS2_PLACEMENT_3D('',#12131,#9643,#9644);
#8211=AXIS2_PLACEMENT_3D('',#12133,#9646,#9647);
#8212=AXIS2_PLACEMENT_3D('',#12134,#9648,#9649);
#8213=AXIS2_PLACEMENT_3D('',#12137,#9652,#9653);
#8214=AXIS2_PLACEMENT_3D('',#12139,#9655,#9656);
#8215=AXIS2_PLACEMENT_3D('',#12141,#9658,#9659);
#8216=AXIS2_PLACEMENT_3D('',#12143,#9661,#9662);
#8217=AXIS2_PLACEMENT_3D('',#12145,#9664,#9665);
#8218=AXIS2_PLACEMENT_3D('',#12146,#9666,#9667);
#8219=AXIS2_PLACEMENT_3D('',#12149,#9670,#9671);
#8220=AXIS2_PLACEMENT_3D('',#12151,#9673,#9674);
#8221=AXIS2_PLACEMENT_3D('',#12153,#9676,#9677);
#8222=AXIS2_PLACEMENT_3D('',#12155,#9679,#9680);
#8223=AXIS2_PLACEMENT_3D('',#12157,#9682,#9683);
#8224=AXIS2_PLACEMENT_3D('',#12158,#9684,#9685);
#8225=AXIS2_PLACEMENT_3D('',#12161,#9688,#9689);
#8226=AXIS2_PLACEMENT_3D('',#12163,#9691,#9692);
#8227=AXIS2_PLACEMENT_3D('',#12165,#9694,#9695);
#8228=AXIS2_PLACEMENT_3D('',#12166,#9696,#9697);
#8229=AXIS2_PLACEMENT_3D('',#12167,#9698,#9699);
#8230=AXIS2_PLACEMENT_3D('',#12170,#9702,#9703);
#8231=AXIS2_PLACEMENT_3D('',#12172,#9705,#9706);
#8232=AXIS2_PLACEMENT_3D('',#12174,#9708,#9709);
#8233=AXIS2_PLACEMENT_3D('',#12176,#9711,#9712);
#8234=AXIS2_PLACEMENT_3D('',#12178,#9714,#9715);
#8235=AXIS2_PLACEMENT_3D('',#12179,#9716,#9717);
#8236=AXIS2_PLACEMENT_3D('',#12182,#9720,#9721);
#8237=AXIS2_PLACEMENT_3D('',#12184,#9723,#9724);
#8238=AXIS2_PLACEMENT_3D('',#12186,#9726,#9727);
#8239=AXIS2_PLACEMENT_3D('',#12188,#9729,#9730);
#8240=AXIS2_PLACEMENT_3D('',#12190,#9732,#9733);
#8241=AXIS2_PLACEMENT_3D('',#12191,#9734,#9735);
#8242=AXIS2_PLACEMENT_3D('',#12194,#9738,#9739);
#8243=AXIS2_PLACEMENT_3D('',#12196,#9741,#9742);
#8244=AXIS2_PLACEMENT_3D('',#12198,#9744,#9745);
#8245=AXIS2_PLACEMENT_3D('',#12200,#9747,#9748);
#8246=AXIS2_PLACEMENT_3D('',#12202,#9750,#9751);
#8247=AXIS2_PLACEMENT_3D('',#12203,#9752,#9753);
#8248=AXIS2_PLACEMENT_3D('',#12206,#9756,#9757);
#8249=AXIS2_PLACEMENT_3D('',#12208,#9759,#9760);
#8250=AXIS2_PLACEMENT_3D('',#12210,#9762,#9763);
#8251=AXIS2_PLACEMENT_3D('',#12212,#9765,#9766);
#8252=AXIS2_PLACEMENT_3D('',#12214,#9768,#9769);
#8253=AXIS2_PLACEMENT_3D('',#12215,#9770,#9771);
#8254=AXIS2_PLACEMENT_3D('',#12218,#9774,#9775);
#8255=AXIS2_PLACEMENT_3D('',#12220,#9777,#9778);
#8256=AXIS2_PLACEMENT_3D('',#12222,#9780,#9781);
#8257=AXIS2_PLACEMENT_3D('',#12224,#9783,#9784);
#8258=AXIS2_PLACEMENT_3D('',#12225,#9785,#9786);
#8259=AXIS2_PLACEMENT_3D('',#12226,#9787,#9788);
#8260=AXIS2_PLACEMENT_3D('',#12229,#9791,#9792);
#8261=AXIS2_PLACEMENT_3D('',#12230,#9793,#9794);
#8262=AXIS2_PLACEMENT_3D('',#12231,#9795,#9796);
#8263=AXIS2_PLACEMENT_3D('',#12234,#9799,#9800);
#8264=AXIS2_PLACEMENT_3D('',#12236,#9802,#9803);
#8265=AXIS2_PLACEMENT_3D('',#12238,#9805,#9806);
#8266=AXIS2_PLACEMENT_3D('',#12239,#9807,#9808);
#8267=AXIS2_PLACEMENT_3D('',#12240,#9809,#9810);
#8268=AXIS2_PLACEMENT_3D('',#12243,#9813,#9814);
#8269=AXIS2_PLACEMENT_3D('',#12245,#9816,#9817);
#8270=AXIS2_PLACEMENT_3D('',#12247,#9819,#9820);
#8271=AXIS2_PLACEMENT_3D('',#12249,#9822,#9823);
#8272=AXIS2_PLACEMENT_3D('',#12250,#9824,#9825);
#8273=AXIS2_PLACEMENT_3D('',#12251,#9826,#9827);
#8274=AXIS2_PLACEMENT_3D('',#12254,#9830,#9831);
#8275=AXIS2_PLACEMENT_3D('',#12256,#9833,#9834);
#8276=AXIS2_PLACEMENT_3D('',#12258,#9836,#9837);
#8277=AXIS2_PLACEMENT_3D('',#12259,#9838,#9839);
#8278=AXIS2_PLACEMENT_3D('',#12260,#9840,#9841);
#8279=AXIS2_PLACEMENT_3D('',#12263,#9844,#9845);
#8280=AXIS2_PLACEMENT_3D('',#12264,#9846,#9847);
#8281=AXIS2_PLACEMENT_3D('',#12265,#9848,#9849);
#8282=AXIS2_PLACEMENT_3D('',#12268,#9852,#9853);
#8283=AXIS2_PLACEMENT_3D('',#12270,#9855,#9856);
#8284=AXIS2_PLACEMENT_3D('',#12272,#9858,#9859);
#8285=AXIS2_PLACEMENT_3D('',#12274,#9861,#9862);
#8286=AXIS2_PLACEMENT_3D('',#12276,#9864,#9865);
#8287=AXIS2_PLACEMENT_3D('',#12277,#9866,#9867);
#8288=AXIS2_PLACEMENT_3D('',#12280,#9870,#9871);
#8289=AXIS2_PLACEMENT_3D('',#12282,#9873,#9874);
#8290=AXIS2_PLACEMENT_3D('',#12284,#9876,#9877);
#8291=AXIS2_PLACEMENT_3D('',#12285,#9878,#9879);
#8292=AXIS2_PLACEMENT_3D('',#12286,#9880,#9881);
#8293=AXIS2_PLACEMENT_3D('',#12289,#9884,#9885);
#8294=AXIS2_PLACEMENT_3D('',#12292,#9888,#9889);
#8295=AXIS2_PLACEMENT_3D('',#12293,#9890,#9891);
#8296=AXIS2_PLACEMENT_3D('',#12294,#9892,#9893);
#8297=AXIS2_PLACEMENT_3D('',#12295,#9894,#9895);
#8298=AXIS2_PLACEMENT_3D('',#12298,#9898,#9899);
#8299=AXIS2_PLACEMENT_3D('',#12300,#9901,#9902);
#8300=AXIS2_PLACEMENT_3D('',#12302,#9904,#9905);
#8301=AXIS2_PLACEMENT_3D('',#12304,#9907,#9908);
#8302=AXIS2_PLACEMENT_3D('',#12306,#9910,#9911);
#8303=AXIS2_PLACEMENT_3D('',#12307,#9912,#9913);
#8304=AXIS2_PLACEMENT_3D('',#12310,#9916,#9917);
#8305=AXIS2_PLACEMENT_3D('',#12312,#9919,#9920);
#8306=AXIS2_PLACEMENT_3D('',#12314,#9922,#9923);
#8307=AXIS2_PLACEMENT_3D('',#12316,#9925,#9926);
#8308=AXIS2_PLACEMENT_3D('',#12318,#9928,#9929);
#8309=AXIS2_PLACEMENT_3D('',#12319,#9930,#9931);
#8310=AXIS2_PLACEMENT_3D('',#12322,#9934,#9935);
#8311=AXIS2_PLACEMENT_3D('',#12324,#9937,#9938);
#8312=AXIS2_PLACEMENT_3D('',#12326,#9940,#9941);
#8313=AXIS2_PLACEMENT_3D('',#12328,#9943,#9944);
#8314=AXIS2_PLACEMENT_3D('',#12330,#9946,#9947);
#8315=AXIS2_PLACEMENT_3D('',#12331,#9948,#9949);
#8316=AXIS2_PLACEMENT_3D('',#12334,#9952,#9953);
#8317=AXIS2_PLACEMENT_3D('',#12335,#9954,#9955);
#8318=AXIS2_PLACEMENT_3D('',#12336,#9956,#9957);
#8319=AXIS2_PLACEMENT_3D('',#12339,#9960,#9961);
#8320=AXIS2_PLACEMENT_3D('',#12341,#9963,#9964);
#8321=AXIS2_PLACEMENT_3D('',#12343,#9966,#9967);
#8322=AXIS2_PLACEMENT_3D('',#12344,#9968,#9969);
#8323=AXIS2_PLACEMENT_3D('',#12345,#9970,#9971);
#8324=AXIS2_PLACEMENT_3D('',#12348,#9974,#9975);
#8325=AXIS2_PLACEMENT_3D('',#12351,#9978,#9979);
#8326=AXIS2_PLACEMENT_3D('',#12353,#9981,#9982);
#8327=AXIS2_PLACEMENT_3D('',#12354,#9983,#9984);
#8328=AXIS2_PLACEMENT_3D('',#12355,#9985,#9986);
#8329=AXIS2_PLACEMENT_3D('',#12356,#9987,#9988);
#8330=AXIS2_PLACEMENT_3D('',#12359,#9991,#9992);
#8331=AXIS2_PLACEMENT_3D('',#12362,#9995,#9996);
#8332=AXIS2_PLACEMENT_3D('',#12363,#9997,#9998);
#8333=AXIS2_PLACEMENT_3D('',#12364,#9999,#10000);
#8334=AXIS2_PLACEMENT_3D('',#12365,#10001,#10002);
#8335=AXIS2_PLACEMENT_3D('',#12368,#10005,#10006);
#8336=AXIS2_PLACEMENT_3D('',#12369,#10007,#10008);
#8337=AXIS2_PLACEMENT_3D('',#12370,#10009,#10010);
#8338=AXIS2_PLACEMENT_3D('',#12373,#10013,#10014);
#8339=AXIS2_PLACEMENT_3D('',#12375,#10016,#10017);
#8340=AXIS2_PLACEMENT_3D('',#12377,#10019,#10020);
#8341=AXIS2_PLACEMENT_3D('',#12379,#10022,#10023);
#8342=AXIS2_PLACEMENT_3D('',#12381,#10025,#10026);
#8343=AXIS2_PLACEMENT_3D('',#12382,#10027,#10028);
#8344=AXIS2_PLACEMENT_3D('',#12385,#10031,#10032);
#8345=AXIS2_PLACEMENT_3D('',#12387,#10034,#10035);
#8346=AXIS2_PLACEMENT_3D('',#12389,#10037,#10038);
#8347=AXIS2_PLACEMENT_3D('',#12391,#10040,#10041);
#8348=AXIS2_PLACEMENT_3D('',#12393,#10043,#10044);
#8349=AXIS2_PLACEMENT_3D('',#12394,#10045,#10046);
#8350=AXIS2_PLACEMENT_3D('',#12397,#10049,#10050);
#8351=AXIS2_PLACEMENT_3D('',#12399,#10052,#10053);
#8352=AXIS2_PLACEMENT_3D('',#12401,#10055,#10056);
#8353=AXIS2_PLACEMENT_3D('',#12402,#10057,#10058);
#8354=AXIS2_PLACEMENT_3D('',#12403,#10059,#10060);
#8355=AXIS2_PLACEMENT_3D('',#12406,#10063,#10064);
#8356=AXIS2_PLACEMENT_3D('',#12407,#10065,#10066);
#8357=AXIS2_PLACEMENT_3D('',#12408,#10067,#10068);
#8358=AXIS2_PLACEMENT_3D('',#12411,#10071,#10072);
#8359=AXIS2_PLACEMENT_3D('',#12413,#10074,#10075);
#8360=AXIS2_PLACEMENT_3D('',#12415,#10077,#10078);
#8361=AXIS2_PLACEMENT_3D('',#12417,#10080,#10081);
#8362=AXIS2_PLACEMENT_3D('',#12419,#10083,#10084);
#8363=AXIS2_PLACEMENT_3D('',#12420,#10085,#10086);
#8364=AXIS2_PLACEMENT_3D('',#12423,#10089,#10090);
#8365=AXIS2_PLACEMENT_3D('',#12425,#10092,#10093);
#8366=AXIS2_PLACEMENT_3D('',#12427,#10095,#10096);
#8367=AXIS2_PLACEMENT_3D('',#12429,#10098,#10099);
#8368=AXIS2_PLACEMENT_3D('',#12431,#10101,#10102);
#8369=AXIS2_PLACEMENT_3D('',#12432,#10103,#10104);
#8370=AXIS2_PLACEMENT_3D('',#12435,#10107,#10108);
#8371=AXIS2_PLACEMENT_3D('',#12436,#10109,#10110);
#8372=AXIS2_PLACEMENT_3D('',#12437,#10111,#10112);
#8373=AXIS2_PLACEMENT_3D('',#12440,#10115,#10116);
#8374=AXIS2_PLACEMENT_3D('',#12442,#10118,#10119);
#8375=AXIS2_PLACEMENT_3D('',#12444,#10121,#10122);
#8376=AXIS2_PLACEMENT_3D('',#12446,#10124,#10125);
#8377=AXIS2_PLACEMENT_3D('',#12448,#10127,#10128);
#8378=AXIS2_PLACEMENT_3D('',#12449,#10129,#10130);
#8379=AXIS2_PLACEMENT_3D('',#12452,#10133,#10134);
#8380=AXIS2_PLACEMENT_3D('',#12454,#10136,#10137);
#8381=AXIS2_PLACEMENT_3D('',#12456,#10139,#10140);
#8382=AXIS2_PLACEMENT_3D('',#12458,#10142,#10143);
#8383=AXIS2_PLACEMENT_3D('',#12460,#10145,#10146);
#8384=AXIS2_PLACEMENT_3D('',#12461,#10147,#10148);
#8385=AXIS2_PLACEMENT_3D('',#12464,#10151,#10152);
#8386=AXIS2_PLACEMENT_3D('',#12466,#10154,#10155);
#8387=AXIS2_PLACEMENT_3D('',#12468,#10157,#10158);
#8388=AXIS2_PLACEMENT_3D('',#12470,#10160,#10161);
#8389=AXIS2_PLACEMENT_3D('',#12472,#10163,#10164);
#8390=AXIS2_PLACEMENT_3D('',#12473,#10165,#10166);
#8391=AXIS2_PLACEMENT_3D('',#12476,#10169,#10170);
#8392=AXIS2_PLACEMENT_3D('',#12478,#10172,#10173);
#8393=AXIS2_PLACEMENT_3D('',#12480,#10175,#10176);
#8394=AXIS2_PLACEMENT_3D('',#12482,#10178,#10179);
#8395=AXIS2_PLACEMENT_3D('',#12484,#10181,#10182);
#8396=AXIS2_PLACEMENT_3D('',#12485,#10183,#10184);
#8397=AXIS2_PLACEMENT_3D('',#12488,#10187,#10188);
#8398=AXIS2_PLACEMENT_3D('',#12490,#10190,#10191);
#8399=AXIS2_PLACEMENT_3D('',#12492,#10193,#10194);
#8400=AXIS2_PLACEMENT_3D('',#12494,#10196,#10197);
#8401=AXIS2_PLACEMENT_3D('',#12495,#10198,#10199);
#8402=AXIS2_PLACEMENT_3D('',#12496,#10200,#10201);
#8403=AXIS2_PLACEMENT_3D('',#12499,#10204,#10205);
#8404=AXIS2_PLACEMENT_3D('',#12501,#10207,#10208);
#8405=AXIS2_PLACEMENT_3D('',#12503,#10210,#10211);
#8406=AXIS2_PLACEMENT_3D('',#12505,#10213,#10214);
#8407=AXIS2_PLACEMENT_3D('',#12507,#10216,#10217);
#8408=AXIS2_PLACEMENT_3D('',#12508,#10218,#10219);
#8409=AXIS2_PLACEMENT_3D('',#12511,#10222,#10223);
#8410=AXIS2_PLACEMENT_3D('',#12513,#10225,#10226);
#8411=AXIS2_PLACEMENT_3D('',#12515,#10228,#10229);
#8412=AXIS2_PLACEMENT_3D('',#12517,#10231,#10232);
#8413=AXIS2_PLACEMENT_3D('',#12519,#10234,#10235);
#8414=AXIS2_PLACEMENT_3D('',#12520,#10236,#10237);
#8415=AXIS2_PLACEMENT_3D('',#12523,#10240,#10241);
#8416=AXIS2_PLACEMENT_3D('',#12525,#10243,#10244);
#8417=AXIS2_PLACEMENT_3D('',#12527,#10246,#10247);
#8418=AXIS2_PLACEMENT_3D('',#12529,#10249,#10250);
#8419=AXIS2_PLACEMENT_3D('',#12531,#10252,#10253);
#8420=AXIS2_PLACEMENT_3D('',#12532,#10254,#10255);
#8421=AXIS2_PLACEMENT_3D('',#12535,#10258,#10259);
#8422=AXIS2_PLACEMENT_3D('',#12537,#10261,#10262);
#8423=AXIS2_PLACEMENT_3D('',#12539,#10264,#10265);
#8424=AXIS2_PLACEMENT_3D('',#12541,#10267,#10268);
#8425=AXIS2_PLACEMENT_3D('',#12543,#10270,#10271);
#8426=AXIS2_PLACEMENT_3D('',#12544,#10272,#10273);
#8427=AXIS2_PLACEMENT_3D('',#12547,#10276,#10277);
#8428=AXIS2_PLACEMENT_3D('',#12549,#10279,#10280);
#8429=AXIS2_PLACEMENT_3D('',#12551,#10282,#10283);
#8430=AXIS2_PLACEMENT_3D('',#12553,#10285,#10286);
#8431=AXIS2_PLACEMENT_3D('',#12555,#10288,#10289);
#8432=AXIS2_PLACEMENT_3D('',#12556,#10290,#10291);
#8433=AXIS2_PLACEMENT_3D('',#12559,#10294,#10295);
#8434=AXIS2_PLACEMENT_3D('',#12561,#10297,#10298);
#8435=AXIS2_PLACEMENT_3D('',#12564,#10301,#10302);
#8436=AXIS2_PLACEMENT_3D('',#12565,#10303,#10304);
#8437=AXIS2_PLACEMENT_3D('',#12566,#10305,#10306);
#8438=AXIS2_PLACEMENT_3D('',#12567,#10307,#10308);
#8439=AXIS2_PLACEMENT_3D('',#12570,#10311,#10312);
#8440=AXIS2_PLACEMENT_3D('',#12572,#10314,#10315);
#8441=AXIS2_PLACEMENT_3D('',#12574,#10317,#10318);
#8442=AXIS2_PLACEMENT_3D('',#12576,#10320,#10321);
#8443=AXIS2_PLACEMENT_3D('',#12578,#10323,#10324);
#8444=AXIS2_PLACEMENT_3D('',#12579,#10325,#10326);
#8445=AXIS2_PLACEMENT_3D('',#12582,#10329,#10330);
#8446=AXIS2_PLACEMENT_3D('',#12584,#10332,#10333);
#8447=AXIS2_PLACEMENT_3D('',#12586,#10335,#10336);
#8448=AXIS2_PLACEMENT_3D('',#12588,#10338,#10339);
#8449=AXIS2_PLACEMENT_3D('',#12590,#10341,#10342);
#8450=AXIS2_PLACEMENT_3D('',#12591,#10343,#10344);
#8451=AXIS2_PLACEMENT_3D('',#12594,#10347,#10348);
#8452=AXIS2_PLACEMENT_3D('',#12596,#10350,#10351);
#8453=AXIS2_PLACEMENT_3D('',#12598,#10353,#10354);
#8454=AXIS2_PLACEMENT_3D('',#12600,#10356,#10357);
#8455=AXIS2_PLACEMENT_3D('',#12602,#10359,#10360);
#8456=AXIS2_PLACEMENT_3D('',#12603,#10361,#10362);
#8457=AXIS2_PLACEMENT_3D('',#12606,#10365,#10366);
#8458=AXIS2_PLACEMENT_3D('',#12608,#10368,#10369);
#8459=AXIS2_PLACEMENT_3D('',#12610,#10371,#10372);
#8460=AXIS2_PLACEMENT_3D('',#12612,#10374,#10375);
#8461=AXIS2_PLACEMENT_3D('',#12614,#10377,#10378);
#8462=AXIS2_PLACEMENT_3D('',#12615,#10379,#10380);
#8463=AXIS2_PLACEMENT_3D('',#12618,#10383,#10384);
#8464=AXIS2_PLACEMENT_3D('',#12620,#10386,#10387);
#8465=AXIS2_PLACEMENT_3D('',#12622,#10389,#10390);
#8466=AXIS2_PLACEMENT_3D('',#12623,#10391,#10392);
#8467=DIRECTION('',(0.,0.,1.));
#8468=DIRECTION('',(1.,0.,0.));
#8469=DIRECTION('',(0.,0.,-1.));
#8470=DIRECTION('',(-1.,0.,0.));
#8471=DIRECTION('',(0.,0.,-1.));
#8472=DIRECTION('',(0.,0.,1.));
#8473=DIRECTION('',(1.,0.,0.));
#8474=DIRECTION('',(0.,0.,-1.));
#8475=DIRECTION('',(0.,0.,1.));
#8476=DIRECTION('',(1.,0.,0.));
#8477=DIRECTION('',(0.,0.,-1.));
#8478=DIRECTION('',(-1.,0.,0.));
#8479=DIRECTION('',(0.,0.,-1.));
#8480=DIRECTION('',(0.,0.,1.));
#8481=DIRECTION('',(1.,0.,0.));
#8482=DIRECTION('',(0.,0.,-1.));
#8483=DIRECTION('',(0.,0.,1.));
#8484=DIRECTION('',(1.,0.,0.));
#8485=DIRECTION('',(0.,0.,-1.));
#8486=DIRECTION('',(-1.,0.,0.));
#8487=DIRECTION('',(0.,0.,-1.));
#8488=DIRECTION('',(0.,0.,1.));
#8489=DIRECTION('',(1.,0.,0.));
#8490=DIRECTION('',(0.,0.,-1.));
#8491=DIRECTION('',(0.,0.,1.));
#8492=DIRECTION('',(1.,0.,0.));
#8493=DIRECTION('',(0.,0.,-1.));
#8494=DIRECTION('',(-1.,0.,0.));
#8495=DIRECTION('',(0.,0.,-1.));
#8496=DIRECTION('',(0.,0.,1.));
#8497=DIRECTION('',(1.,0.,0.));
#8498=DIRECTION('',(0.,0.,-1.));
#8499=DIRECTION('',(0.,0.,1.));
#8500=DIRECTION('',(1.,0.,0.));
#8501=DIRECTION('',(0.,0.,-1.));
#8502=DIRECTION('',(-1.,0.,0.));
#8503=DIRECTION('',(0.,0.,-1.));
#8504=DIRECTION('',(0.,0.,1.));
#8505=DIRECTION('',(1.,0.,0.));
#8506=DIRECTION('',(0.,0.,-1.));
#8507=DIRECTION('',(0.,0.,1.));
#8508=DIRECTION('',(1.,0.,0.));
#8509=DIRECTION('',(0.,0.,-1.));
#8510=DIRECTION('',(-1.,0.,0.));
#8511=DIRECTION('',(0.,0.,-1.));
#8512=DIRECTION('',(0.,0.,1.));
#8513=DIRECTION('',(1.,0.,0.));
#8514=DIRECTION('',(0.,0.,-1.));
#8515=DIRECTION('',(0.,0.,1.));
#8516=DIRECTION('',(1.,0.,0.));
#8517=DIRECTION('',(0.,0.,-1.));
#8518=DIRECTION('',(-1.,0.,0.));
#8519=DIRECTION('',(0.,0.,-1.));
#8520=DIRECTION('',(0.,0.,1.));
#8521=DIRECTION('',(1.,0.,0.));
#8522=DIRECTION('',(0.,0.,-1.));
#8523=DIRECTION('',(0.,0.,1.));
#8524=DIRECTION('',(1.,0.,0.));
#8525=DIRECTION('',(0.,0.,-1.));
#8526=DIRECTION('',(-1.,0.,0.));
#8527=DIRECTION('',(0.,0.,-1.));
#8528=DIRECTION('',(0.,0.,1.));
#8529=DIRECTION('',(1.,0.,0.));
#8530=DIRECTION('',(0.,0.,-1.));
#8531=DIRECTION('',(0.,0.,1.));
#8532=DIRECTION('',(1.,0.,0.));
#8533=DIRECTION('',(0.,0.,-1.));
#8534=DIRECTION('',(-1.,0.,0.));
#8535=DIRECTION('',(0.,0.,-1.));
#8536=DIRECTION('',(0.,0.,1.));
#8537=DIRECTION('',(1.,0.,0.));
#8538=DIRECTION('',(0.,0.,-1.));
#8539=DIRECTION('',(0.,0.,1.));
#8540=DIRECTION('',(1.,0.,0.));
#8541=DIRECTION('',(0.,0.,-1.));
#8542=DIRECTION('',(-1.,0.,0.));
#8543=DIRECTION('',(0.,0.,-1.));
#8544=DIRECTION('',(0.,0.,1.));
#8545=DIRECTION('',(1.,0.,0.));
#8546=DIRECTION('',(0.,0.,-1.));
#8547=DIRECTION('',(0.,0.,1.));
#8548=DIRECTION('',(1.,0.,0.));
#8549=DIRECTION('',(0.,0.,-1.));
#8550=DIRECTION('',(-1.,0.,0.));
#8551=DIRECTION('',(0.,0.,-1.));
#8552=DIRECTION('',(0.,0.,1.));
#8553=DIRECTION('',(1.,0.,0.));
#8554=DIRECTION('',(0.,0.,-1.));
#8555=DIRECTION('',(0.,0.,1.));
#8556=DIRECTION('',(1.,0.,0.));
#8557=DIRECTION('',(0.,0.,-1.));
#8558=DIRECTION('',(-1.,0.,0.));
#8559=DIRECTION('',(0.,0.,-1.));
#8560=DIRECTION('',(0.,0.,1.));
#8561=DIRECTION('',(1.,0.,0.));
#8562=DIRECTION('',(0.,0.,-1.));
#8563=DIRECTION('',(0.,0.,1.));
#8564=DIRECTION('',(1.,0.,0.));
#8565=DIRECTION('',(0.,0.,-1.));
#8566=DIRECTION('',(-1.,0.,0.));
#8567=DIRECTION('',(0.,0.,-1.));
#8568=DIRECTION('',(0.,0.,1.));
#8569=DIRECTION('',(1.,0.,0.));
#8570=DIRECTION('',(0.,0.,-1.));
#8571=DIRECTION('',(0.,0.,1.));
#8572=DIRECTION('',(1.,0.,0.));
#8573=DIRECTION('',(0.,0.,-1.));
#8574=DIRECTION('',(-1.,0.,0.));
#8575=DIRECTION('',(0.,0.,-1.));
#8576=DIRECTION('',(0.,0.,1.));
#8577=DIRECTION('',(1.,0.,0.));
#8578=DIRECTION('',(0.,0.,-1.));
#8579=DIRECTION('',(0.,0.,1.));
#8580=DIRECTION('',(1.,0.,0.));
#8581=DIRECTION('',(0.,0.,-1.));
#8582=DIRECTION('',(-1.,0.,0.));
#8583=DIRECTION('',(0.,0.,-1.));
#8584=DIRECTION('',(0.,0.,1.));
#8585=DIRECTION('',(1.,0.,0.));
#8586=DIRECTION('',(0.,0.,-1.));
#8587=DIRECTION('',(0.,0.,1.));
#8588=DIRECTION('',(1.,0.,0.));
#8589=DIRECTION('',(0.,0.,-1.));
#8590=DIRECTION('',(-1.,0.,0.));
#8591=DIRECTION('',(0.,0.,-1.));
#8592=DIRECTION('',(0.,0.,1.));
#8593=DIRECTION('',(1.,0.,0.));
#8594=DIRECTION('',(0.,0.,-1.));
#8595=DIRECTION('',(0.,0.,1.));
#8596=DIRECTION('',(1.,0.,0.));
#8597=DIRECTION('',(0.,0.,-1.));
#8598=DIRECTION('',(-1.,0.,0.));
#8599=DIRECTION('',(0.,0.,-1.));
#8600=DIRECTION('',(0.,0.,1.));
#8601=DIRECTION('',(1.,0.,0.));
#8602=DIRECTION('',(0.,0.,-1.));
#8603=DIRECTION('',(0.,0.,1.));
#8604=DIRECTION('',(1.,0.,0.));
#8605=DIRECTION('',(0.,0.,-1.));
#8606=DIRECTION('',(-1.,0.,0.));
#8607=DIRECTION('',(0.,0.,-1.));
#8608=DIRECTION('',(0.,0.,1.));
#8609=DIRECTION('',(1.,0.,0.));
#8610=DIRECTION('',(0.,0.,-1.));
#8611=DIRECTION('',(0.,0.,1.));
#8612=DIRECTION('',(1.,0.,0.));
#8613=DIRECTION('',(0.,0.,-1.));
#8614=DIRECTION('',(-1.,0.,0.));
#8615=DIRECTION('',(0.,0.,-1.));
#8616=DIRECTION('',(0.,0.,1.));
#8617=DIRECTION('',(1.,0.,0.));
#8618=DIRECTION('',(0.,0.,-1.));
#8619=DIRECTION('',(0.,0.,1.));
#8620=DIRECTION('',(1.,0.,0.));
#8621=DIRECTION('',(0.,0.,-1.));
#8622=DIRECTION('',(-1.,0.,0.));
#8623=DIRECTION('',(0.,0.,-1.));
#8624=DIRECTION('',(0.,0.,1.));
#8625=DIRECTION('',(1.,0.,0.));
#8626=DIRECTION('',(0.,0.,-1.));
#8627=DIRECTION('',(0.,0.,1.));
#8628=DIRECTION('',(1.,0.,0.));
#8629=DIRECTION('',(0.,0.,-1.));
#8630=DIRECTION('',(-1.,0.,0.));
#8631=DIRECTION('',(0.,0.,-1.));
#8632=DIRECTION('',(0.,0.,1.));
#8633=DIRECTION('',(1.,0.,0.));
#8634=DIRECTION('',(0.,0.,-1.));
#8635=DIRECTION('',(0.,0.,1.));
#8636=DIRECTION('',(1.,0.,0.));
#8637=DIRECTION('',(0.,0.,-1.));
#8638=DIRECTION('',(-1.,0.,0.));
#8639=DIRECTION('',(0.,0.,-1.));
#8640=DIRECTION('',(0.,0.,1.));
#8641=DIRECTION('',(1.,0.,0.));
#8642=DIRECTION('',(0.,0.,-1.));
#8643=DIRECTION('',(0.,0.,1.));
#8644=DIRECTION('',(1.,0.,0.));
#8645=DIRECTION('',(0.,0.,-1.));
#8646=DIRECTION('',(-1.,0.,0.));
#8647=DIRECTION('',(0.,0.,-1.));
#8648=DIRECTION('',(0.,0.,1.));
#8649=DIRECTION('',(1.,0.,0.));
#8650=DIRECTION('',(0.,0.,-1.));
#8651=DIRECTION('',(0.,0.,1.));
#8652=DIRECTION('',(1.,0.,0.));
#8653=DIRECTION('',(0.,0.,-1.));
#8654=DIRECTION('',(-1.,0.,0.));
#8655=DIRECTION('',(0.,0.,1.));
#8656=DIRECTION('',(1.,0.,0.));
#8657=DIRECTION('',(0.,0.,-1.));
#8658=DIRECTION('',(0.,0.,1.));
#8659=DIRECTION('',(1.,0.,0.));
#8660=DIRECTION('',(0.,0.,-1.));
#8661=DIRECTION('',(1.,0.,0.));
#8662=DIRECTION('',(0.,0.,-1.));
#8663=DIRECTION('',(0.,-1.,0.));
#8664=DIRECTION('',(0.,0.,-1.));
#8665=DIRECTION('',(0.,-1.,0.));
#8666=DIRECTION('',(0.,0.,-1.));
#8667=DIRECTION('',(-1.,0.,0.));
#8668=DIRECTION('',(0.,0.,1.));
#8669=DIRECTION('',(1.,0.,0.));
#8670=DIRECTION('',(0.,0.,-1.));
#8671=DIRECTION('',(0.,0.,1.));
#8672=DIRECTION('',(1.,0.,0.));
#8673=DIRECTION('',(0.,1.,0.));
#8674=DIRECTION('',(0.,0.,1.));
#8675=DIRECTION('',(1.,0.,0.));
#8676=DIRECTION('',(0.,0.,-1.));
#8677=DIRECTION('',(1.,0.,0.));
#8678=DIRECTION('',(0.,0.,-1.));
#8679=DIRECTION('',(-1.,0.,0.));
#8680=DIRECTION('',(0.,0.,1.));
#8681=DIRECTION('',(1.,0.,0.));
#8682=DIRECTION('',(0.,0.,-1.));
#8683=DIRECTION('',(0.,0.,1.));
#8684=DIRECTION('',(1.,0.,0.));
#8685=DIRECTION('',(1.,0.,0.));
#8686=DIRECTION('',(0.,0.,-1.));
#8687=DIRECTION('',(0.,-1.,0.));
#8688=DIRECTION('',(0.,0.,-1.));
#8689=DIRECTION('',(0.,-1.,0.));
#8690=DIRECTION('',(0.,0.,-1.));
#8691=DIRECTION('',(-1.,0.,0.));
#8692=DIRECTION('',(0.,0.,1.));
#8693=DIRECTION('',(1.,0.,0.));
#8694=DIRECTION('',(0.,0.,-1.));
#8695=DIRECTION('',(0.,0.,1.));
#8696=DIRECTION('',(1.,0.,0.));
#8697=DIRECTION('',(0.,0.,-1.));
#8698=DIRECTION('',(-1.,0.,0.));
#8699=DIRECTION('',(0.,0.,1.));
#8700=DIRECTION('',(1.,0.,0.));
#8701=DIRECTION('',(0.,0.,1.));
#8702=DIRECTION('',(1.,0.,0.));
#8703=DIRECTION('',(0.,0.,-1.));
#8704=DIRECTION('',(-1.,0.,0.));
#8705=DIRECTION('',(0.,0.,1.));
#8706=DIRECTION('',(1.,0.,0.));
#8707=DIRECTION('',(0.,0.,1.));
#8708=DIRECTION('',(1.,0.,0.));
#8709=DIRECTION('',(0.,0.,-1.));
#8710=DIRECTION('',(-1.,0.,0.));
#8711=DIRECTION('',(0.,0.,1.));
#8712=DIRECTION('',(1.,0.,0.));
#8713=DIRECTION('',(0.,0.,1.));
#8714=DIRECTION('',(1.,0.,0.));
#8715=DIRECTION('',(0.,0.,-1.));
#8716=DIRECTION('',(-1.,0.,0.));
#8717=DIRECTION('',(0.,0.,1.));
#8718=DIRECTION('',(1.,0.,0.));
#8719=DIRECTION('',(0.,0.,1.));
#8720=DIRECTION('',(1.,0.,0.));
#8721=DIRECTION('',(0.,0.,-1.));
#8722=DIRECTION('',(-1.,0.,0.));
#8723=DIRECTION('',(0.,0.,-1.));
#8724=DIRECTION('',(0.,0.,1.));
#8725=DIRECTION('',(1.,0.,0.));
#8726=DIRECTION('',(0.,0.,-1.));
#8727=DIRECTION('',(0.,0.,1.));
#8728=DIRECTION('',(1.,0.,0.));
#8729=DIRECTION('',(0.,1.,0.));
#8730=DIRECTION('',(0.,0.,1.));
#8731=DIRECTION('',(1.,0.,0.));
#8732=DIRECTION('',(1.,0.,0.));
#8733=DIRECTION('',(0.,0.,1.));
#8734=DIRECTION('',(1.,0.,0.));
#8735=DIRECTION('',(0.,-1.,0.));
#8736=DIRECTION('',(-0.866025403784439,-0.5,0.));
#8737=DIRECTION('',(-0.866025403784439,0.5,0.));
#8738=DIRECTION('',(2.50385766456193E-16,1.,0.));
#8739=DIRECTION('',(0.866025403784439,0.5,0.));
#8740=DIRECTION('',(0.866025403784439,-0.5,0.));
#8741=DIRECTION('',(-0.866025403784439,-0.5,0.));
#8742=DIRECTION('',(-0.866025403784439,0.5,0.));
#8743=DIRECTION('',(2.50385766456193E-16,1.,0.));
#8744=DIRECTION('',(0.866025403784439,0.5,0.));
#8745=DIRECTION('',(0.866025403784439,-0.5,0.));
#8746=DIRECTION('',(0.866025403784439,0.5,0.));
#8747=DIRECTION('',(0.866025403784439,-0.5,0.));
#8748=DIRECTION('',(0.,-1.,0.));
#8749=DIRECTION('',(-0.866025403784439,-0.5,0.));
#8750=DIRECTION('',(-0.866025403784439,0.5,0.));
#8751=DIRECTION('',(2.50385766456193E-16,1.,0.));
#8752=DIRECTION('',(0.866025403784439,0.5,0.));
#8753=DIRECTION('',(0.866025403784439,-0.5,0.));
#8754=DIRECTION('',(0.,-1.,0.));
#8755=DIRECTION('',(-0.866025403784439,-0.5,0.));
#8756=DIRECTION('',(-0.866025403784439,0.5,0.));
#8757=DIRECTION('',(0.,-1.,0.));
#8758=DIRECTION('',(-0.866025403784439,-0.5,0.));
#8759=DIRECTION('',(-0.866025403784439,0.5,0.));
#8760=DIRECTION('',(2.50385766456193E-16,1.,0.));
#8761=DIRECTION('',(0.866025403784439,0.5,0.));
#8762=DIRECTION('',(0.866025403784439,-0.5,0.));
#8763=DIRECTION('',(0.,-1.,0.));
#8764=DIRECTION('',(-0.866025403784439,-0.5,0.));
#8765=DIRECTION('',(0.866025403784439,0.5,0.));
#8766=DIRECTION('',(0.866025403784439,-0.5,0.));
#8767=DIRECTION('',(0.,-1.,0.));
#8768=DIRECTION('',(-0.866025403784439,-0.5,0.));
#8769=DIRECTION('',(-0.866025403784439,0.5,0.));
#8770=DIRECTION('',(-0.866025403784439,0.5,0.));
#8771=DIRECTION('',(2.50385766456193E-16,1.,0.));
#8772=DIRECTION('',(0.866025403784439,0.5,0.));
#8773=DIRECTION('',(0.,-1.,0.));
#8774=DIRECTION('',(-0.866025403784439,-0.5,0.));
#8775=DIRECTION('',(-0.866025403784439,0.5,0.));
#8776=DIRECTION('',(0.866025403784439,-0.5,0.));
#8777=DIRECTION('',(0.,-1.,0.));
#8778=DIRECTION('',(-0.866025403784439,-0.5,0.));
#8779=DIRECTION('',(-0.866025403784439,0.5,0.));
#8780=DIRECTION('',(2.50385766456193E-16,1.,0.));
#8781=DIRECTION('',(0.866025403784439,-0.5,0.));
#8782=DIRECTION('',(0.,-1.,0.));
#8783=DIRECTION('',(-0.866025403784439,-0.5,0.));
#8784=DIRECTION('',(-0.866025403784439,0.5,0.));
#8785=DIRECTION('',(2.50385766456193E-16,1.,0.));
#8786=DIRECTION('',(0.866025403784439,-0.5,0.));
#8787=DIRECTION('',(0.,-1.,0.));
#8788=DIRECTION('',(-0.866025403784439,-0.5,0.));
#8789=DIRECTION('',(-0.866025403784439,0.5,0.));
#8790=DIRECTION('',(2.50385766456193E-16,1.,0.));
#8791=DIRECTION('',(0.866025403784439,0.5,0.));
#8792=DIRECTION('',(0.,-1.,0.));
#8793=DIRECTION('',(-0.866025403784439,-0.5,0.));
#8794=DIRECTION('',(-0.866025403784439,0.5,0.));
#8795=DIRECTION('',(2.50385766456193E-16,1.,0.));
#8796=DIRECTION('',(0.866025403784439,0.5,0.));
#8797=DIRECTION('',(-0.866025403784439,-0.5,0.));
#8798=DIRECTION('',(-0.866025403784439,0.5,0.));
#8799=DIRECTION('',(2.50385766456193E-16,1.,0.));
#8800=DIRECTION('',(2.50385766456193E-16,1.,0.));
#8801=DIRECTION('',(0.866025403784439,0.5,0.));
#8802=DIRECTION('',(0.866025403784439,-0.5,0.));
#8803=DIRECTION('',(0.,-1.,0.));
#8804=DIRECTION('',(-0.866025403784439,-0.5,0.));
#8805=DIRECTION('',(0.866025403784439,0.5,0.));
#8806=DIRECTION('',(0.866025403784439,-0.5,0.));
#8807=DIRECTION('',(0.,-1.,0.));
#8808=DIRECTION('',(-0.866025403784439,0.5,0.));
#8809=DIRECTION('',(2.50385766456193E-16,1.,0.));
#8810=DIRECTION('',(0.866025403784439,0.5,0.));
#8811=DIRECTION('',(0.866025403784439,-0.5,0.));
#8812=DIRECTION('',(0.,-1.,0.));
#8813=DIRECTION('',(-0.866025403784439,-0.5,0.));
#8814=DIRECTION('',(-0.866025403784439,0.5,0.));
#8815=DIRECTION('',(2.50385766456193E-16,1.,0.));
#8816=DIRECTION('',(0.866025403784439,0.5,0.));
#8817=DIRECTION('',(0.866025403784439,-0.5,0.));
#8818=DIRECTION('',(0.,-1.,0.));
#8819=DIRECTION('',(2.50385766456193E-16,1.,0.));
#8820=DIRECTION('',(0.866025403784439,0.5,0.));
#8821=DIRECTION('',(0.866025403784439,-0.5,0.));
#8822=DIRECTION('',(-0.866025403784439,0.5,0.));
#8823=DIRECTION('',(2.50385766456193E-16,1.,0.));
#8824=DIRECTION('',(0.866025403784439,0.5,0.));
#8825=DIRECTION('',(0.866025403784439,-0.5,0.));
#8826=DIRECTION('',(0.,-1.,0.));
#8827=DIRECTION('',(-0.866025403784439,-0.5,0.));
#8828=DIRECTION('',(-0.866025403784439,0.5,0.));
#8829=DIRECTION('',(2.50385766456193E-16,1.,0.));
#8830=DIRECTION('',(0.866025403784439,0.5,0.));
#8831=DIRECTION('',(0.866025403784439,-0.5,0.));
#8832=DIRECTION('',(-0.866025403784439,-0.5,0.));
#8833=DIRECTION('',(-0.866025403784439,0.5,0.));
#8834=DIRECTION('',(2.50385766456193E-16,1.,0.));
#8835=DIRECTION('',(0.866025403784439,0.5,0.));
#8836=DIRECTION('',(0.866025403784439,-0.5,0.));
#8837=DIRECTION('',(0.,-1.,0.));
#8838=DIRECTION('',(2.50385766456193E-16,1.,0.));
#8839=DIRECTION('',(0.866025403784439,0.5,0.));
#8840=DIRECTION('',(0.866025403784439,-0.5,0.));
#8841=DIRECTION('',(0.,-1.,0.));
#8842=DIRECTION('',(-0.866025403784439,-0.5,0.));
#8843=DIRECTION('',(-0.866025403784439,0.5,0.));
#8844=DIRECTION('',(-0.866025403784439,-0.5,0.));
#8845=DIRECTION('',(2.50385766456193E-16,1.,0.));
#8846=DIRECTION('',(0.866025403784439,0.5,0.));
#8847=DIRECTION('',(0.866025403784439,-0.5,0.));
#8848=DIRECTION('',(0.,-1.,0.));
#8849=DIRECTION('',(0.866025403784439,-0.5,0.));
#8850=DIRECTION('',(0.,-1.,0.));
#8851=DIRECTION('',(-0.866025403784439,-0.5,0.));
#8852=DIRECTION('',(-0.866025403784439,0.5,0.));
#8853=DIRECTION('',(2.50385766456193E-16,1.,0.));
#8854=DIRECTION('',(0.866025403784439,0.5,0.));
#8855=DIRECTION('',(0.866025403784439,-0.5,0.));
#8856=DIRECTION('',(0.,-1.,0.));
#8857=DIRECTION('',(-0.866025403784439,-0.5,0.));
#8858=DIRECTION('',(-0.866025403784439,0.5,0.));
#8859=DIRECTION('',(2.50385766456193E-16,1.,0.));
#8860=DIRECTION('',(0.866025403784439,0.5,0.));
#8861=DIRECTION('',(0.866025403784439,-0.5,0.));
#8862=DIRECTION('',(0.,-1.,0.));
#8863=DIRECTION('',(-0.866025403784439,-0.5,0.));
#8864=DIRECTION('',(-0.866025403784439,0.5,0.));
#8865=DIRECTION('',(2.50385766456193E-16,1.,0.));
#8866=DIRECTION('',(0.866025403784439,0.5,0.));
#8867=DIRECTION('',(0.866025403784439,-0.5,0.));
#8868=DIRECTION('',(0.,-1.,0.));
#8869=DIRECTION('',(-0.866025403784439,-0.5,0.));
#8870=DIRECTION('',(-0.866025403784439,0.5,0.));
#8871=DIRECTION('',(2.50385766456193E-16,1.,0.));
#8872=DIRECTION('',(0.866025403784439,0.5,0.));
#8873=DIRECTION('',(0.866025403784439,-0.5,0.));
#8874=DIRECTION('',(0.,-1.,0.));
#8875=DIRECTION('',(-0.866025403784439,-0.5,0.));
#8876=DIRECTION('',(-0.866025403784439,0.5,0.));
#8877=DIRECTION('',(2.50385766456193E-16,1.,0.));
#8878=DIRECTION('',(0.866025403784439,0.5,0.));
#8879=DIRECTION('',(0.866025403784439,-0.5,0.));
#8880=DIRECTION('',(0.,-1.,0.));
#8881=DIRECTION('',(-0.866025403784439,-0.5,0.));
#8882=DIRECTION('',(-0.866025403784439,0.5,0.));
#8883=DIRECTION('',(2.50385766456193E-16,1.,0.));
#8884=DIRECTION('',(0.866025403784439,0.5,0.));
#8885=DIRECTION('',(0.866025403784439,-0.5,0.));
#8886=DIRECTION('',(0.,-1.,0.));
#8887=DIRECTION('',(-0.866025403784439,-0.5,0.));
#8888=DIRECTION('',(-0.866025403784439,0.5,0.));
#8889=DIRECTION('',(2.50385766456193E-16,1.,0.));
#8890=DIRECTION('',(0.866025403784439,0.5,0.));
#8891=DIRECTION('',(0.866025403784439,-0.5,0.));
#8892=DIRECTION('',(0.,-1.,0.));
#8893=DIRECTION('',(-0.866025403784439,-0.5,0.));
#8894=DIRECTION('',(-0.866025403784439,0.5,0.));
#8895=DIRECTION('',(2.50385766456193E-16,1.,0.));
#8896=DIRECTION('',(0.866025403784439,0.5,0.));
#8897=DIRECTION('',(0.866025403784439,-0.5,0.));
#8898=DIRECTION('',(0.,-1.,0.));
#8899=DIRECTION('',(-0.866025403784439,-0.5,0.));
#8900=DIRECTION('',(-0.866025403784439,0.5,0.));
#8901=DIRECTION('',(2.50385766456193E-16,1.,0.));
#8902=DIRECTION('',(0.866025403784439,0.5,0.));
#8903=DIRECTION('',(0.866025403784439,-0.5,0.));
#8904=DIRECTION('',(0.,-1.,0.));
#8905=DIRECTION('',(-0.866025403784439,-0.5,0.));
#8906=DIRECTION('',(-0.866025403784439,0.5,0.));
#8907=DIRECTION('',(2.50385766456193E-16,1.,0.));
#8908=DIRECTION('',(0.866025403784439,0.5,0.));
#8909=DIRECTION('',(0.866025403784439,-0.5,0.));
#8910=DIRECTION('',(0.,-1.,0.));
#8911=DIRECTION('',(-0.866025403784439,-0.5,0.));
#8912=DIRECTION('',(-0.866025403784439,0.5,0.));
#8913=DIRECTION('',(2.50385766456193E-16,1.,0.));
#8914=DIRECTION('',(0.866025403784439,0.5,0.));
#8915=DIRECTION('',(0.866025403784439,-0.5,0.));
#8916=DIRECTION('',(0.,-1.,0.));
#8917=DIRECTION('',(-0.866025403784439,-0.5,0.));
#8918=DIRECTION('',(-0.866025403784439,0.5,0.));
#8919=DIRECTION('',(2.50385766456193E-16,1.,0.));
#8920=DIRECTION('',(0.866025403784439,0.5,0.));
#8921=DIRECTION('',(0.866025403784439,-0.5,0.));
#8922=DIRECTION('',(0.,-1.,0.));
#8923=DIRECTION('',(-0.866025403784439,-0.5,0.));
#8924=DIRECTION('',(-0.866025403784439,0.5,0.));
#8925=DIRECTION('',(2.50385766456193E-16,1.,0.));
#8926=DIRECTION('',(0.866025403784439,0.5,0.));
#8927=DIRECTION('',(0.866025403784439,-0.5,0.));
#8928=DIRECTION('',(0.,-1.,0.));
#8929=DIRECTION('',(-0.866025403784439,-0.5,0.));
#8930=DIRECTION('',(-0.866025403784439,0.5,0.));
#8931=DIRECTION('',(2.50385766456193E-16,1.,0.));
#8932=DIRECTION('',(0.866025403784439,0.5,0.));
#8933=DIRECTION('',(0.866025403784439,-0.5,0.));
#8934=DIRECTION('',(0.,-1.,0.));
#8935=DIRECTION('',(-0.866025403784439,-0.5,0.));
#8936=DIRECTION('',(-0.866025403784439,0.5,0.));
#8937=DIRECTION('',(2.50385766456193E-16,1.,0.));
#8938=DIRECTION('',(0.866025403784439,0.5,0.));
#8939=DIRECTION('',(0.866025403784439,-0.5,0.));
#8940=DIRECTION('',(0.,-1.,0.));
#8941=DIRECTION('',(-0.866025403784439,-0.5,0.));
#8942=DIRECTION('',(-0.866025403784439,0.5,0.));
#8943=DIRECTION('',(2.50385766456193E-16,1.,0.));
#8944=DIRECTION('',(0.866025403784439,0.5,0.));
#8945=DIRECTION('',(0.866025403784439,-0.5,0.));
#8946=DIRECTION('',(0.,-1.,0.));
#8947=DIRECTION('',(-0.866025403784439,-0.5,0.));
#8948=DIRECTION('',(-0.866025403784439,0.5,0.));
#8949=DIRECTION('',(2.50385766456193E-16,1.,0.));
#8950=DIRECTION('',(0.866025403784439,0.5,0.));
#8951=DIRECTION('',(0.866025403784439,-0.5,0.));
#8952=DIRECTION('',(0.,-1.,0.));
#8953=DIRECTION('',(-0.866025403784439,-0.5,0.));
#8954=DIRECTION('',(-0.866025403784439,0.5,0.));
#8955=DIRECTION('',(2.50385766456193E-16,1.,0.));
#8956=DIRECTION('',(0.866025403784439,0.5,0.));
#8957=DIRECTION('',(0.866025403784439,-0.5,0.));
#8958=DIRECTION('',(0.,-1.,0.));
#8959=DIRECTION('',(-0.866025403784439,-0.5,0.));
#8960=DIRECTION('',(-0.866025403784439,0.5,0.));
#8961=DIRECTION('',(2.50385766456193E-16,1.,0.));
#8962=DIRECTION('',(0.866025403784439,0.5,0.));
#8963=DIRECTION('',(0.866025403784439,-0.5,0.));
#8964=DIRECTION('',(0.,-1.,0.));
#8965=DIRECTION('',(-0.866025403784439,-0.5,0.));
#8966=DIRECTION('',(-0.866025403784439,0.5,0.));
#8967=DIRECTION('',(2.50385766456193E-16,1.,0.));
#8968=DIRECTION('',(0.866025403784439,0.5,0.));
#8969=DIRECTION('',(0.866025403784439,-0.5,0.));
#8970=DIRECTION('',(0.,-1.,0.));
#8971=DIRECTION('',(-0.866025403784439,-0.5,0.));
#8972=DIRECTION('',(-0.866025403784439,0.5,0.));
#8973=DIRECTION('',(2.50385766456193E-16,1.,0.));
#8974=DIRECTION('',(0.866025403784439,0.5,0.));
#8975=DIRECTION('',(0.866025403784439,-0.5,0.));
#8976=DIRECTION('',(0.,-1.,0.));
#8977=DIRECTION('',(-0.866025403784439,-0.5,0.));
#8978=DIRECTION('',(-0.866025403784439,0.5,0.));
#8979=DIRECTION('',(2.50385766456193E-16,1.,0.));
#8980=DIRECTION('',(0.866025403784439,0.5,0.));
#8981=DIRECTION('',(0.866025403784439,-0.5,0.));
#8982=DIRECTION('',(0.,-1.,0.));
#8983=DIRECTION('',(-0.866025403784439,-0.5,0.));
#8984=DIRECTION('',(-0.866025403784439,0.5,0.));
#8985=DIRECTION('',(2.50385766456193E-16,1.,0.));
#8986=DIRECTION('',(0.866025403784439,0.5,0.));
#8987=DIRECTION('',(0.866025403784439,-0.5,0.));
#8988=DIRECTION('',(0.,-1.,0.));
#8989=DIRECTION('',(-0.866025403784439,-0.5,0.));
#8990=DIRECTION('',(-0.866025403784439,0.5,0.));
#8991=DIRECTION('',(2.50385766456193E-16,1.,0.));
#8992=DIRECTION('',(0.866025403784439,0.5,0.));
#8993=DIRECTION('',(0.866025403784439,-0.5,0.));
#8994=DIRECTION('',(0.,-1.,0.));
#8995=DIRECTION('',(-0.866025403784439,-0.5,0.));
#8996=DIRECTION('',(-0.866025403784439,0.5,0.));
#8997=DIRECTION('',(2.50385766456193E-16,1.,0.));
#8998=DIRECTION('',(0.866025403784439,0.5,0.));
#8999=DIRECTION('',(0.866025403784439,-0.5,0.));
#9000=DIRECTION('',(0.,-1.,0.));
#9001=DIRECTION('',(-0.866025403784439,-0.5,0.));
#9002=DIRECTION('',(-0.866025403784439,0.5,0.));
#9003=DIRECTION('',(2.50385766456193E-16,1.,0.));
#9004=DIRECTION('',(0.866025403784439,0.5,0.));
#9005=DIRECTION('',(0.866025403784439,-0.5,0.));
#9006=DIRECTION('',(0.,-1.,0.));
#9007=DIRECTION('',(-0.866025403784439,-0.5,0.));
#9008=DIRECTION('',(-0.866025403784439,0.5,0.));
#9009=DIRECTION('',(2.50385766456193E-16,1.,0.));
#9010=DIRECTION('',(0.866025403784439,0.5,0.));
#9011=DIRECTION('',(0.866025403784439,-0.5,0.));
#9012=DIRECTION('',(0.,-1.,0.));
#9013=DIRECTION('',(-0.866025403784439,-0.5,0.));
#9014=DIRECTION('',(-0.866025403784439,0.5,0.));
#9015=DIRECTION('',(2.50385766456193E-16,1.,0.));
#9016=DIRECTION('',(0.866025403784439,0.5,0.));
#9017=DIRECTION('',(0.866025403784439,-0.5,0.));
#9018=DIRECTION('',(0.,-1.,0.));
#9019=DIRECTION('',(-0.866025403784439,-0.5,0.));
#9020=DIRECTION('',(-0.866025403784439,0.5,0.));
#9021=DIRECTION('',(2.50385766456193E-16,1.,0.));
#9022=DIRECTION('',(0.866025403784439,0.5,0.));
#9023=DIRECTION('',(0.866025403784439,-0.5,0.));
#9024=DIRECTION('',(0.,-1.,0.));
#9025=DIRECTION('',(-0.866025403784439,-0.5,0.));
#9026=DIRECTION('',(-0.866025403784439,0.5,0.));
#9027=DIRECTION('',(2.50385766456193E-16,1.,0.));
#9028=DIRECTION('',(0.866025403784439,0.5,0.));
#9029=DIRECTION('',(0.866025403784439,-0.5,0.));
#9030=DIRECTION('',(0.,-1.,0.));
#9031=DIRECTION('',(-0.866025403784439,-0.5,0.));
#9032=DIRECTION('',(-0.866025403784439,0.5,0.));
#9033=DIRECTION('',(2.50385766456193E-16,1.,0.));
#9034=DIRECTION('',(0.866025403784439,0.5,0.));
#9035=DIRECTION('',(0.866025403784439,-0.5,0.));
#9036=DIRECTION('',(0.,-1.,0.));
#9037=DIRECTION('',(-0.866025403784439,-0.5,0.));
#9038=DIRECTION('',(-0.866025403784439,0.5,0.));
#9039=DIRECTION('',(2.50385766456193E-16,1.,0.));
#9040=DIRECTION('',(0.866025403784439,0.5,0.));
#9041=DIRECTION('',(0.866025403784439,-0.5,0.));
#9042=DIRECTION('',(0.,-1.,0.));
#9043=DIRECTION('',(-0.866025403784439,-0.5,0.));
#9044=DIRECTION('',(-0.866025403784439,0.5,0.));
#9045=DIRECTION('',(2.50385766456193E-16,1.,0.));
#9046=DIRECTION('',(0.866025403784439,0.5,0.));
#9047=DIRECTION('',(0.866025403784439,-0.5,0.));
#9048=DIRECTION('',(0.,-1.,0.));
#9049=DIRECTION('',(-0.866025403784439,-0.5,0.));
#9050=DIRECTION('',(-0.866025403784439,0.5,0.));
#9051=DIRECTION('',(2.50385766456193E-16,1.,0.));
#9052=DIRECTION('',(0.866025403784439,0.5,0.));
#9053=DIRECTION('',(0.866025403784439,-0.5,0.));
#9054=DIRECTION('',(0.,-1.,0.));
#9055=DIRECTION('',(-0.866025403784439,-0.5,0.));
#9056=DIRECTION('',(-0.866025403784439,0.5,0.));
#9057=DIRECTION('',(2.50385766456193E-16,1.,0.));
#9058=DIRECTION('',(0.866025403784439,0.5,0.));
#9059=DIRECTION('',(0.866025403784439,-0.5,0.));
#9060=DIRECTION('',(0.,-1.,0.));
#9061=DIRECTION('',(-0.866025403784439,-0.5,0.));
#9062=DIRECTION('',(-0.866025403784439,0.5,0.));
#9063=DIRECTION('',(2.50385766456193E-16,1.,0.));
#9064=DIRECTION('',(0.866025403784439,0.5,0.));
#9065=DIRECTION('',(0.866025403784439,-0.5,0.));
#9066=DIRECTION('',(0.,-1.,0.));
#9067=DIRECTION('',(-0.866025403784439,-0.5,0.));
#9068=DIRECTION('',(-0.866025403784439,0.5,0.));
#9069=DIRECTION('',(2.50385766456193E-16,1.,0.));
#9070=DIRECTION('',(0.866025403784439,0.5,0.));
#9071=DIRECTION('',(0.,0.,1.));
#9072=DIRECTION('',(1.,0.,0.));
#9073=DIRECTION('',(0.,-1.,0.));
#9074=DIRECTION('',(0.866025403784439,-0.5,0.));
#9075=DIRECTION('',(0.866025403784439,0.5,0.));
#9076=DIRECTION('',(2.50385766456193E-16,1.,0.));
#9077=DIRECTION('',(-0.866025403784439,0.5,0.));
#9078=DIRECTION('',(-0.866025403784439,-0.5,0.));
#9079=DIRECTION('',(-0.866025403784439,-0.5,0.));
#9080=DIRECTION('',(0.866025403784439,-0.5,0.));
#9081=DIRECTION('',(0.866025403784439,0.5,0.));
#9082=DIRECTION('',(2.50385766456193E-16,1.,0.));
#9083=DIRECTION('',(-0.866025403784439,0.5,0.));
#9084=DIRECTION('',(0.866025403784439,0.5,0.));
#9085=DIRECTION('',(2.50385766456193E-16,1.,0.));
#9086=DIRECTION('',(-0.866025403784439,0.5,0.));
#9087=DIRECTION('',(-0.866025403784439,-0.5,0.));
#9088=DIRECTION('',(0.,-1.,0.));
#9089=DIRECTION('',(0.866025403784439,-0.5,0.));
#9090=DIRECTION('',(0.866025403784439,0.5,0.));
#9091=DIRECTION('',(-0.866025403784439,0.5,0.));
#9092=DIRECTION('',(-0.866025403784439,-0.5,0.));
#9093=DIRECTION('',(0.,-1.,0.));
#9094=DIRECTION('',(0.866025403784439,-0.5,0.));
#9095=DIRECTION('',(0.,-1.,0.));
#9096=DIRECTION('',(0.866025403784439,0.5,0.));
#9097=DIRECTION('',(2.50385766456193E-16,1.,0.));
#9098=DIRECTION('',(-0.866025403784439,0.5,0.));
#9099=DIRECTION('',(-0.866025403784439,-0.5,0.));
#9100=DIRECTION('',(0.866025403784439,-0.5,0.));
#9101=DIRECTION('',(-0.866025403784439,-0.5,0.));
#9102=DIRECTION('',(0.,-1.,0.));
#9103=DIRECTION('',(0.866025403784439,0.5,0.));
#9104=DIRECTION('',(-0.866025403784439,0.5,0.));
#9105=DIRECTION('',(-0.866025403784439,-0.5,0.));
#9106=DIRECTION('',(0.,-1.,0.));
#9107=DIRECTION('',(0.866025403784439,-0.5,0.));
#9108=DIRECTION('',(-0.866025403784439,0.5,0.));
#9109=DIRECTION('',(0.866025403784439,0.5,0.));
#9110=DIRECTION('',(2.50385766456193E-16,1.,0.));
#9111=DIRECTION('',(0.,-1.,0.));
#9112=DIRECTION('',(-0.866025403784439,0.5,0.));
#9113=DIRECTION('',(-0.866025403784439,-0.5,0.));
#9114=DIRECTION('',(0.866025403784439,-0.5,0.));
#9115=DIRECTION('',(2.50385766456193E-16,1.,0.));
#9116=DIRECTION('',(-0.866025403784439,0.5,0.));
#9117=DIRECTION('',(-0.866025403784439,-0.5,0.));
#9118=DIRECTION('',(0.,-1.,0.));
#9119=DIRECTION('',(0.866025403784439,-0.5,0.));
#9120=DIRECTION('',(2.50385766456193E-16,1.,0.));
#9121=DIRECTION('',(-0.866025403784439,0.5,0.));
#9122=DIRECTION('',(-0.866025403784439,-0.5,0.));
#9123=DIRECTION('',(0.,-1.,0.));
#9124=DIRECTION('',(0.866025403784439,-0.5,0.));
#9125=DIRECTION('',(0.866025403784439,0.5,0.));
#9126=DIRECTION('',(2.50385766456193E-16,1.,0.));
#9127=DIRECTION('',(-0.866025403784439,0.5,0.));
#9128=DIRECTION('',(-0.866025403784439,-0.5,0.));
#9129=DIRECTION('',(0.,-1.,0.));
#9130=DIRECTION('',(0.,-1.,0.));
#9131=DIRECTION('',(0.866025403784439,0.5,0.));
#9132=DIRECTION('',(2.50385766456193E-16,1.,0.));
#9133=DIRECTION('',(-0.866025403784439,0.5,0.));
#9134=DIRECTION('',(-0.866025403784439,-0.5,0.));
#9135=DIRECTION('',(-0.866025403784439,-0.5,0.));
#9136=DIRECTION('',(2.50385766456193E-16,1.,0.));
#9137=DIRECTION('',(-0.866025403784439,0.5,0.));
#9138=DIRECTION('',(2.50385766456193E-16,1.,0.));
#9139=DIRECTION('',(-0.866025403784439,-0.5,0.));
#9140=DIRECTION('',(0.,-1.,0.));
#9141=DIRECTION('',(0.866025403784439,-0.5,0.));
#9142=DIRECTION('',(0.866025403784439,0.5,0.));
#9143=DIRECTION('',(0.866025403784439,0.5,0.));
#9144=DIRECTION('',(0.,-1.,0.));
#9145=DIRECTION('',(0.866025403784439,-0.5,0.));
#9146=DIRECTION('',(-0.866025403784439,0.5,0.));
#9147=DIRECTION('',(-0.866025403784439,-0.5,0.));
#9148=DIRECTION('',(0.,-1.,0.));
#9149=DIRECTION('',(0.866025403784439,-0.5,0.));
#9150=DIRECTION('',(0.866025403784439,0.5,0.));
#9151=DIRECTION('',(2.50385766456193E-16,1.,0.));
#9152=DIRECTION('',(-0.866025403784439,0.5,0.));
#9153=DIRECTION('',(0.,-1.,0.));
#9154=DIRECTION('',(0.866025403784439,-0.5,0.));
#9155=DIRECTION('',(0.866025403784439,0.5,0.));
#9156=DIRECTION('',(2.50385766456193E-16,1.,0.));
#9157=DIRECTION('',(2.50385766456193E-16,1.,0.));
#9158=DIRECTION('',(0.866025403784439,-0.5,0.));
#9159=DIRECTION('',(0.866025403784439,0.5,0.));
#9160=DIRECTION('',(-0.866025403784439,0.5,0.));
#9161=DIRECTION('',(0.,-1.,0.));
#9162=DIRECTION('',(0.866025403784439,-0.5,0.));
#9163=DIRECTION('',(0.866025403784439,0.5,0.));
#9164=DIRECTION('',(2.50385766456193E-16,1.,0.));
#9165=DIRECTION('',(-0.866025403784439,-0.5,0.));
#9166=DIRECTION('',(0.866025403784439,-0.5,0.));
#9167=DIRECTION('',(0.866025403784439,0.5,0.));
#9168=DIRECTION('',(2.50385766456193E-16,1.,0.));
#9169=DIRECTION('',(-0.866025403784439,0.5,0.));
#9170=DIRECTION('',(-0.866025403784439,-0.5,0.));
#9171=DIRECTION('',(0.,-1.,0.));
#9172=DIRECTION('',(0.866025403784439,-0.5,0.));
#9173=DIRECTION('',(0.866025403784439,0.5,0.));
#9174=DIRECTION('',(2.50385766456193E-16,1.,0.));
#9175=DIRECTION('',(-0.866025403784439,0.5,0.));
#9176=DIRECTION('',(2.50385766456193E-16,1.,0.));
#9177=DIRECTION('',(-0.866025403784439,0.5,0.));
#9178=DIRECTION('',(-0.866025403784439,-0.5,0.));
#9179=DIRECTION('',(0.,-1.,0.));
#9180=DIRECTION('',(0.866025403784439,-0.5,0.));
#9181=DIRECTION('',(0.866025403784439,0.5,0.));
#9182=DIRECTION('',(-0.866025403784439,-0.5,0.));
#9183=DIRECTION('',(0.,-1.,0.));
#9184=DIRECTION('',(0.866025403784439,-0.5,0.));
#9185=DIRECTION('',(0.866025403784439,0.5,0.));
#9186=DIRECTION('',(2.50385766456193E-16,1.,0.));
#9187=DIRECTION('',(0.,-1.,0.));
#9188=DIRECTION('',(0.866025403784439,-0.5,0.));
#9189=DIRECTION('',(0.866025403784439,0.5,0.));
#9190=DIRECTION('',(2.50385766456193E-16,1.,0.));
#9191=DIRECTION('',(-0.866025403784439,0.5,0.));
#9192=DIRECTION('',(-0.866025403784439,-0.5,0.));
#9193=DIRECTION('',(0.,-1.,0.));
#9194=DIRECTION('',(0.866025403784439,-0.5,0.));
#9195=DIRECTION('',(0.866025403784439,0.5,0.));
#9196=DIRECTION('',(2.50385766456193E-16,1.,0.));
#9197=DIRECTION('',(-0.866025403784439,0.5,0.));
#9198=DIRECTION('',(-0.866025403784439,-0.5,0.));
#9199=DIRECTION('',(0.,-1.,0.));
#9200=DIRECTION('',(0.866025403784439,-0.5,0.));
#9201=DIRECTION('',(0.866025403784439,0.5,0.));
#9202=DIRECTION('',(2.50385766456193E-16,1.,0.));
#9203=DIRECTION('',(-0.866025403784439,0.5,0.));
#9204=DIRECTION('',(-0.866025403784439,-0.5,0.));
#9205=DIRECTION('',(0.,-1.,0.));
#9206=DIRECTION('',(0.866025403784439,-0.5,0.));
#9207=DIRECTION('',(0.866025403784439,0.5,0.));
#9208=DIRECTION('',(2.50385766456193E-16,1.,0.));
#9209=DIRECTION('',(-0.866025403784439,0.5,0.));
#9210=DIRECTION('',(-0.866025403784439,-0.5,0.));
#9211=DIRECTION('',(0.,-1.,0.));
#9212=DIRECTION('',(0.866025403784439,-0.5,0.));
#9213=DIRECTION('',(0.866025403784439,0.5,0.));
#9214=DIRECTION('',(2.50385766456193E-16,1.,0.));
#9215=DIRECTION('',(-0.866025403784439,0.5,0.));
#9216=DIRECTION('',(-0.866025403784439,-0.5,0.));
#9217=DIRECTION('',(0.,-1.,0.));
#9218=DIRECTION('',(0.866025403784439,-0.5,0.));
#9219=DIRECTION('',(0.866025403784439,0.5,0.));
#9220=DIRECTION('',(2.50385766456193E-16,1.,0.));
#9221=DIRECTION('',(-0.866025403784439,0.5,0.));
#9222=DIRECTION('',(-0.866025403784439,-0.5,0.));
#9223=DIRECTION('',(0.,-1.,0.));
#9224=DIRECTION('',(0.866025403784439,-0.5,0.));
#9225=DIRECTION('',(0.866025403784439,0.5,0.));
#9226=DIRECTION('',(2.50385766456193E-16,1.,0.));
#9227=DIRECTION('',(-0.866025403784439,0.5,0.));
#9228=DIRECTION('',(-0.866025403784439,-0.5,0.));
#9229=DIRECTION('',(0.,-1.,0.));
#9230=DIRECTION('',(0.866025403784439,-0.5,0.));
#9231=DIRECTION('',(0.866025403784439,0.5,0.));
#9232=DIRECTION('',(2.50385766456193E-16,1.,0.));
#9233=DIRECTION('',(-0.866025403784439,0.5,0.));
#9234=DIRECTION('',(-0.866025403784439,-0.5,0.));
#9235=DIRECTION('',(0.,-1.,0.));
#9236=DIRECTION('',(0.866025403784439,-0.5,0.));
#9237=DIRECTION('',(0.866025403784439,0.5,0.));
#9238=DIRECTION('',(2.50385766456193E-16,1.,0.));
#9239=DIRECTION('',(-0.866025403784439,0.5,0.));
#9240=DIRECTION('',(-0.866025403784439,-0.5,0.));
#9241=DIRECTION('',(0.,-1.,0.));
#9242=DIRECTION('',(0.866025403784439,-0.5,0.));
#9243=DIRECTION('',(0.866025403784439,0.5,0.));
#9244=DIRECTION('',(2.50385766456193E-16,1.,0.));
#9245=DIRECTION('',(-0.866025403784439,0.5,0.));
#9246=DIRECTION('',(-0.866025403784439,-0.5,0.));
#9247=DIRECTION('',(0.,-1.,0.));
#9248=DIRECTION('',(0.866025403784439,-0.5,0.));
#9249=DIRECTION('',(0.866025403784439,0.5,0.));
#9250=DIRECTION('',(2.50385766456193E-16,1.,0.));
#9251=DIRECTION('',(-0.866025403784439,0.5,0.));
#9252=DIRECTION('',(-0.866025403784439,-0.5,0.));
#9253=DIRECTION('',(0.,-1.,0.));
#9254=DIRECTION('',(0.866025403784439,-0.5,0.));
#9255=DIRECTION('',(0.866025403784439,0.5,0.));
#9256=DIRECTION('',(2.50385766456193E-16,1.,0.));
#9257=DIRECTION('',(-0.866025403784439,0.5,0.));
#9258=DIRECTION('',(-0.866025403784439,-0.5,0.));
#9259=DIRECTION('',(0.,-1.,0.));
#9260=DIRECTION('',(0.866025403784439,-0.5,0.));
#9261=DIRECTION('',(0.866025403784439,0.5,0.));
#9262=DIRECTION('',(2.50385766456193E-16,1.,0.));
#9263=DIRECTION('',(-0.866025403784439,0.5,0.));
#9264=DIRECTION('',(-0.866025403784439,-0.5,0.));
#9265=DIRECTION('',(0.,-1.,0.));
#9266=DIRECTION('',(0.866025403784439,-0.5,0.));
#9267=DIRECTION('',(0.866025403784439,0.5,0.));
#9268=DIRECTION('',(2.50385766456193E-16,1.,0.));
#9269=DIRECTION('',(-0.866025403784439,0.5,0.));
#9270=DIRECTION('',(-0.866025403784439,-0.5,0.));
#9271=DIRECTION('',(0.,-1.,0.));
#9272=DIRECTION('',(0.866025403784439,-0.5,0.));
#9273=DIRECTION('',(0.866025403784439,0.5,0.));
#9274=DIRECTION('',(2.50385766456193E-16,1.,0.));
#9275=DIRECTION('',(-0.866025403784439,0.5,0.));
#9276=DIRECTION('',(-0.866025403784439,-0.5,0.));
#9277=DIRECTION('',(0.,-1.,0.));
#9278=DIRECTION('',(0.866025403784439,-0.5,0.));
#9279=DIRECTION('',(0.866025403784439,0.5,0.));
#9280=DIRECTION('',(2.50385766456193E-16,1.,0.));
#9281=DIRECTION('',(-0.866025403784439,0.5,0.));
#9282=DIRECTION('',(-0.866025403784439,-0.5,0.));
#9283=DIRECTION('',(0.,-1.,0.));
#9284=DIRECTION('',(0.866025403784439,-0.5,0.));
#9285=DIRECTION('',(0.866025403784439,0.5,0.));
#9286=DIRECTION('',(2.50385766456193E-16,1.,0.));
#9287=DIRECTION('',(-0.866025403784439,0.5,0.));
#9288=DIRECTION('',(-0.866025403784439,-0.5,0.));
#9289=DIRECTION('',(0.,-1.,0.));
#9290=DIRECTION('',(0.866025403784439,-0.5,0.));
#9291=DIRECTION('',(0.866025403784439,0.5,0.));
#9292=DIRECTION('',(2.50385766456193E-16,1.,0.));
#9293=DIRECTION('',(-0.866025403784439,0.5,0.));
#9294=DIRECTION('',(-0.866025403784439,-0.5,0.));
#9295=DIRECTION('',(0.,-1.,0.));
#9296=DIRECTION('',(0.866025403784439,-0.5,0.));
#9297=DIRECTION('',(0.866025403784439,0.5,0.));
#9298=DIRECTION('',(2.50385766456193E-16,1.,0.));
#9299=DIRECTION('',(-0.866025403784439,0.5,0.));
#9300=DIRECTION('',(-0.866025403784439,-0.5,0.));
#9301=DIRECTION('',(0.,-1.,0.));
#9302=DIRECTION('',(0.866025403784439,-0.5,0.));
#9303=DIRECTION('',(0.866025403784439,0.5,0.));
#9304=DIRECTION('',(2.50385766456193E-16,1.,0.));
#9305=DIRECTION('',(-0.866025403784439,0.5,0.));
#9306=DIRECTION('',(-0.866025403784439,-0.5,0.));
#9307=DIRECTION('',(0.,-1.,0.));
#9308=DIRECTION('',(0.866025403784439,-0.5,0.));
#9309=DIRECTION('',(0.866025403784439,0.5,0.));
#9310=DIRECTION('',(2.50385766456193E-16,1.,0.));
#9311=DIRECTION('',(-0.866025403784439,0.5,0.));
#9312=DIRECTION('',(-0.866025403784439,-0.5,0.));
#9313=DIRECTION('',(0.,-1.,0.));
#9314=DIRECTION('',(0.866025403784439,-0.5,0.));
#9315=DIRECTION('',(0.866025403784439,0.5,0.));
#9316=DIRECTION('',(2.50385766456193E-16,1.,0.));
#9317=DIRECTION('',(-0.866025403784439,0.5,0.));
#9318=DIRECTION('',(-0.866025403784439,-0.5,0.));
#9319=DIRECTION('',(0.,-1.,0.));
#9320=DIRECTION('',(0.866025403784439,-0.5,0.));
#9321=DIRECTION('',(0.866025403784439,0.5,0.));
#9322=DIRECTION('',(2.50385766456193E-16,1.,0.));
#9323=DIRECTION('',(-0.866025403784439,0.5,0.));
#9324=DIRECTION('',(-0.866025403784439,-0.5,0.));
#9325=DIRECTION('',(0.,-1.,0.));
#9326=DIRECTION('',(0.866025403784439,-0.5,0.));
#9327=DIRECTION('',(0.866025403784439,0.5,0.));
#9328=DIRECTION('',(2.50385766456193E-16,1.,0.));
#9329=DIRECTION('',(-0.866025403784439,0.5,0.));
#9330=DIRECTION('',(-0.866025403784439,-0.5,0.));
#9331=DIRECTION('',(0.,-1.,0.));
#9332=DIRECTION('',(0.866025403784439,-0.5,0.));
#9333=DIRECTION('',(0.866025403784439,0.5,0.));
#9334=DIRECTION('',(2.50385766456193E-16,1.,0.));
#9335=DIRECTION('',(-0.866025403784439,0.5,0.));
#9336=DIRECTION('',(-0.866025403784439,-0.5,0.));
#9337=DIRECTION('',(0.,-1.,0.));
#9338=DIRECTION('',(0.866025403784439,-0.5,0.));
#9339=DIRECTION('',(0.866025403784439,0.5,0.));
#9340=DIRECTION('',(2.50385766456193E-16,1.,0.));
#9341=DIRECTION('',(-0.866025403784439,0.5,0.));
#9342=DIRECTION('',(-0.866025403784439,-0.5,0.));
#9343=DIRECTION('',(0.,-1.,0.));
#9344=DIRECTION('',(0.866025403784439,-0.5,0.));
#9345=DIRECTION('',(0.866025403784439,0.5,0.));
#9346=DIRECTION('',(2.50385766456193E-16,1.,0.));
#9347=DIRECTION('',(-0.866025403784439,0.5,0.));
#9348=DIRECTION('',(-0.866025403784439,-0.5,0.));
#9349=DIRECTION('',(0.,-1.,0.));
#9350=DIRECTION('',(0.866025403784439,-0.5,0.));
#9351=DIRECTION('',(0.866025403784439,0.5,0.));
#9352=DIRECTION('',(2.50385766456193E-16,1.,0.));
#9353=DIRECTION('',(-0.866025403784439,0.5,0.));
#9354=DIRECTION('',(-0.866025403784439,-0.5,0.));
#9355=DIRECTION('',(0.,-1.,0.));
#9356=DIRECTION('',(0.866025403784439,-0.5,0.));
#9357=DIRECTION('',(0.866025403784439,0.5,0.));
#9358=DIRECTION('',(2.50385766456193E-16,1.,0.));
#9359=DIRECTION('',(-0.866025403784439,0.5,0.));
#9360=DIRECTION('',(-0.866025403784439,-0.5,0.));
#9361=DIRECTION('',(0.,-1.,0.));
#9362=DIRECTION('',(0.866025403784439,-0.5,0.));
#9363=DIRECTION('',(0.866025403784439,0.5,0.));
#9364=DIRECTION('',(2.50385766456193E-16,1.,0.));
#9365=DIRECTION('',(-0.866025403784439,0.5,0.));
#9366=DIRECTION('',(-0.866025403784439,-0.5,0.));
#9367=DIRECTION('',(0.,-1.,0.));
#9368=DIRECTION('',(0.866025403784439,-0.5,0.));
#9369=DIRECTION('',(0.866025403784439,0.5,0.));
#9370=DIRECTION('',(2.50385766456193E-16,1.,0.));
#9371=DIRECTION('',(-0.866025403784439,0.5,0.));
#9372=DIRECTION('',(-0.866025403784439,-0.5,0.));
#9373=DIRECTION('',(0.,-1.,0.));
#9374=DIRECTION('',(0.866025403784439,-0.5,0.));
#9375=DIRECTION('',(0.866025403784439,0.5,0.));
#9376=DIRECTION('',(2.50385766456193E-16,1.,0.));
#9377=DIRECTION('',(-0.866025403784439,0.5,0.));
#9378=DIRECTION('',(-0.866025403784439,-0.5,0.));
#9379=DIRECTION('',(0.,-1.,0.));
#9380=DIRECTION('',(0.866025403784439,-0.5,0.));
#9381=DIRECTION('',(0.866025403784439,0.5,0.));
#9382=DIRECTION('',(2.50385766456193E-16,1.,0.));
#9383=DIRECTION('',(-0.866025403784439,0.5,0.));
#9384=DIRECTION('',(-0.866025403784439,-0.5,0.));
#9385=DIRECTION('',(0.,-1.,0.));
#9386=DIRECTION('',(0.866025403784439,-0.5,0.));
#9387=DIRECTION('',(0.866025403784439,0.5,0.));
#9388=DIRECTION('',(2.50385766456193E-16,1.,0.));
#9389=DIRECTION('',(-0.866025403784439,0.5,0.));
#9390=DIRECTION('',(-0.866025403784439,-0.5,0.));
#9391=DIRECTION('',(0.,-1.,0.));
#9392=DIRECTION('',(0.866025403784439,-0.5,0.));
#9393=DIRECTION('',(0.866025403784439,0.5,0.));
#9394=DIRECTION('',(2.50385766456193E-16,1.,0.));
#9395=DIRECTION('',(-0.866025403784439,0.5,0.));
#9396=DIRECTION('',(-0.866025403784439,-0.5,0.));
#9397=DIRECTION('',(0.,-1.,0.));
#9398=DIRECTION('',(0.866025403784439,-0.5,0.));
#9399=DIRECTION('',(0.866025403784439,0.5,0.));
#9400=DIRECTION('',(2.50385766456193E-16,1.,0.));
#9401=DIRECTION('',(-0.866025403784439,0.5,0.));
#9402=DIRECTION('',(-0.866025403784439,-0.5,0.));
#9403=DIRECTION('',(0.,-1.,0.));
#9404=DIRECTION('',(0.866025403784439,-0.5,0.));
#9405=DIRECTION('',(0.866025403784439,0.5,0.));
#9406=DIRECTION('',(2.50385766456193E-16,1.,0.));
#9407=DIRECTION('',(-0.866025403784439,0.5,0.));
#9408=DIRECTION('',(-0.866025403784439,-0.5,0.));
#9409=DIRECTION('',(-1.,0.,0.));
#9410=DIRECTION('',(0.,0.,1.));
#9411=DIRECTION('',(0.,0.,-1.));
#9412=DIRECTION('',(0.,0.,-1.));
#9413=DIRECTION('',(-0.5,-0.866025403784439,0.));
#9414=DIRECTION('',(0.866025403784439,-0.5,0.));
#9415=DIRECTION('',(0.,0.,-1.));
#9416=DIRECTION('',(0.5,-0.866025403784439,0.));
#9417=DIRECTION('',(0.866025403784439,0.5,0.));
#9418=DIRECTION('',(0.,0.,-1.));
#9419=DIRECTION('',(1.,-2.50385766456193E-16,0.));
#9420=DIRECTION('',(2.50385766456193E-16,1.,0.));
#9421=DIRECTION('',(0.,0.,-1.));
#9422=DIRECTION('',(0.5,0.866025403784438,0.));
#9423=DIRECTION('',(-0.866025403784439,0.5,0.));
#9424=DIRECTION('',(0.,0.,-1.));
#9425=DIRECTION('',(-0.5,0.866025403784439,0.));
#9426=DIRECTION('',(-0.866025403784439,-0.5,0.));
#9427=DIRECTION('',(-1.,0.,0.));
#9428=DIRECTION('',(0.,0.,1.));
#9429=DIRECTION('',(0.,0.,-1.));
#9430=DIRECTION('',(0.,0.,-1.));
#9431=DIRECTION('',(-0.5,-0.866025403784439,0.));
#9432=DIRECTION('',(0.866025403784439,-0.5,0.));
#9433=DIRECTION('',(0.,0.,-1.));
#9434=DIRECTION('',(0.5,-0.866025403784439,0.));
#9435=DIRECTION('',(0.866025403784439,0.5,0.));
#9436=DIRECTION('',(0.,0.,-1.));
#9437=DIRECTION('',(1.,-2.50385766456193E-16,0.));
#9438=DIRECTION('',(2.50385766456193E-16,1.,0.));
#9439=DIRECTION('',(0.,0.,-1.));
#9440=DIRECTION('',(0.5,0.866025403784438,0.));
#9441=DIRECTION('',(-0.866025403784439,0.5,0.));
#9442=DIRECTION('',(0.,0.,-1.));
#9443=DIRECTION('',(-0.5,0.866025403784439,0.));
#9444=DIRECTION('',(-0.866025403784439,-0.5,0.));
#9445=DIRECTION('',(-1.,0.,0.));
#9446=DIRECTION('',(0.,0.,1.));
#9447=DIRECTION('',(0.,0.,-1.));
#9448=DIRECTION('',(0.,0.,-1.));
#9449=DIRECTION('',(-0.5,-0.866025403784439,0.));
#9450=DIRECTION('',(0.866025403784439,-0.5,0.));
#9451=DIRECTION('',(0.,0.,-1.));
#9452=DIRECTION('',(0.5,-0.866025403784439,0.));
#9453=DIRECTION('',(0.866025403784439,0.5,0.));
#9454=DIRECTION('',(0.,0.,-1.));
#9455=DIRECTION('',(-0.5,0.866025403784439,0.));
#9456=DIRECTION('',(-0.866025403784439,-0.5,0.));
#9457=DIRECTION('',(0.,0.,-1.));
#9458=DIRECTION('',(1.,-2.50385766456193E-16,0.));
#9459=DIRECTION('',(2.50385766456193E-16,1.,0.));
#9460=DIRECTION('',(0.5,0.866025403784438,0.));
#9461=DIRECTION('',(-0.866025403784439,0.5,0.));
#9462=DIRECTION('',(-0.5,-0.866025403784439,0.));
#9463=DIRECTION('',(0.866025403784439,-0.5,0.));
#9464=DIRECTION('',(0.,0.,-1.));
#9465=DIRECTION('',(0.,0.,-1.));
#9466=DIRECTION('',(0.5,-0.866025403784439,0.));
#9467=DIRECTION('',(0.866025403784439,0.5,0.));
#9468=DIRECTION('',(0.,0.,-1.));
#9469=DIRECTION('',(1.,-2.50385766456193E-16,0.));
#9470=DIRECTION('',(2.50385766456193E-16,1.,0.));
#9471=DIRECTION('',(0.,0.,-1.));
#9472=DIRECTION('',(-1.,0.,0.));
#9473=DIRECTION('',(0.,0.,1.));
#9474=DIRECTION('',(0.5,0.866025403784438,0.));
#9475=DIRECTION('',(-0.866025403784439,0.5,0.));
#9476=DIRECTION('',(-1.,0.,0.));
#9477=DIRECTION('',(0.,0.,1.));
#9478=DIRECTION('',(0.,0.,-1.));
#9479=DIRECTION('',(0.,0.,-1.));
#9480=DIRECTION('',(-0.5,-0.866025403784439,0.));
#9481=DIRECTION('',(0.866025403784439,-0.5,0.));
#9482=DIRECTION('',(0.,0.,-1.));
#9483=DIRECTION('',(0.5,-0.866025403784439,0.));
#9484=DIRECTION('',(0.866025403784439,0.5,0.));
#9485=DIRECTION('',(0.,0.,-1.));
#9486=DIRECTION('',(1.,-2.50385766456193E-16,0.));
#9487=DIRECTION('',(2.50385766456193E-16,1.,0.));
#9488=DIRECTION('',(-0.5,0.866025403784439,0.));
#9489=DIRECTION('',(-0.866025403784439,-0.5,0.));
#9490=DIRECTION('',(-1.,0.,0.));
#9491=DIRECTION('',(0.,0.,1.));
#9492=DIRECTION('',(0.,0.,-1.));
#9493=DIRECTION('',(0.,0.,-1.));
#9494=DIRECTION('',(-0.5,-0.866025403784439,0.));
#9495=DIRECTION('',(0.866025403784439,-0.5,0.));
#9496=DIRECTION('',(0.,0.,-1.));
#9497=DIRECTION('',(0.5,-0.866025403784439,0.));
#9498=DIRECTION('',(0.866025403784439,0.5,0.));
#9499=DIRECTION('',(0.,0.,-1.));
#9500=DIRECTION('',(1.,-2.50385766456193E-16,0.));
#9501=DIRECTION('',(2.50385766456193E-16,1.,0.));
#9502=DIRECTION('',(0.,0.,-1.));
#9503=DIRECTION('',(0.5,0.866025403784438,0.));
#9504=DIRECTION('',(-0.866025403784439,0.5,0.));
#9505=DIRECTION('',(0.,0.,-1.));
#9506=DIRECTION('',(-0.5,0.866025403784439,0.));
#9507=DIRECTION('',(-0.866025403784439,-0.5,0.));
#9508=DIRECTION('',(-1.,0.,0.));
#9509=DIRECTION('',(0.,0.,1.));
#9510=DIRECTION('',(0.,0.,-1.));
#9511=DIRECTION('',(0.,0.,-1.));
#9512=DIRECTION('',(-0.5,-0.866025403784439,0.));
#9513=DIRECTION('',(0.866025403784439,-0.5,0.));
#9514=DIRECTION('',(0.,0.,-1.));
#9515=DIRECTION('',(0.5,-0.866025403784439,0.));
#9516=DIRECTION('',(0.866025403784439,0.5,0.));
#9517=DIRECTION('',(0.,0.,-1.));
#9518=DIRECTION('',(1.,-2.50385766456193E-16,0.));
#9519=DIRECTION('',(2.50385766456193E-16,1.,0.));
#9520=DIRECTION('',(0.,0.,-1.));
#9521=DIRECTION('',(0.5,0.866025403784438,0.));
#9522=DIRECTION('',(-0.866025403784439,0.5,0.));
#9523=DIRECTION('',(0.,0.,-1.));
#9524=DIRECTION('',(-0.5,0.866025403784439,0.));
#9525=DIRECTION('',(-0.866025403784439,-0.5,0.));
#9526=DIRECTION('',(-1.,0.,0.));
#9527=DIRECTION('',(0.,0.,1.));
#9528=DIRECTION('',(0.,0.,-1.));
#9529=DIRECTION('',(0.,0.,-1.));
#9530=DIRECTION('',(-0.5,-0.866025403784439,0.));
#9531=DIRECTION('',(0.866025403784439,-0.5,0.));
#9532=DIRECTION('',(0.,0.,-1.));
#9533=DIRECTION('',(0.5,-0.866025403784439,0.));
#9534=DIRECTION('',(0.866025403784439,0.5,0.));
#9535=DIRECTION('',(0.,0.,-1.));
#9536=DIRECTION('',(1.,-2.50385766456193E-16,0.));
#9537=DIRECTION('',(2.50385766456193E-16,1.,0.));
#9538=DIRECTION('',(0.,0.,-1.));
#9539=DIRECTION('',(0.5,0.866025403784438,0.));
#9540=DIRECTION('',(-0.866025403784439,0.5,0.));
#9541=DIRECTION('',(0.,0.,-1.));
#9542=DIRECTION('',(-0.5,0.866025403784439,0.));
#9543=DIRECTION('',(-0.866025403784439,-0.5,0.));
#9544=DIRECTION('',(-1.,0.,0.));
#9545=DIRECTION('',(0.,0.,1.));
#9546=DIRECTION('',(0.,0.,-1.));
#9547=DIRECTION('',(0.,0.,-1.));
#9548=DIRECTION('',(-0.5,-0.866025403784439,0.));
#9549=DIRECTION('',(0.866025403784439,-0.5,0.));
#9550=DIRECTION('',(0.,0.,-1.));
#9551=DIRECTION('',(0.5,-0.866025403784439,0.));
#9552=DIRECTION('',(0.866025403784439,0.5,0.));
#9553=DIRECTION('',(0.,0.,-1.));
#9554=DIRECTION('',(1.,-2.50385766456193E-16,0.));
#9555=DIRECTION('',(2.50385766456193E-16,1.,0.));
#9556=DIRECTION('',(0.,0.,-1.));
#9557=DIRECTION('',(0.5,0.866025403784438,0.));
#9558=DIRECTION('',(-0.866025403784439,0.5,0.));
#9559=DIRECTION('',(0.,0.,-1.));
#9560=DIRECTION('',(-0.5,0.866025403784439,0.));
#9561=DIRECTION('',(-0.866025403784439,-0.5,0.));
#9562=DIRECTION('',(0.5,-0.866025403784439,0.));
#9563=DIRECTION('',(0.866025403784439,0.5,0.));
#9564=DIRECTION('',(0.,0.,-1.));
#9565=DIRECTION('',(0.,0.,-1.));
#9566=DIRECTION('',(1.,-2.50385766456193E-16,0.));
#9567=DIRECTION('',(2.50385766456193E-16,1.,0.));
#9568=DIRECTION('',(0.,0.,-1.));
#9569=DIRECTION('',(0.5,0.866025403784438,0.));
#9570=DIRECTION('',(-0.866025403784439,0.5,0.));
#9571=DIRECTION('',(0.,0.,-1.));
#9572=DIRECTION('',(-0.5,-0.866025403784439,0.));
#9573=DIRECTION('',(0.866025403784439,-0.5,0.));
#9574=DIRECTION('',(-0.5,0.866025403784439,0.));
#9575=DIRECTION('',(-0.866025403784439,-0.5,0.));
#9576=DIRECTION('',(-1.,0.,0.));
#9577=DIRECTION('',(0.,0.,1.));
#9578=DIRECTION('',(0.,0.,-1.));
#9579=DIRECTION('',(0.,0.,-1.));
#9580=DIRECTION('',(-0.5,-0.866025403784439,0.));
#9581=DIRECTION('',(0.866025403784439,-0.5,0.));
#9582=DIRECTION('',(0.,0.,-1.));
#9583=DIRECTION('',(0.5,-0.866025403784439,0.));
#9584=DIRECTION('',(0.866025403784439,0.5,0.));
#9585=DIRECTION('',(0.,0.,-1.));
#9586=DIRECTION('',(1.,-2.50385766456193E-16,0.));
#9587=DIRECTION('',(2.50385766456193E-16,1.,0.));
#9588=DIRECTION('',(0.,0.,-1.));
#9589=DIRECTION('',(0.5,0.866025403784438,0.));
#9590=DIRECTION('',(-0.866025403784439,0.5,0.));
#9591=DIRECTION('',(0.,0.,-1.));
#9592=DIRECTION('',(-0.5,0.866025403784439,0.));
#9593=DIRECTION('',(-0.866025403784439,-0.5,0.));
#9594=DIRECTION('',(-1.,0.,0.));
#9595=DIRECTION('',(0.,0.,1.));
#9596=DIRECTION('',(0.,0.,-1.));
#9597=DIRECTION('',(0.,0.,-1.));
#9598=DIRECTION('',(-0.5,-0.866025403784439,0.));
#9599=DIRECTION('',(0.866025403784439,-0.5,0.));
#9600=DIRECTION('',(0.,0.,-1.));
#9601=DIRECTION('',(0.5,-0.866025403784439,0.));
#9602=DIRECTION('',(0.866025403784439,0.5,0.));
#9603=DIRECTION('',(0.,0.,-1.));
#9604=DIRECTION('',(1.,-2.50385766456193E-16,0.));
#9605=DIRECTION('',(2.50385766456193E-16,1.,0.));
#9606=DIRECTION('',(0.,0.,-1.));
#9607=DIRECTION('',(0.5,0.866025403784438,0.));
#9608=DIRECTION('',(-0.866025403784439,0.5,0.));
#9609=DIRECTION('',(0.,0.,-1.));
#9610=DIRECTION('',(-0.5,0.866025403784439,0.));
#9611=DIRECTION('',(-0.866025403784439,-0.5,0.));
#9612=DIRECTION('',(-1.,0.,0.));
#9613=DIRECTION('',(0.,0.,1.));
#9614=DIRECTION('',(0.,0.,-1.));
#9615=DIRECTION('',(0.,0.,-1.));
#9616=DIRECTION('',(-0.5,-0.866025403784439,0.));
#9617=DIRECTION('',(0.866025403784439,-0.5,0.));
#9618=DIRECTION('',(0.,0.,-1.));
#9619=DIRECTION('',(0.5,-0.866025403784439,0.));
#9620=DIRECTION('',(0.866025403784439,0.5,0.));
#9621=DIRECTION('',(0.,0.,-1.));
#9622=DIRECTION('',(1.,-2.50385766456193E-16,0.));
#9623=DIRECTION('',(2.50385766456193E-16,1.,0.));
#9624=DIRECTION('',(0.,0.,-1.));
#9625=DIRECTION('',(0.5,0.866025403784438,0.));
#9626=DIRECTION('',(-0.866025403784439,0.5,0.));
#9627=DIRECTION('',(0.,0.,-1.));
#9628=DIRECTION('',(-0.5,0.866025403784439,0.));
#9629=DIRECTION('',(-0.866025403784439,-0.5,0.));
#9630=DIRECTION('',(-1.,0.,0.));
#9631=DIRECTION('',(0.,0.,1.));
#9632=DIRECTION('',(0.,0.,-1.));
#9633=DIRECTION('',(0.,0.,-1.));
#9634=DIRECTION('',(-0.5,-0.866025403784439,0.));
#9635=DIRECTION('',(0.866025403784439,-0.5,0.));
#9636=DIRECTION('',(0.,0.,-1.));
#9637=DIRECTION('',(0.5,-0.866025403784439,0.));
#9638=DIRECTION('',(0.866025403784439,0.5,0.));
#9639=DIRECTION('',(0.,0.,-1.));
#9640=DIRECTION('',(1.,-2.50385766456193E-16,0.));
#9641=DIRECTION('',(2.50385766456193E-16,1.,0.));
#9642=DIRECTION('',(0.,0.,-1.));
#9643=DIRECTION('',(0.5,0.866025403784438,0.));
#9644=DIRECTION('',(-0.866025403784439,0.5,0.));
#9645=DIRECTION('',(0.,0.,-1.));
#9646=DIRECTION('',(-0.5,0.866025403784439,0.));
#9647=DIRECTION('',(-0.866025403784439,-0.5,0.));
#9648=DIRECTION('',(-1.,0.,0.));
#9649=DIRECTION('',(0.,0.,1.));
#9650=DIRECTION('',(0.,0.,-1.));
#9651=DIRECTION('',(0.,0.,-1.));
#9652=DIRECTION('',(-0.5,-0.866025403784439,0.));
#9653=DIRECTION('',(0.866025403784439,-0.5,0.));
#9654=DIRECTION('',(0.,0.,-1.));
#9655=DIRECTION('',(0.5,-0.866025403784439,0.));
#9656=DIRECTION('',(0.866025403784439,0.5,0.));
#9657=DIRECTION('',(0.,0.,-1.));
#9658=DIRECTION('',(1.,-2.50385766456193E-16,0.));
#9659=DIRECTION('',(2.50385766456193E-16,1.,0.));
#9660=DIRECTION('',(0.,0.,-1.));
#9661=DIRECTION('',(0.5,0.866025403784438,0.));
#9662=DIRECTION('',(-0.866025403784439,0.5,0.));
#9663=DIRECTION('',(0.,0.,-1.));
#9664=DIRECTION('',(-0.5,0.866025403784439,0.));
#9665=DIRECTION('',(-0.866025403784439,-0.5,0.));
#9666=DIRECTION('',(-1.,0.,0.));
#9667=DIRECTION('',(0.,0.,1.));
#9668=DIRECTION('',(0.,0.,-1.));
#9669=DIRECTION('',(0.,0.,-1.));
#9670=DIRECTION('',(-0.5,-0.866025403784439,0.));
#9671=DIRECTION('',(0.866025403784439,-0.5,0.));
#9672=DIRECTION('',(0.,0.,-1.));
#9673=DIRECTION('',(0.5,-0.866025403784439,0.));
#9674=DIRECTION('',(0.866025403784439,0.5,0.));
#9675=DIRECTION('',(0.,0.,-1.));
#9676=DIRECTION('',(1.,-2.50385766456193E-16,0.));
#9677=DIRECTION('',(2.50385766456193E-16,1.,0.));
#9678=DIRECTION('',(0.,0.,-1.));
#9679=DIRECTION('',(0.5,0.866025403784438,0.));
#9680=DIRECTION('',(-0.866025403784439,0.5,0.));
#9681=DIRECTION('',(0.,0.,-1.));
#9682=DIRECTION('',(-0.5,0.866025403784439,0.));
#9683=DIRECTION('',(-0.866025403784439,-0.5,0.));
#9684=DIRECTION('',(-1.,0.,0.));
#9685=DIRECTION('',(0.,0.,1.));
#9686=DIRECTION('',(0.,0.,-1.));
#9687=DIRECTION('',(0.,0.,-1.));
#9688=DIRECTION('',(-0.5,-0.866025403784439,0.));
#9689=DIRECTION('',(0.866025403784439,-0.5,0.));
#9690=DIRECTION('',(0.,0.,-1.));
#9691=DIRECTION('',(-0.5,0.866025403784439,0.));
#9692=DIRECTION('',(-0.866025403784439,-0.5,0.));
#9693=DIRECTION('',(0.,0.,-1.));
#9694=DIRECTION('',(0.5,-0.866025403784439,0.));
#9695=DIRECTION('',(0.866025403784439,0.5,0.));
#9696=DIRECTION('',(0.5,0.866025403784438,0.));
#9697=DIRECTION('',(-0.866025403784439,0.5,0.));
#9698=DIRECTION('',(-1.,0.,0.));
#9699=DIRECTION('',(0.,0.,1.));
#9700=DIRECTION('',(0.,0.,-1.));
#9701=DIRECTION('',(0.,0.,-1.));
#9702=DIRECTION('',(-0.5,-0.866025403784439,0.));
#9703=DIRECTION('',(0.866025403784439,-0.5,0.));
#9704=DIRECTION('',(0.,0.,-1.));
#9705=DIRECTION('',(0.5,-0.866025403784439,0.));
#9706=DIRECTION('',(0.866025403784439,0.5,0.));
#9707=DIRECTION('',(0.,0.,-1.));
#9708=DIRECTION('',(1.,-2.50385766456193E-16,0.));
#9709=DIRECTION('',(2.50385766456193E-16,1.,0.));
#9710=DIRECTION('',(0.,0.,-1.));
#9711=DIRECTION('',(0.5,0.866025403784438,0.));
#9712=DIRECTION('',(-0.866025403784439,0.5,0.));
#9713=DIRECTION('',(0.,0.,-1.));
#9714=DIRECTION('',(-0.5,0.866025403784439,0.));
#9715=DIRECTION('',(-0.866025403784439,-0.5,0.));
#9716=DIRECTION('',(-1.,0.,0.));
#9717=DIRECTION('',(0.,0.,1.));
#9718=DIRECTION('',(0.,0.,-1.));
#9719=DIRECTION('',(0.,0.,-1.));
#9720=DIRECTION('',(-0.5,-0.866025403784439,0.));
#9721=DIRECTION('',(0.866025403784439,-0.5,0.));
#9722=DIRECTION('',(0.,0.,-1.));
#9723=DIRECTION('',(0.5,-0.866025403784439,0.));
#9724=DIRECTION('',(0.866025403784439,0.5,0.));
#9725=DIRECTION('',(0.,0.,-1.));
#9726=DIRECTION('',(1.,-2.50385766456193E-16,0.));
#9727=DIRECTION('',(2.50385766456193E-16,1.,0.));
#9728=DIRECTION('',(0.,0.,-1.));
#9729=DIRECTION('',(0.5,0.866025403784438,0.));
#9730=DIRECTION('',(-0.866025403784439,0.5,0.));
#9731=DIRECTION('',(0.,0.,-1.));
#9732=DIRECTION('',(-0.5,0.866025403784439,0.));
#9733=DIRECTION('',(-0.866025403784439,-0.5,0.));
#9734=DIRECTION('',(-1.,0.,0.));
#9735=DIRECTION('',(0.,0.,1.));
#9736=DIRECTION('',(0.,0.,-1.));
#9737=DIRECTION('',(0.,0.,-1.));
#9738=DIRECTION('',(-0.5,-0.866025403784439,0.));
#9739=DIRECTION('',(0.866025403784439,-0.5,0.));
#9740=DIRECTION('',(0.,0.,-1.));
#9741=DIRECTION('',(0.5,-0.866025403784439,0.));
#9742=DIRECTION('',(0.866025403784439,0.5,0.));
#9743=DIRECTION('',(0.,0.,-1.));
#9744=DIRECTION('',(1.,-2.50385766456193E-16,0.));
#9745=DIRECTION('',(2.50385766456193E-16,1.,0.));
#9746=DIRECTION('',(0.,0.,-1.));
#9747=DIRECTION('',(0.5,0.866025403784438,0.));
#9748=DIRECTION('',(-0.866025403784439,0.5,0.));
#9749=DIRECTION('',(0.,0.,-1.));
#9750=DIRECTION('',(-0.5,0.866025403784439,0.));
#9751=DIRECTION('',(-0.866025403784439,-0.5,0.));
#9752=DIRECTION('',(-1.,0.,0.));
#9753=DIRECTION('',(0.,0.,1.));
#9754=DIRECTION('',(0.,0.,-1.));
#9755=DIRECTION('',(0.,0.,-1.));
#9756=DIRECTION('',(-0.5,-0.866025403784439,0.));
#9757=DIRECTION('',(0.866025403784439,-0.5,0.));
#9758=DIRECTION('',(0.,0.,-1.));
#9759=DIRECTION('',(0.5,-0.866025403784439,0.));
#9760=DIRECTION('',(0.866025403784439,0.5,0.));
#9761=DIRECTION('',(0.,0.,-1.));
#9762=DIRECTION('',(1.,-2.50385766456193E-16,0.));
#9763=DIRECTION('',(2.50385766456193E-16,1.,0.));
#9764=DIRECTION('',(0.,0.,-1.));
#9765=DIRECTION('',(0.5,0.866025403784438,0.));
#9766=DIRECTION('',(-0.866025403784439,0.5,0.));
#9767=DIRECTION('',(0.,0.,-1.));
#9768=DIRECTION('',(-0.5,0.866025403784439,0.));
#9769=DIRECTION('',(-0.866025403784439,-0.5,0.));
#9770=DIRECTION('',(-0.5,-0.866025403784439,0.));
#9771=DIRECTION('',(0.866025403784439,-0.5,0.));
#9772=DIRECTION('',(0.,0.,-1.));
#9773=DIRECTION('',(0.,0.,-1.));
#9774=DIRECTION('',(0.5,-0.866025403784439,0.));
#9775=DIRECTION('',(0.866025403784439,0.5,0.));
#9776=DIRECTION('',(0.,0.,-1.));
#9777=DIRECTION('',(1.,-2.50385766456193E-16,0.));
#9778=DIRECTION('',(2.50385766456193E-16,1.,0.));
#9779=DIRECTION('',(0.,0.,-1.));
#9780=DIRECTION('',(0.5,0.866025403784438,0.));
#9781=DIRECTION('',(-0.866025403784439,0.5,0.));
#9782=DIRECTION('',(0.,0.,-1.));
#9783=DIRECTION('',(-1.,0.,0.));
#9784=DIRECTION('',(0.,0.,1.));
#9785=DIRECTION('',(-0.5,0.866025403784439,0.));
#9786=DIRECTION('',(-0.866025403784439,-0.5,0.));
#9787=DIRECTION('',(0.5,-0.866025403784439,0.));
#9788=DIRECTION('',(0.866025403784439,0.5,0.));
#9789=DIRECTION('',(0.,0.,-1.));
#9790=DIRECTION('',(0.,0.,-1.));
#9791=DIRECTION('',(-0.5,-0.866025403784439,0.));
#9792=DIRECTION('',(0.866025403784439,-0.5,0.));
#9793=DIRECTION('',(1.,-2.50385766456193E-16,0.));
#9794=DIRECTION('',(2.50385766456193E-16,1.,0.));
#9795=DIRECTION('',(-0.5,-0.866025403784439,0.));
#9796=DIRECTION('',(0.866025403784439,-0.5,0.));
#9797=DIRECTION('',(0.,0.,-1.));
#9798=DIRECTION('',(0.,0.,-1.));
#9799=DIRECTION('',(0.5,-0.866025403784439,0.));
#9800=DIRECTION('',(0.866025403784439,0.5,0.));
#9801=DIRECTION('',(0.,0.,-1.));
#9802=DIRECTION('',(1.,-2.50385766456193E-16,0.));
#9803=DIRECTION('',(2.50385766456193E-16,1.,0.));
#9804=DIRECTION('',(0.,0.,-1.));
#9805=DIRECTION('',(-1.,0.,0.));
#9806=DIRECTION('',(0.,0.,1.));
#9807=DIRECTION('',(0.5,0.866025403784438,0.));
#9808=DIRECTION('',(-0.866025403784439,0.5,0.));
#9809=DIRECTION('',(-1.,0.,0.));
#9810=DIRECTION('',(0.,0.,1.));
#9811=DIRECTION('',(0.,0.,-1.));
#9812=DIRECTION('',(0.,0.,-1.));
#9813=DIRECTION('',(-0.5,-0.866025403784439,0.));
#9814=DIRECTION('',(0.866025403784439,-0.5,0.));
#9815=DIRECTION('',(0.,0.,-1.));
#9816=DIRECTION('',(0.5,-0.866025403784439,0.));
#9817=DIRECTION('',(0.866025403784439,0.5,0.));
#9818=DIRECTION('',(0.,0.,-1.));
#9819=DIRECTION('',(1.,-2.50385766456193E-16,0.));
#9820=DIRECTION('',(2.50385766456193E-16,1.,0.));
#9821=DIRECTION('',(0.,0.,-1.));
#9822=DIRECTION('',(0.5,0.866025403784438,0.));
#9823=DIRECTION('',(-0.866025403784439,0.5,0.));
#9824=DIRECTION('',(-0.5,0.866025403784439,0.));
#9825=DIRECTION('',(-0.866025403784439,-0.5,0.));
#9826=DIRECTION('',(-1.,0.,0.));
#9827=DIRECTION('',(0.,0.,1.));
#9828=DIRECTION('',(0.,0.,-1.));
#9829=DIRECTION('',(0.,0.,-1.));
#9830=DIRECTION('',(-0.5,-0.866025403784439,0.));
#9831=DIRECTION('',(0.866025403784439,-0.5,0.));
#9832=DIRECTION('',(0.,0.,-1.));
#9833=DIRECTION('',(0.5,-0.866025403784439,0.));
#9834=DIRECTION('',(0.866025403784439,0.5,0.));
#9835=DIRECTION('',(0.,0.,-1.));
#9836=DIRECTION('',(1.,-2.50385766456193E-16,0.));
#9837=DIRECTION('',(2.50385766456193E-16,1.,0.));
#9838=DIRECTION('',(-0.5,0.866025403784439,0.));
#9839=DIRECTION('',(-0.866025403784439,-0.5,0.));
#9840=DIRECTION('',(-0.5,-0.866025403784439,0.));
#9841=DIRECTION('',(0.866025403784439,-0.5,0.));
#9842=DIRECTION('',(0.,0.,-1.));
#9843=DIRECTION('',(0.,0.,-1.));
#9844=DIRECTION('',(-1.,0.,0.));
#9845=DIRECTION('',(0.,0.,1.));
#9846=DIRECTION('',(0.5,-0.866025403784439,0.));
#9847=DIRECTION('',(0.866025403784439,0.5,0.));
#9848=DIRECTION('',(-1.,0.,0.));
#9849=DIRECTION('',(0.,0.,1.));
#9850=DIRECTION('',(0.,0.,-1.));
#9851=DIRECTION('',(0.,0.,-1.));
#9852=DIRECTION('',(-0.5,-0.866025403784439,0.));
#9853=DIRECTION('',(0.866025403784439,-0.5,0.));
#9854=DIRECTION('',(0.,0.,-1.));
#9855=DIRECTION('',(0.5,-0.866025403784439,0.));
#9856=DIRECTION('',(0.866025403784439,0.5,0.));
#9857=DIRECTION('',(0.,0.,-1.));
#9858=DIRECTION('',(1.,-2.50385766456193E-16,0.));
#9859=DIRECTION('',(2.50385766456193E-16,1.,0.));
#9860=DIRECTION('',(0.,0.,-1.));
#9861=DIRECTION('',(0.5,0.866025403784438,0.));
#9862=DIRECTION('',(-0.866025403784439,0.5,0.));
#9863=DIRECTION('',(0.,0.,-1.));
#9864=DIRECTION('',(-0.5,0.866025403784439,0.));
#9865=DIRECTION('',(-0.866025403784439,-0.5,0.));
#9866=DIRECTION('',(1.,-2.50385766456193E-16,0.));
#9867=DIRECTION('',(2.50385766456193E-16,1.,0.));
#9868=DIRECTION('',(0.,0.,-1.));
#9869=DIRECTION('',(0.,0.,-1.));
#9870=DIRECTION('',(0.5,0.866025403784438,0.));
#9871=DIRECTION('',(-0.866025403784439,0.5,0.));
#9872=DIRECTION('',(0.,0.,-1.));
#9873=DIRECTION('',(-0.5,0.866025403784439,0.));
#9874=DIRECTION('',(-0.866025403784439,-0.5,0.));
#9875=DIRECTION('',(0.,0.,-1.));
#9876=DIRECTION('',(-1.,0.,0.));
#9877=DIRECTION('',(0.,0.,1.));
#9878=DIRECTION('',(0.5,-0.866025403784439,0.));
#9879=DIRECTION('',(0.866025403784439,0.5,0.));
#9880=DIRECTION('',(-1.,0.,0.));
#9881=DIRECTION('',(0.,0.,1.));
#9882=DIRECTION('',(0.,0.,-1.));
#9883=DIRECTION('',(0.,0.,-1.));
#9884=DIRECTION('',(0.5,0.866025403784438,0.));
#9885=DIRECTION('',(-0.866025403784439,0.5,0.));
#9886=DIRECTION('',(0.,0.,-1.));
#9887=DIRECTION('',(0.,0.,-1.));
#9888=DIRECTION('',(-0.5,0.866025403784439,0.));
#9889=DIRECTION('',(-0.866025403784439,-0.5,0.));
#9890=DIRECTION('',(-0.5,-0.866025403784439,0.));
#9891=DIRECTION('',(0.866025403784439,-0.5,0.));
#9892=DIRECTION('',(1.,-2.50385766456193E-16,0.));
#9893=DIRECTION('',(2.50385766456193E-16,1.,0.));
#9894=DIRECTION('',(-1.,0.,0.));
#9895=DIRECTION('',(0.,0.,1.));
#9896=DIRECTION('',(0.,0.,-1.));
#9897=DIRECTION('',(0.,0.,-1.));
#9898=DIRECTION('',(-0.5,-0.866025403784439,0.));
#9899=DIRECTION('',(0.866025403784439,-0.5,0.));
#9900=DIRECTION('',(0.,0.,-1.));
#9901=DIRECTION('',(0.5,-0.866025403784439,0.));
#9902=DIRECTION('',(0.866025403784439,0.5,0.));
#9903=DIRECTION('',(0.,0.,-1.));
#9904=DIRECTION('',(1.,-2.50385766456193E-16,0.));
#9905=DIRECTION('',(2.50385766456193E-16,1.,0.));
#9906=DIRECTION('',(0.,0.,-1.));
#9907=DIRECTION('',(0.5,0.866025403784438,0.));
#9908=DIRECTION('',(-0.866025403784439,0.5,0.));
#9909=DIRECTION('',(0.,0.,-1.));
#9910=DIRECTION('',(-0.5,0.866025403784439,0.));
#9911=DIRECTION('',(-0.866025403784439,-0.5,0.));
#9912=DIRECTION('',(-1.,0.,0.));
#9913=DIRECTION('',(0.,0.,1.));
#9914=DIRECTION('',(0.,0.,-1.));
#9915=DIRECTION('',(0.,0.,-1.));
#9916=DIRECTION('',(-0.5,-0.866025403784439,0.));
#9917=DIRECTION('',(0.866025403784439,-0.5,0.));
#9918=DIRECTION('',(0.,0.,-1.));
#9919=DIRECTION('',(0.5,-0.866025403784439,0.));
#9920=DIRECTION('',(0.866025403784439,0.5,0.));
#9921=DIRECTION('',(0.,0.,-1.));
#9922=DIRECTION('',(1.,-2.50385766456193E-16,0.));
#9923=DIRECTION('',(2.50385766456193E-16,1.,0.));
#9924=DIRECTION('',(0.,0.,-1.));
#9925=DIRECTION('',(0.5,0.866025403784438,0.));
#9926=DIRECTION('',(-0.866025403784439,0.5,0.));
#9927=DIRECTION('',(0.,0.,-1.));
#9928=DIRECTION('',(-0.5,0.866025403784439,0.));
#9929=DIRECTION('',(-0.866025403784439,-0.5,0.));
#9930=DIRECTION('',(-1.,0.,0.));
#9931=DIRECTION('',(0.,0.,1.));
#9932=DIRECTION('',(0.,0.,-1.));
#9933=DIRECTION('',(0.,0.,-1.));
#9934=DIRECTION('',(-0.5,-0.866025403784439,0.));
#9935=DIRECTION('',(0.866025403784439,-0.5,0.));
#9936=DIRECTION('',(0.,0.,-1.));
#9937=DIRECTION('',(0.5,-0.866025403784439,0.));
#9938=DIRECTION('',(0.866025403784439,0.5,0.));
#9939=DIRECTION('',(0.,0.,-1.));
#9940=DIRECTION('',(1.,-2.50385766456193E-16,0.));
#9941=DIRECTION('',(2.50385766456193E-16,1.,0.));
#9942=DIRECTION('',(0.,0.,-1.));
#9943=DIRECTION('',(0.5,0.866025403784438,0.));
#9944=DIRECTION('',(-0.866025403784439,0.5,0.));
#9945=DIRECTION('',(0.,0.,-1.));
#9946=DIRECTION('',(-0.5,0.866025403784439,0.));
#9947=DIRECTION('',(-0.866025403784439,-0.5,0.));
#9948=DIRECTION('',(0.5,0.866025403784438,0.));
#9949=DIRECTION('',(-0.866025403784439,0.5,0.));
#9950=DIRECTION('',(0.,0.,-1.));
#9951=DIRECTION('',(0.,0.,-1.));
#9952=DIRECTION('',(1.,-2.50385766456193E-16,0.));
#9953=DIRECTION('',(2.50385766456193E-16,1.,0.));
#9954=DIRECTION('',(-0.5,0.866025403784439,0.));
#9955=DIRECTION('',(-0.866025403784439,-0.5,0.));
#9956=DIRECTION('',(1.,-2.50385766456193E-16,0.));
#9957=DIRECTION('',(2.50385766456193E-16,1.,0.));
#9958=DIRECTION('',(0.,0.,-1.));
#9959=DIRECTION('',(0.,0.,-1.));
#9960=DIRECTION('',(0.5,0.866025403784438,0.));
#9961=DIRECTION('',(-0.866025403784439,0.5,0.));
#9962=DIRECTION('',(0.,0.,-1.));
#9963=DIRECTION('',(-0.5,0.866025403784439,0.));
#9964=DIRECTION('',(-0.866025403784439,-0.5,0.));
#9965=DIRECTION('',(0.,0.,-1.));
#9966=DIRECTION('',(-1.,0.,0.));
#9967=DIRECTION('',(0.,0.,1.));
#9968=DIRECTION('',(0.5,-0.866025403784439,0.));
#9969=DIRECTION('',(0.866025403784439,0.5,0.));
#9970=DIRECTION('',(-1.,0.,0.));
#9971=DIRECTION('',(0.,0.,1.));
#9972=DIRECTION('',(0.,0.,-1.));
#9973=DIRECTION('',(0.,0.,-1.));
#9974=DIRECTION('',(1.,-2.50385766456193E-16,0.));
#9975=DIRECTION('',(2.50385766456193E-16,1.,0.));
#9976=DIRECTION('',(0.,0.,-1.));
#9977=DIRECTION('',(0.,0.,-1.));
#9978=DIRECTION('',(0.5,0.866025403784438,0.));
#9979=DIRECTION('',(-0.866025403784439,0.5,0.));
#9980=DIRECTION('',(0.,0.,-1.));
#9981=DIRECTION('',(-0.5,0.866025403784439,0.));
#9982=DIRECTION('',(-0.866025403784439,-0.5,0.));
#9983=DIRECTION('',(-0.5,-0.866025403784439,0.));
#9984=DIRECTION('',(0.866025403784439,-0.5,0.));
#9985=DIRECTION('',(0.5,-0.866025403784439,0.));
#9986=DIRECTION('',(0.866025403784439,0.5,0.));
#9987=DIRECTION('',(-1.,0.,0.));
#9988=DIRECTION('',(0.,0.,1.));
#9989=DIRECTION('',(0.,0.,-1.));
#9990=DIRECTION('',(0.,0.,-1.));
#9991=DIRECTION('',(0.5,0.866025403784438,0.));
#9992=DIRECTION('',(-0.866025403784439,0.5,0.));
#9993=DIRECTION('',(0.,0.,-1.));
#9994=DIRECTION('',(0.,0.,-1.));
#9995=DIRECTION('',(-0.5,0.866025403784439,0.));
#9996=DIRECTION('',(-0.866025403784439,-0.5,0.));
#9997=DIRECTION('',(-0.5,-0.866025403784439,0.));
#9998=DIRECTION('',(0.866025403784439,-0.5,0.));
#9999=DIRECTION('',(1.,-2.50385766456193E-16,0.));
#10000=DIRECTION('',(2.50385766456193E-16,1.,0.));
#10001=DIRECTION('',(-0.5,0.866025403784439,0.));
#10002=DIRECTION('',(-0.866025403784439,-0.5,0.));
#10003=DIRECTION('',(0.,0.,-1.));
#10004=DIRECTION('',(0.,0.,-1.));
#10005=DIRECTION('',(-1.,0.,0.));
#10006=DIRECTION('',(0.,0.,1.));
#10007=DIRECTION('',(0.5,0.866025403784438,0.));
#10008=DIRECTION('',(-0.866025403784439,0.5,0.));
#10009=DIRECTION('',(-1.,0.,0.));
#10010=DIRECTION('',(0.,0.,1.));
#10011=DIRECTION('',(0.,0.,-1.));
#10012=DIRECTION('',(0.,0.,-1.));
#10013=DIRECTION('',(-0.5,-0.866025403784439,0.));
#10014=DIRECTION('',(0.866025403784439,-0.5,0.));
#10015=DIRECTION('',(0.,0.,-1.));
#10016=DIRECTION('',(0.5,-0.866025403784439,0.));
#10017=DIRECTION('',(0.866025403784439,0.5,0.));
#10018=DIRECTION('',(0.,0.,-1.));
#10019=DIRECTION('',(1.,-2.50385766456193E-16,0.));
#10020=DIRECTION('',(2.50385766456193E-16,1.,0.));
#10021=DIRECTION('',(0.,0.,-1.));
#10022=DIRECTION('',(0.5,0.866025403784438,0.));
#10023=DIRECTION('',(-0.866025403784439,0.5,0.));
#10024=DIRECTION('',(0.,0.,-1.));
#10025=DIRECTION('',(-0.5,0.866025403784439,0.));
#10026=DIRECTION('',(-0.866025403784439,-0.5,0.));
#10027=DIRECTION('',(-1.,0.,0.));
#10028=DIRECTION('',(0.,0.,1.));
#10029=DIRECTION('',(0.,0.,-1.));
#10030=DIRECTION('',(0.,0.,-1.));
#10031=DIRECTION('',(-0.5,-0.866025403784439,0.));
#10032=DIRECTION('',(0.866025403784439,-0.5,0.));
#10033=DIRECTION('',(0.,0.,-1.));
#10034=DIRECTION('',(0.5,-0.866025403784439,0.));
#10035=DIRECTION('',(0.866025403784439,0.5,0.));
#10036=DIRECTION('',(0.,0.,-1.));
#10037=DIRECTION('',(1.,-2.50385766456193E-16,0.));
#10038=DIRECTION('',(2.50385766456193E-16,1.,0.));
#10039=DIRECTION('',(0.,0.,-1.));
#10040=DIRECTION('',(0.5,0.866025403784438,0.));
#10041=DIRECTION('',(-0.866025403784439,0.5,0.));
#10042=DIRECTION('',(0.,0.,-1.));
#10043=DIRECTION('',(-0.5,0.866025403784439,0.));
#10044=DIRECTION('',(-0.866025403784439,-0.5,0.));
#10045=DIRECTION('',(-1.,0.,0.));
#10046=DIRECTION('',(0.,0.,1.));
#10047=DIRECTION('',(0.,0.,-1.));
#10048=DIRECTION('',(0.,0.,-1.));
#10049=DIRECTION('',(-0.5,-0.866025403784439,0.));
#10050=DIRECTION('',(0.866025403784439,-0.5,0.));
#10051=DIRECTION('',(0.,0.,-1.));
#10052=DIRECTION('',(-0.5,0.866025403784439,0.));
#10053=DIRECTION('',(-0.866025403784439,-0.5,0.));
#10054=DIRECTION('',(0.,0.,-1.));
#10055=DIRECTION('',(0.5,-0.866025403784439,0.));
#10056=DIRECTION('',(0.866025403784439,0.5,0.));
#10057=DIRECTION('',(0.5,0.866025403784438,0.));
#10058=DIRECTION('',(-0.866025403784439,0.5,0.));
#10059=DIRECTION('',(1.,-2.50385766456193E-16,0.));
#10060=DIRECTION('',(2.50385766456193E-16,1.,0.));
#10061=DIRECTION('',(0.,0.,-1.));
#10062=DIRECTION('',(0.,0.,-1.));
#10063=DIRECTION('',(0.5,-0.866025403784439,0.));
#10064=DIRECTION('',(0.866025403784439,0.5,0.));
#10065=DIRECTION('',(0.5,0.866025403784438,0.));
#10066=DIRECTION('',(-0.866025403784439,0.5,0.));
#10067=DIRECTION('',(-1.,0.,0.));
#10068=DIRECTION('',(0.,0.,1.));
#10069=DIRECTION('',(0.,0.,-1.));
#10070=DIRECTION('',(0.,0.,-1.));
#10071=DIRECTION('',(-0.5,-0.866025403784439,0.));
#10072=DIRECTION('',(0.866025403784439,-0.5,0.));
#10073=DIRECTION('',(0.,0.,-1.));
#10074=DIRECTION('',(0.5,-0.866025403784439,0.));
#10075=DIRECTION('',(0.866025403784439,0.5,0.));
#10076=DIRECTION('',(0.,0.,-1.));
#10077=DIRECTION('',(1.,-2.50385766456193E-16,0.));
#10078=DIRECTION('',(2.50385766456193E-16,1.,0.));
#10079=DIRECTION('',(0.,0.,-1.));
#10080=DIRECTION('',(0.5,0.866025403784438,0.));
#10081=DIRECTION('',(-0.866025403784439,0.5,0.));
#10082=DIRECTION('',(0.,0.,-1.));
#10083=DIRECTION('',(-0.5,0.866025403784439,0.));
#10084=DIRECTION('',(-0.866025403784439,-0.5,0.));
#10085=DIRECTION('',(-1.,0.,0.));
#10086=DIRECTION('',(0.,0.,1.));
#10087=DIRECTION('',(0.,0.,-1.));
#10088=DIRECTION('',(0.,0.,-1.));
#10089=DIRECTION('',(-0.5,-0.866025403784439,0.));
#10090=DIRECTION('',(0.866025403784439,-0.5,0.));
#10091=DIRECTION('',(0.,0.,-1.));
#10092=DIRECTION('',(0.5,-0.866025403784439,0.));
#10093=DIRECTION('',(0.866025403784439,0.5,0.));
#10094=DIRECTION('',(0.,0.,-1.));
#10095=DIRECTION('',(1.,-2.50385766456193E-16,0.));
#10096=DIRECTION('',(2.50385766456193E-16,1.,0.));
#10097=DIRECTION('',(0.,0.,-1.));
#10098=DIRECTION('',(0.5,0.866025403784438,0.));
#10099=DIRECTION('',(-0.866025403784439,0.5,0.));
#10100=DIRECTION('',(0.,0.,-1.));
#10101=DIRECTION('',(-0.5,0.866025403784439,0.));
#10102=DIRECTION('',(-0.866025403784439,-0.5,0.));
#10103=DIRECTION('',(-1.,0.,0.));
#10104=DIRECTION('',(0.,0.,1.));
#10105=DIRECTION('',(0.,0.,-1.));
#10106=DIRECTION('',(0.,0.,-1.));
#10107=DIRECTION('',(-0.5,-0.866025403784439,0.));
#10108=DIRECTION('',(0.866025403784439,-0.5,0.));
#10109=DIRECTION('',(-0.5,0.866025403784439,0.));
#10110=DIRECTION('',(-0.866025403784439,-0.5,0.));
#10111=DIRECTION('',(-1.,0.,0.));
#10112=DIRECTION('',(0.,0.,1.));
#10113=DIRECTION('',(0.,0.,-1.));
#10114=DIRECTION('',(0.,0.,-1.));
#10115=DIRECTION('',(-0.5,-0.866025403784439,0.));
#10116=DIRECTION('',(0.866025403784439,-0.5,0.));
#10117=DIRECTION('',(0.,0.,-1.));
#10118=DIRECTION('',(0.5,-0.866025403784439,0.));
#10119=DIRECTION('',(0.866025403784439,0.5,0.));
#10120=DIRECTION('',(0.,0.,-1.));
#10121=DIRECTION('',(1.,-2.50385766456193E-16,0.));
#10122=DIRECTION('',(2.50385766456193E-16,1.,0.));
#10123=DIRECTION('',(0.,0.,-1.));
#10124=DIRECTION('',(0.5,0.866025403784438,0.));
#10125=DIRECTION('',(-0.866025403784439,0.5,0.));
#10126=DIRECTION('',(0.,0.,-1.));
#10127=DIRECTION('',(-0.5,0.866025403784439,0.));
#10128=DIRECTION('',(-0.866025403784439,-0.5,0.));
#10129=DIRECTION('',(-1.,0.,0.));
#10130=DIRECTION('',(0.,0.,1.));
#10131=DIRECTION('',(0.,0.,-1.));
#10132=DIRECTION('',(0.,0.,-1.));
#10133=DIRECTION('',(-0.5,-0.866025403784439,0.));
#10134=DIRECTION('',(0.866025403784439,-0.5,0.));
#10135=DIRECTION('',(0.,0.,-1.));
#10136=DIRECTION('',(0.5,-0.866025403784439,0.));
#10137=DIRECTION('',(0.866025403784439,0.5,0.));
#10138=DIRECTION('',(0.,0.,-1.));
#10139=DIRECTION('',(1.,-2.50385766456193E-16,0.));
#10140=DIRECTION('',(2.50385766456193E-16,1.,0.));
#10141=DIRECTION('',(0.,0.,-1.));
#10142=DIRECTION('',(0.5,0.866025403784438,0.));
#10143=DIRECTION('',(-0.866025403784439,0.5,0.));
#10144=DIRECTION('',(0.,0.,-1.));
#10145=DIRECTION('',(-0.5,0.866025403784439,0.));
#10146=DIRECTION('',(-0.866025403784439,-0.5,0.));
#10147=DIRECTION('',(-1.,0.,0.));
#10148=DIRECTION('',(0.,0.,1.));
#10149=DIRECTION('',(0.,0.,-1.));
#10150=DIRECTION('',(0.,0.,-1.));
#10151=DIRECTION('',(-0.5,-0.866025403784439,0.));
#10152=DIRECTION('',(0.866025403784439,-0.5,0.));
#10153=DIRECTION('',(0.,0.,-1.));
#10154=DIRECTION('',(0.5,-0.866025403784439,0.));
#10155=DIRECTION('',(0.866025403784439,0.5,0.));
#10156=DIRECTION('',(0.,0.,-1.));
#10157=DIRECTION('',(1.,-2.50385766456193E-16,0.));
#10158=DIRECTION('',(2.50385766456193E-16,1.,0.));
#10159=DIRECTION('',(0.,0.,-1.));
#10160=DIRECTION('',(0.5,0.866025403784438,0.));
#10161=DIRECTION('',(-0.866025403784439,0.5,0.));
#10162=DIRECTION('',(0.,0.,-1.));
#10163=DIRECTION('',(-0.5,0.866025403784439,0.));
#10164=DIRECTION('',(-0.866025403784439,-0.5,0.));
#10165=DIRECTION('',(-1.,0.,0.));
#10166=DIRECTION('',(0.,0.,1.));
#10167=DIRECTION('',(0.,0.,-1.));
#10168=DIRECTION('',(0.,0.,-1.));
#10169=DIRECTION('',(-0.5,-0.866025403784439,0.));
#10170=DIRECTION('',(0.866025403784439,-0.5,0.));
#10171=DIRECTION('',(0.,0.,-1.));
#10172=DIRECTION('',(0.5,-0.866025403784439,0.));
#10173=DIRECTION('',(0.866025403784439,0.5,0.));
#10174=DIRECTION('',(0.,0.,-1.));
#10175=DIRECTION('',(1.,-2.50385766456193E-16,0.));
#10176=DIRECTION('',(2.50385766456193E-16,1.,0.));
#10177=DIRECTION('',(0.,0.,-1.));
#10178=DIRECTION('',(0.5,0.866025403784438,0.));
#10179=DIRECTION('',(-0.866025403784439,0.5,0.));
#10180=DIRECTION('',(0.,0.,-1.));
#10181=DIRECTION('',(-0.5,0.866025403784439,0.));
#10182=DIRECTION('',(-0.866025403784439,-0.5,0.));
#10183=DIRECTION('',(0.5,-0.866025403784439,0.));
#10184=DIRECTION('',(0.866025403784439,0.5,0.));
#10185=DIRECTION('',(0.,0.,-1.));
#10186=DIRECTION('',(0.,0.,-1.));
#10187=DIRECTION('',(1.,-2.50385766456193E-16,0.));
#10188=DIRECTION('',(2.50385766456193E-16,1.,0.));
#10189=DIRECTION('',(0.,0.,-1.));
#10190=DIRECTION('',(0.5,0.866025403784438,0.));
#10191=DIRECTION('',(-0.866025403784439,0.5,0.));
#10192=DIRECTION('',(0.,0.,-1.));
#10193=DIRECTION('',(-0.5,0.866025403784439,0.));
#10194=DIRECTION('',(-0.866025403784439,-0.5,0.));
#10195=DIRECTION('',(0.,0.,-1.));
#10196=DIRECTION('',(-1.,0.,0.));
#10197=DIRECTION('',(0.,0.,1.));
#10198=DIRECTION('',(-0.5,-0.866025403784439,0.));
#10199=DIRECTION('',(0.866025403784439,-0.5,0.));
#10200=DIRECTION('',(-1.,0.,0.));
#10201=DIRECTION('',(0.,0.,1.));
#10202=DIRECTION('',(0.,0.,-1.));
#10203=DIRECTION('',(0.,0.,-1.));
#10204=DIRECTION('',(-0.5,-0.866025403784439,0.));
#10205=DIRECTION('',(0.866025403784439,-0.5,0.));
#10206=DIRECTION('',(0.,0.,-1.));
#10207=DIRECTION('',(0.5,-0.866025403784439,0.));
#10208=DIRECTION('',(0.866025403784439,0.5,0.));
#10209=DIRECTION('',(0.,0.,-1.));
#10210=DIRECTION('',(1.,-2.50385766456193E-16,0.));
#10211=DIRECTION('',(2.50385766456193E-16,1.,0.));
#10212=DIRECTION('',(0.,0.,-1.));
#10213=DIRECTION('',(0.5,0.866025403784438,0.));
#10214=DIRECTION('',(-0.866025403784439,0.5,0.));
#10215=DIRECTION('',(0.,0.,-1.));
#10216=DIRECTION('',(-0.5,0.866025403784439,0.));
#10217=DIRECTION('',(-0.866025403784439,-0.5,0.));
#10218=DIRECTION('',(-1.,0.,0.));
#10219=DIRECTION('',(0.,0.,1.));
#10220=DIRECTION('',(0.,0.,-1.));
#10221=DIRECTION('',(0.,0.,-1.));
#10222=DIRECTION('',(-0.5,-0.866025403784439,0.));
#10223=DIRECTION('',(0.866025403784439,-0.5,0.));
#10224=DIRECTION('',(0.,0.,-1.));
#10225=DIRECTION('',(0.5,-0.866025403784439,0.));
#10226=DIRECTION('',(0.866025403784439,0.5,0.));
#10227=DIRECTION('',(0.,0.,-1.));
#10228=DIRECTION('',(1.,-2.50385766456193E-16,0.));
#10229=DIRECTION('',(2.50385766456193E-16,1.,0.));
#10230=DIRECTION('',(0.,0.,-1.));
#10231=DIRECTION('',(0.5,0.866025403784438,0.));
#10232=DIRECTION('',(-0.866025403784439,0.5,0.));
#10233=DIRECTION('',(0.,0.,-1.));
#10234=DIRECTION('',(-0.5,0.866025403784439,0.));
#10235=DIRECTION('',(-0.866025403784439,-0.5,0.));
#10236=DIRECTION('',(-1.,0.,0.));
#10237=DIRECTION('',(0.,0.,1.));
#10238=DIRECTION('',(0.,0.,-1.));
#10239=DIRECTION('',(0.,0.,-1.));
#10240=DIRECTION('',(-0.5,-0.866025403784439,0.));
#10241=DIRECTION('',(0.866025403784439,-0.5,0.));
#10242=DIRECTION('',(0.,0.,-1.));
#10243=DIRECTION('',(0.5,-0.866025403784439,0.));
#10244=DIRECTION('',(0.866025403784439,0.5,0.));
#10245=DIRECTION('',(0.,0.,-1.));
#10246=DIRECTION('',(1.,-2.50385766456193E-16,0.));
#10247=DIRECTION('',(2.50385766456193E-16,1.,0.));
#10248=DIRECTION('',(0.,0.,-1.));
#10249=DIRECTION('',(0.5,0.866025403784438,0.));
#10250=DIRECTION('',(-0.866025403784439,0.5,0.));
#10251=DIRECTION('',(0.,0.,-1.));
#10252=DIRECTION('',(-0.5,0.866025403784439,0.));
#10253=DIRECTION('',(-0.866025403784439,-0.5,0.));
#10254=DIRECTION('',(-1.,0.,0.));
#10255=DIRECTION('',(0.,0.,1.));
#10256=DIRECTION('',(0.,0.,-1.));
#10257=DIRECTION('',(0.,0.,-1.));
#10258=DIRECTION('',(-0.5,-0.866025403784439,0.));
#10259=DIRECTION('',(0.866025403784439,-0.5,0.));
#10260=DIRECTION('',(0.,0.,-1.));
#10261=DIRECTION('',(0.5,-0.866025403784439,0.));
#10262=DIRECTION('',(0.866025403784439,0.5,0.));
#10263=DIRECTION('',(0.,0.,-1.));
#10264=DIRECTION('',(1.,-2.50385766456193E-16,0.));
#10265=DIRECTION('',(2.50385766456193E-16,1.,0.));
#10266=DIRECTION('',(0.,0.,-1.));
#10267=DIRECTION('',(0.5,0.866025403784438,0.));
#10268=DIRECTION('',(-0.866025403784439,0.5,0.));
#10269=DIRECTION('',(0.,0.,-1.));
#10270=DIRECTION('',(-0.5,0.866025403784439,0.));
#10271=DIRECTION('',(-0.866025403784439,-0.5,0.));
#10272=DIRECTION('',(-1.,0.,0.));
#10273=DIRECTION('',(0.,0.,1.));
#10274=DIRECTION('',(0.,0.,-1.));
#10275=DIRECTION('',(0.,0.,-1.));
#10276=DIRECTION('',(-0.5,-0.866025403784439,0.));
#10277=DIRECTION('',(0.866025403784439,-0.5,0.));
#10278=DIRECTION('',(0.,0.,-1.));
#10279=DIRECTION('',(0.5,-0.866025403784439,0.));
#10280=DIRECTION('',(0.866025403784439,0.5,0.));
#10281=DIRECTION('',(0.,0.,-1.));
#10282=DIRECTION('',(1.,-2.50385766456193E-16,0.));
#10283=DIRECTION('',(2.50385766456193E-16,1.,0.));
#10284=DIRECTION('',(0.,0.,-1.));
#10285=DIRECTION('',(0.5,0.866025403784438,0.));
#10286=DIRECTION('',(-0.866025403784439,0.5,0.));
#10287=DIRECTION('',(0.,0.,-1.));
#10288=DIRECTION('',(-0.5,0.866025403784439,0.));
#10289=DIRECTION('',(-0.866025403784439,-0.5,0.));
#10290=DIRECTION('',(-1.,0.,0.));
#10291=DIRECTION('',(0.,0.,1.));
#10292=DIRECTION('',(0.,0.,-1.));
#10293=DIRECTION('',(0.,0.,-1.));
#10294=DIRECTION('',(-0.5,-0.866025403784439,0.));
#10295=DIRECTION('',(0.866025403784439,-0.5,0.));
#10296=DIRECTION('',(0.,0.,-1.));
#10297=DIRECTION('',(0.5,0.866025403784438,0.));
#10298=DIRECTION('',(-0.866025403784439,0.5,0.));
#10299=DIRECTION('',(0.,0.,-1.));
#10300=DIRECTION('',(0.,0.,-1.));
#10301=DIRECTION('',(-0.5,0.866025403784439,0.));
#10302=DIRECTION('',(-0.866025403784439,-0.5,0.));
#10303=DIRECTION('',(0.5,-0.866025403784439,0.));
#10304=DIRECTION('',(0.866025403784439,0.5,0.));
#10305=DIRECTION('',(1.,-2.50385766456193E-16,0.));
#10306=DIRECTION('',(2.50385766456193E-16,1.,0.));
#10307=DIRECTION('',(-1.,0.,0.));
#10308=DIRECTION('',(0.,0.,1.));
#10309=DIRECTION('',(0.,0.,-1.));
#10310=DIRECTION('',(0.,0.,-1.));
#10311=DIRECTION('',(-0.5,-0.866025403784439,0.));
#10312=DIRECTION('',(0.866025403784439,-0.5,0.));
#10313=DIRECTION('',(0.,0.,-1.));
#10314=DIRECTION('',(0.5,-0.866025403784439,0.));
#10315=DIRECTION('',(0.866025403784439,0.5,0.));
#10316=DIRECTION('',(0.,0.,-1.));
#10317=DIRECTION('',(1.,-2.50385766456193E-16,0.));
#10318=DIRECTION('',(2.50385766456193E-16,1.,0.));
#10319=DIRECTION('',(0.,0.,-1.));
#10320=DIRECTION('',(0.5,0.866025403784438,0.));
#10321=DIRECTION('',(-0.866025403784439,0.5,0.));
#10322=DIRECTION('',(0.,0.,-1.));
#10323=DIRECTION('',(-0.5,0.866025403784439,0.));
#10324=DIRECTION('',(-0.866025403784439,-0.5,0.));
#10325=DIRECTION('',(-1.,0.,0.));
#10326=DIRECTION('',(0.,0.,1.));
#10327=DIRECTION('',(0.,0.,-1.));
#10328=DIRECTION('',(0.,0.,-1.));
#10329=DIRECTION('',(-0.5,-0.866025403784439,0.));
#10330=DIRECTION('',(0.866025403784439,-0.5,0.));
#10331=DIRECTION('',(0.,0.,-1.));
#10332=DIRECTION('',(0.5,-0.866025403784439,0.));
#10333=DIRECTION('',(0.866025403784439,0.5,0.));
#10334=DIRECTION('',(0.,0.,-1.));
#10335=DIRECTION('',(1.,-2.50385766456193E-16,0.));
#10336=DIRECTION('',(2.50385766456193E-16,1.,0.));
#10337=DIRECTION('',(0.,0.,-1.));
#10338=DIRECTION('',(0.5,0.866025403784438,0.));
#10339=DIRECTION('',(-0.866025403784439,0.5,0.));
#10340=DIRECTION('',(0.,0.,-1.));
#10341=DIRECTION('',(-0.5,0.866025403784439,0.));
#10342=DIRECTION('',(-0.866025403784439,-0.5,0.));
#10343=DIRECTION('',(-1.,0.,0.));
#10344=DIRECTION('',(0.,0.,1.));
#10345=DIRECTION('',(0.,0.,-1.));
#10346=DIRECTION('',(0.,0.,-1.));
#10347=DIRECTION('',(-0.5,-0.866025403784439,0.));
#10348=DIRECTION('',(0.866025403784439,-0.5,0.));
#10349=DIRECTION('',(0.,0.,-1.));
#10350=DIRECTION('',(0.5,-0.866025403784439,0.));
#10351=DIRECTION('',(0.866025403784439,0.5,0.));
#10352=DIRECTION('',(0.,0.,-1.));
#10353=DIRECTION('',(1.,-2.50385766456193E-16,0.));
#10354=DIRECTION('',(2.50385766456193E-16,1.,0.));
#10355=DIRECTION('',(0.,0.,-1.));
#10356=DIRECTION('',(0.5,0.866025403784438,0.));
#10357=DIRECTION('',(-0.866025403784439,0.5,0.));
#10358=DIRECTION('',(0.,0.,-1.));
#10359=DIRECTION('',(-0.5,0.866025403784439,0.));
#10360=DIRECTION('',(-0.866025403784439,-0.5,0.));
#10361=DIRECTION('',(-1.,0.,0.));
#10362=DIRECTION('',(0.,0.,1.));
#10363=DIRECTION('',(0.,0.,-1.));
#10364=DIRECTION('',(0.,0.,-1.));
#10365=DIRECTION('',(-0.5,-0.866025403784439,0.));
#10366=DIRECTION('',(0.866025403784439,-0.5,0.));
#10367=DIRECTION('',(0.,0.,-1.));
#10368=DIRECTION('',(0.5,-0.866025403784439,0.));
#10369=DIRECTION('',(0.866025403784439,0.5,0.));
#10370=DIRECTION('',(0.,0.,-1.));
#10371=DIRECTION('',(1.,-2.50385766456193E-16,0.));
#10372=DIRECTION('',(2.50385766456193E-16,1.,0.));
#10373=DIRECTION('',(0.,0.,-1.));
#10374=DIRECTION('',(0.5,0.866025403784438,0.));
#10375=DIRECTION('',(-0.866025403784439,0.5,0.));
#10376=DIRECTION('',(0.,0.,-1.));
#10377=DIRECTION('',(-0.5,0.866025403784439,0.));
#10378=DIRECTION('',(-0.866025403784439,-0.5,0.));
#10379=DIRECTION('',(0.5,-0.866025403784439,0.));
#10380=DIRECTION('',(0.866025403784439,0.5,0.));
#10381=DIRECTION('',(0.,0.,-1.));
#10382=DIRECTION('',(0.,0.,-1.));
#10383=DIRECTION('',(1.,-2.50385766456193E-16,0.));
#10384=DIRECTION('',(2.50385766456193E-16,1.,0.));
#10385=DIRECTION('',(0.,0.,-1.));
#10386=DIRECTION('',(0.5,0.866025403784438,0.));
#10387=DIRECTION('',(-0.866025403784439,0.5,0.));
#10388=DIRECTION('',(0.,0.,-1.));
#10389=DIRECTION('',(-0.5,-0.866025403784439,0.));
#10390=DIRECTION('',(0.866025403784439,-0.5,0.));
#10391=DIRECTION('',(-0.5,0.866025403784439,0.));
#10392=DIRECTION('',(-0.866025403784439,-0.5,0.));
#10393=CARTESIAN_POINT('',(0.,0.,0.));
#10394=CARTESIAN_POINT('',(0.00410988554358483,0.0105321915447712,0.033));
#10395=CARTESIAN_POINT('',(0.0182002992023909,0.0156761436172277,0.033));
#10396=CARTESIAN_POINT('',(0.0182002992023909,0.0156761436172277,0.03));
#10397=CARTESIAN_POINT('',(0.0182002992023909,0.0156761436172277,0.033));
#10398=CARTESIAN_POINT('',(0.00410988554358483,0.0105321915447712,0.03));
#10399=CARTESIAN_POINT('',(0.0189455175088567,0.0127466946924332,0.03));
#10400=CARTESIAN_POINT('',(0.0189455175088567,0.0127466946924332,0.033));
#10401=CARTESIAN_POINT('',(0.0189455175088567,0.0127466946924332,0.033));
#10402=CARTESIAN_POINT('',(0.00410988554358483,0.0105321915447712,0.033));
#10403=CARTESIAN_POINT('',(0.00410988554358483,0.0105321915447712,0.033));
#10404=CARTESIAN_POINT('',(0.0176098855435848,0.0170705399600822,0.033));
#10405=CARTESIAN_POINT('',(0.0176098855435848,0.0170705399600822,0.033));
#10406=CARTESIAN_POINT('',(0.0176098855435848,0.0170705399600822,0.03));
#10407=CARTESIAN_POINT('',(0.00410988554358483,0.0105321915447712,0.033));
#10408=CARTESIAN_POINT('',(0.0165222613700379,0.0189543602882057,0.033));
#10409=CARTESIAN_POINT('',(0.0165222613700379,0.0189543602882056,0.033));
#10410=CARTESIAN_POINT('',(0.0165222613700379,0.0189543602882057,0.03));
#10411=CARTESIAN_POINT('',(0.00410988554358483,0.0105321915447712,0.03));
#10412=CARTESIAN_POINT('',(0.00410988554358483,0.0105321915447712,0.033));
#10413=CARTESIAN_POINT('',(-0.00830249028286824,0.0189543602882056,0.033));
#10414=CARTESIAN_POINT('',(-0.00830249028286824,0.0189543602882056,0.033));
#10415=CARTESIAN_POINT('',(-0.00830249028286824,0.0189543602882056,0.03));
#10416=CARTESIAN_POINT('',(0.00410988554358483,0.0105321915447712,0.033));
#10417=CARTESIAN_POINT('',(-0.00939011445641518,0.0170705399600822,0.033));
#10418=CARTESIAN_POINT('',(-0.00939011445641518,0.0170705399600822,0.033));
#10419=CARTESIAN_POINT('',(-0.00939011445641518,0.0170705399600822,0.03));
#10420=CARTESIAN_POINT('',(0.00410988554358483,0.0105321915447712,0.03));
#10421=CARTESIAN_POINT('',(0.00410988554358483,0.0105321915447712,0.033));
#10422=CARTESIAN_POINT('',(-0.00739011445641518,0.0201628716869003,0.033));
#10423=CARTESIAN_POINT('',(-0.00739011445641518,0.0201628716869003,0.03));
#10424=CARTESIAN_POINT('',(-0.00739011445641518,0.0201628716869003,0.033));
#10425=CARTESIAN_POINT('',(0.00410988554358483,0.0105321915447712,0.03));
#10426=CARTESIAN_POINT('',(-0.005225746421687,0.022272974134062,0.03));
#10427=CARTESIAN_POINT('',(-0.005225746421687,0.022272974134062,0.033));
#10428=CARTESIAN_POINT('',(-0.005225746421687,0.022272974134062,0.033));
#10429=CARTESIAN_POINT('',(0.00410988554358483,0.0105321915447712,0.033));
#10430=CARTESIAN_POINT('',(0.00410988554358483,0.0105321915447712,0.033));
#10431=CARTESIAN_POINT('',(0.0190672550175529,0.0116622793374702,0.033));
#10432=CARTESIAN_POINT('',(0.0190672550175529,0.0116622793374702,0.03));
#10433=CARTESIAN_POINT('',(0.0190672550175529,0.0116622793374702,0.033));
#10434=CARTESIAN_POINT('',(0.00410988554358483,0.0105321915447712,0.03));
#10435=CARTESIAN_POINT('',(0.0190672550175529,0.00940210375207216,0.03));
#10436=CARTESIAN_POINT('',(0.0190672550175529,0.00940210375207216,0.033));
#10437=CARTESIAN_POINT('',(0.0190672550175529,0.00940210375207216,0.033));
#10438=CARTESIAN_POINT('',(0.00410988554358483,0.0105321915447712,0.033));
#10439=CARTESIAN_POINT('',(0.00410988554358483,0.0105321915447712,0.033));
#10440=CARTESIAN_POINT('',(-0.0108474839303833,0.0116622793374702,0.033));
#10441=CARTESIAN_POINT('',(-0.0108474839303833,0.0116622793374702,0.033));
#10442=CARTESIAN_POINT('',(-0.0108474839303833,0.0116622793374702,0.03));
#10443=CARTESIAN_POINT('',(0.00410988554358483,0.0105321915447712,0.033));
#10444=CARTESIAN_POINT('',(-0.0108474839303833,0.00940210375207217,0.033));
#10445=CARTESIAN_POINT('',(-0.0108474839303833,0.00940210375207216,0.033));
#10446=CARTESIAN_POINT('',(-0.0108474839303833,0.00940210375207217,0.03));
#10447=CARTESIAN_POINT('',(0.00410988554358483,0.0105321915447712,0.03));
#10448=CARTESIAN_POINT('',(0.00410988554358483,0.0105321915447712,0.033));
#10449=CARTESIAN_POINT('',(-0.00998052811522131,0.0156761436172277,0.033));
#10450=CARTESIAN_POINT('',(-0.00998052811522132,0.0156761436172277,0.033));
#10451=CARTESIAN_POINT('',(-0.00998052811522132,0.0156761436172277,0.03));
#10452=CARTESIAN_POINT('',(0.00410988554358483,0.0105321915447712,0.033));
#10453=CARTESIAN_POINT('',(-0.010725746421687,0.0127466946924332,0.033));
#10454=CARTESIAN_POINT('',(-0.010725746421687,0.0127466946924332,0.033));
#10455=CARTESIAN_POINT('',(-0.010725746421687,0.0127466946924332,0.03));
#10456=CARTESIAN_POINT('',(0.00410988554358483,0.0105321915447712,0.03));
#10457=CARTESIAN_POINT('',(0.00410988554358483,0.0105321915447712,0.033));
#10458=CARTESIAN_POINT('',(0.0156098855435848,0.0201628716869003,0.033));
#10459=CARTESIAN_POINT('',(0.0156098855435848,0.0201628716869003,0.033));
#10460=CARTESIAN_POINT('',(0.0156098855435848,0.0201628716869003,0.03));
#10461=CARTESIAN_POINT('',(0.00410988554358483,0.0105321915447712,0.033));
#10462=CARTESIAN_POINT('',(0.0134455175088566,0.022272974134062,0.033));
#10463=CARTESIAN_POINT('',(0.0134455175088566,0.022272974134062,0.033));
#10464=CARTESIAN_POINT('',(0.0134455175088566,0.022272974134062,0.03));
#10465=CARTESIAN_POINT('',(0.00410988554358483,0.0105321915447712,0.03));
#10466=CARTESIAN_POINT('',(0.00410988554358483,0.0105321915447712,0.033));
#10467=CARTESIAN_POINT('',(-0.00239011445641517,0.024050697379367,0.033));
#10468=CARTESIAN_POINT('',(-0.00239011445641517,0.024050697379367,0.033));
#10469=CARTESIAN_POINT('',(-0.00239011445641517,0.024050697379367,0.03));
#10470=CARTESIAN_POINT('',(0.00410988554358483,0.0105321915447712,0.033));
#10471=CARTESIAN_POINT('',(-0.00434748393038327,0.022920609586668,0.033));
#10472=CARTESIAN_POINT('',(-0.00434748393038327,0.022920609586668,0.033));
#10473=CARTESIAN_POINT('',(-0.00434748393038327,0.022920609586668,0.03));
#10474=CARTESIAN_POINT('',(0.00410988554358483,0.0105321915447712,0.03));
#10475=CARTESIAN_POINT('',(0.00410988554358483,0.0105321915447712,0.033));
#10476=CARTESIAN_POINT('',(-0.00139011445641518,0.0244874772817241,0.033));
#10477=CARTESIAN_POINT('',(-0.00139011445641518,0.0244874772817241,0.03));
#10478=CARTESIAN_POINT('',(-0.00139011445641518,0.0244874772817241,0.033));
#10479=CARTESIAN_POINT('',(0.00410988554358483,0.0105321915447712,0.03));
#10480=CARTESIAN_POINT('',(0.0015194718847787,0.0253068237593568,0.03));
#10481=CARTESIAN_POINT('',(0.00151947188477869,0.0253068237593568,0.033));
#10482=CARTESIAN_POINT('',(0.0015194718847787,0.0253068237593568,0.033));
#10483=CARTESIAN_POINT('',(0.00410988554358483,0.0105321915447712,0.033));
#10484=CARTESIAN_POINT('',(0.00410988554358483,0.0105321915447712,0.033));
#10485=CARTESIAN_POINT('',(-0.010725746421687,0.00831768839710918,0.033));
#10486=CARTESIAN_POINT('',(-0.010725746421687,0.00831768839710918,0.033));
#10487=CARTESIAN_POINT('',(-0.010725746421687,0.00831768839710918,0.03));
#10488=CARTESIAN_POINT('',(0.00410988554358483,0.0105321915447712,0.033));
#10489=CARTESIAN_POINT('',(-0.00998052811522132,0.00538823947231471,0.033));
#10490=CARTESIAN_POINT('',(-0.00998052811522131,0.00538823947231472,0.033));
#10491=CARTESIAN_POINT('',(-0.00998052811522132,0.00538823947231471,0.03));
#10492=CARTESIAN_POINT('',(0.00410988554358483,0.0105321915447712,0.03));
#10493=CARTESIAN_POINT('',(0.00410988554358483,0.0105321915447712,0.033));
#10494=CARTESIAN_POINT('',(0.00302226137003788,0.0254927087035166,0.033));
#10495=CARTESIAN_POINT('',(0.00302226137003787,0.0254927087035166,0.03));
#10496=CARTESIAN_POINT('',(0.00302226137003788,0.0254927087035166,0.033));
#10497=CARTESIAN_POINT('',(0.00410988554358483,0.0105321915447712,0.03));
#10498=CARTESIAN_POINT('',(0.00519750971713178,0.0254927087035166,0.03));
#10499=CARTESIAN_POINT('',(0.00519750971713176,0.0254927087035166,0.033));
#10500=CARTESIAN_POINT('',(0.00519750971713178,0.0254927087035166,0.033));
#10501=CARTESIAN_POINT('',(0.00410988554358483,0.0105321915447712,0.033));
#10502=CARTESIAN_POINT('',(0.00410988554358483,0.0105321915447712,0.033));
#10503=CARTESIAN_POINT('',(0.00670029920239096,0.0253068237593568,0.033));
#10504=CARTESIAN_POINT('',(0.00670029920239096,0.0253068237593568,0.03));
#10505=CARTESIAN_POINT('',(0.00670029920239096,0.0253068237593568,0.033));
#10506=CARTESIAN_POINT('',(0.00410988554358483,0.0105321915447712,0.03));
#10507=CARTESIAN_POINT('',(0.00960988554358483,0.0244874772817241,0.03));
#10508=CARTESIAN_POINT('',(0.00960988554358482,0.0244874772817241,0.033));
#10509=CARTESIAN_POINT('',(0.00960988554358483,0.0244874772817241,0.033));
#10510=CARTESIAN_POINT('',(0.00410988554358483,0.0105321915447712,0.033));
#10511=CARTESIAN_POINT('',(0.00410988554358483,0.0105321915447712,0.033));
#10512=CARTESIAN_POINT('',(0.0106098855435848,0.024050697379367,0.033));
#10513=CARTESIAN_POINT('',(0.0106098855435848,0.024050697379367,0.03));
#10514=CARTESIAN_POINT('',(0.0106098855435848,0.024050697379367,0.033));
#10515=CARTESIAN_POINT('',(0.00410988554358483,0.0105321915447712,0.03));
#10516=CARTESIAN_POINT('',(0.0125672550175529,0.022920609586668,0.03));
#10517=CARTESIAN_POINT('',(0.0125672550175529,0.022920609586668,0.033));
#10518=CARTESIAN_POINT('',(0.0125672550175529,0.022920609586668,0.033));
#10519=CARTESIAN_POINT('',(0.00410988554358483,0.0105321915447712,0.033));
#10520=CARTESIAN_POINT('',(0.00410988554358483,0.0105321915447712,0.033));
#10521=CARTESIAN_POINT('',(-0.00239011445641517,-0.00298631428982458,0.033));
#10522=CARTESIAN_POINT('',(-0.00239011445641517,-0.00298631428982458,0.03));
#10523=CARTESIAN_POINT('',(-0.00239011445641517,-0.00298631428982458,0.033));
#10524=CARTESIAN_POINT('',(0.00410988554358483,0.0105321915447712,0.03));
#10525=CARTESIAN_POINT('',(-0.00434748393038327,-0.00185622649712554,0.03));
#10526=CARTESIAN_POINT('',(-0.00434748393038327,-0.00185622649712554,0.033));
#10527=CARTESIAN_POINT('',(-0.00434748393038327,-0.00185622649712554,0.033));
#10528=CARTESIAN_POINT('',(0.00410988554358483,0.0105321915447712,0.033));
#10529=CARTESIAN_POINT('',(0.00410988554358483,0.0105321915447712,0.033));
#10530=CARTESIAN_POINT('',(-0.00139011445641518,-0.00342309419218166,0.033));
#10531=CARTESIAN_POINT('',(-0.00139011445641518,-0.00342309419218166,0.033));
#10532=CARTESIAN_POINT('',(-0.00139011445641518,-0.00342309419218166,0.03));
#10533=CARTESIAN_POINT('',(0.00410988554358483,0.0105321915447712,0.033));
#10534=CARTESIAN_POINT('',(0.00151947188477869,-0.0042424406698144,0.033));
#10535=CARTESIAN_POINT('',(0.00151947188477868,-0.0042424406698144,0.033));
#10536=CARTESIAN_POINT('',(0.00151947188477869,-0.0042424406698144,0.03));
#10537=CARTESIAN_POINT('',(0.00410988554358483,0.0105321915447712,0.03));
#10538=CARTESIAN_POINT('',(0.00410988554358483,0.0105321915447712,0.033));
#10539=CARTESIAN_POINT('',(-0.005225746421687,-0.00120859104451964,0.033));
#10540=CARTESIAN_POINT('',(-0.005225746421687,-0.00120859104451964,0.03));
#10541=CARTESIAN_POINT('',(-0.005225746421687,-0.00120859104451964,0.033));
#10542=CARTESIAN_POINT('',(0.00410988554358483,0.0105321915447712,0.03));
#10543=CARTESIAN_POINT('',(-0.00739011445641518,0.000901511402642087,0.03));
#10544=CARTESIAN_POINT('',(-0.00739011445641518,0.000901511402642087,0.033));
#10545=CARTESIAN_POINT('',(-0.00739011445641518,0.000901511402642087,0.033));
#10546=CARTESIAN_POINT('',(0.00410988554358483,0.0105321915447712,0.033));
#10547=CARTESIAN_POINT('',(0.00410988554358483,0.0105321915447712,0.033));
#10548=CARTESIAN_POINT('',(0.0030222613700379,-0.00442832561397422,0.033));
#10549=CARTESIAN_POINT('',(0.00302226137003788,-0.00442832561397422,0.033));
#10550=CARTESIAN_POINT('',(0.00302226137003788,-0.00442832561397422,0.03));
#10551=CARTESIAN_POINT('',(0.00410988554358483,0.0105321915447712,0.033));
#10552=CARTESIAN_POINT('',(0.00519750971713176,-0.00442832561397422,0.033));
#10553=CARTESIAN_POINT('',(0.00519750971713175,-0.00442832561397423,0.033));
#10554=CARTESIAN_POINT('',(0.00519750971713176,-0.00442832561397422,0.03));
#10555=CARTESIAN_POINT('',(0.00410988554358483,0.0105321915447712,0.03));
#10556=CARTESIAN_POINT('',(0.00410988554358483,0.0105321915447712,0.033));
#10557=CARTESIAN_POINT('',(0.00670029920239097,-0.0042424406698144,0.033));
#10558=CARTESIAN_POINT('',(0.00670029920239096,-0.0042424406698144,0.033));
#10559=CARTESIAN_POINT('',(0.00670029920239096,-0.0042424406698144,0.03));
#10560=CARTESIAN_POINT('',(0.00410988554358483,0.0105321915447712,0.033));
#10561=CARTESIAN_POINT('',(0.00960988554358483,-0.00342309419218166,0.033));
#10562=CARTESIAN_POINT('',(0.00960988554358482,-0.00342309419218166,0.033));
#10563=CARTESIAN_POINT('',(0.00960988554358483,-0.00342309419218166,0.03));
#10564=CARTESIAN_POINT('',(0.00410988554358483,0.0105321915447712,0.03));
#10565=CARTESIAN_POINT('',(0.00410988554358483,0.0105321915447712,0.033));
#10566=CARTESIAN_POINT('',(0.0106098855435848,-0.00298631428982458,0.033));
#10567=CARTESIAN_POINT('',(0.0106098855435848,-0.00298631428982458,0.033));
#10568=CARTESIAN_POINT('',(0.0106098855435848,-0.00298631428982458,0.03));
#10569=CARTESIAN_POINT('',(0.00410988554358483,0.0105321915447712,0.033));
#10570=CARTESIAN_POINT('',(0.0125672550175529,-0.00185622649712554,0.033));
#10571=CARTESIAN_POINT('',(0.0125672550175529,-0.00185622649712554,0.033));
#10572=CARTESIAN_POINT('',(0.0125672550175529,-0.00185622649712554,0.03));
#10573=CARTESIAN_POINT('',(0.00410988554358483,0.0105321915447712,0.03));
#10574=CARTESIAN_POINT('',(0.00410988554358483,0.0105321915447712,0.033));
#10575=CARTESIAN_POINT('',(0.0176098855435848,0.00399384312946019,0.033));
#10576=CARTESIAN_POINT('',(0.0176098855435848,0.00399384312946019,0.03));
#10577=CARTESIAN_POINT('',(0.0176098855435848,0.00399384312946019,0.033));
#10578=CARTESIAN_POINT('',(0.00410988554358483,0.0105321915447712,0.03));
#10579=CARTESIAN_POINT('',(0.0165222613700379,0.00211002280133678,0.03));
#10580=CARTESIAN_POINT('',(0.0165222613700379,0.0021100228013368,0.033));
#10581=CARTESIAN_POINT('',(0.0165222613700379,0.00211002280133678,0.033));
#10582=CARTESIAN_POINT('',(0.00410988554358483,0.0105321915447712,0.033));
#10583=CARTESIAN_POINT('',(0.00410988554358483,0.0105321915447712,0.033));
#10584=CARTESIAN_POINT('',(0.0189455175088567,0.00831768839710918,0.033));
#10585=CARTESIAN_POINT('',(0.0189455175088567,0.00831768839710919,0.03));
#10586=CARTESIAN_POINT('',(0.0189455175088567,0.00831768839710918,0.033));
#10587=CARTESIAN_POINT('',(0.00410988554358483,0.0105321915447712,0.03));
#10588=CARTESIAN_POINT('',(0.0182002992023909,0.00538823947231471,0.03));
#10589=CARTESIAN_POINT('',(0.0182002992023909,0.00538823947231472,0.033));
#10590=CARTESIAN_POINT('',(0.0182002992023909,0.00538823947231471,0.033));
#10591=CARTESIAN_POINT('',(0.00410988554358483,0.0105321915447712,0.033));
#10592=CARTESIAN_POINT('',(0.00410988554358483,0.0105321915447712,0.033));
#10593=CARTESIAN_POINT('',(0.0134455175088566,-0.00120859104451964,0.033));
#10594=CARTESIAN_POINT('',(0.0134455175088566,-0.00120859104451964,0.033));
#10595=CARTESIAN_POINT('',(0.0134455175088566,-0.00120859104451964,0.03));
#10596=CARTESIAN_POINT('',(0.00410988554358483,0.0105321915447712,0.033));
#10597=CARTESIAN_POINT('',(0.0156098855435848,0.000901511402642089,0.033));
#10598=CARTESIAN_POINT('',(0.0156098855435848,0.000901511402642089,0.033));
#10599=CARTESIAN_POINT('',(0.0156098855435848,0.000901511402642089,0.03));
#10600=CARTESIAN_POINT('',(0.00410988554358483,0.0105321915447712,0.03));
#10601=CARTESIAN_POINT('',(-0.0463829855620861,0.0305321915447712,0.033));
#10602=CARTESIAN_POINT('',(-0.0463829855620861,0.0305321915447712,0.03));
#10603=CARTESIAN_POINT('',(-0.0463829855620861,0.0355321915447712,0.03));
#10604=CARTESIAN_POINT('',(-0.0513829855620861,0.0305321915447712,0.03));
#10605=CARTESIAN_POINT('',(-0.0513829855620861,0.0305321915447712,0.033));
#10606=CARTESIAN_POINT('',(-0.0513829855620861,0.0305321915447712,0.033));
#10607=CARTESIAN_POINT('',(-0.0463829855620861,0.0305321915447712,0.033));
#10608=CARTESIAN_POINT('',(-0.0463829855620861,0.0355321915447712,0.033));
#10609=CARTESIAN_POINT('',(-0.0463829855620861,0.0355321915447712,0.033));
#10610=CARTESIAN_POINT('',(-0.0513829855620861,-0.0094678084552288,0.033));
#10611=CARTESIAN_POINT('',(-0.0513829855620861,-0.0094678084552288,0.03));
#10612=CARTESIAN_POINT('',(-0.0513829855620861,-0.0494678084552288,0.03));
#10613=CARTESIAN_POINT('',(-0.0513829855620861,-0.0494678084552288,0.033));
#10614=CARTESIAN_POINT('',(-0.0513829855620861,-0.0494678084552288,0.033));
#10615=CARTESIAN_POINT('',(-0.0513829855620861,-0.0094678084552288,0.033));
#10616=CARTESIAN_POINT('',(-0.0463829855620861,-0.0494678084552288,0.033));
#10617=CARTESIAN_POINT('',(-0.0463829855620861,-0.0494678084552288,0.03));
#10618=CARTESIAN_POINT('',(-0.0463829855620861,-0.0544678084552288,0.03));
#10619=CARTESIAN_POINT('',(-0.0463829855620861,-0.0544678084552288,0.033));
#10620=CARTESIAN_POINT('',(-0.0463829855620861,-0.0544678084552288,0.033));
#10621=CARTESIAN_POINT('',(-0.0463829855620861,-0.0494678084552288,0.033));
#10622=CARTESIAN_POINT('',(-0.00638298556208611,-0.0544678084552288,0.033));
#10623=CARTESIAN_POINT('',(-0.00638298556208611,-0.0544678084552288,0.03));
#10624=CARTESIAN_POINT('',(0.0336170144379139,-0.0544678084552288,0.03));
#10625=CARTESIAN_POINT('',(0.0336170144379139,-0.0544678084552288,0.033));
#10626=CARTESIAN_POINT('',(0.0336170144379139,-0.0544678084552288,0.033));
#10627=CARTESIAN_POINT('',(-0.00638298556208611,-0.0544678084552288,0.033));
#10628=CARTESIAN_POINT('',(0.0336170144379139,-0.0494678084552288,0.033));
#10629=CARTESIAN_POINT('',(0.0336170144379139,-0.0494678084552288,0.03));
#10630=CARTESIAN_POINT('',(0.0386170144379139,-0.0494678084552288,0.03));
#10631=CARTESIAN_POINT('',(0.0386170144379139,-0.0494678084552288,0.033));
#10632=CARTESIAN_POINT('',(0.0386170144379139,-0.0494678084552288,0.033));
#10633=CARTESIAN_POINT('',(0.0336170144379139,-0.0494678084552288,0.033));
#10634=CARTESIAN_POINT('',(0.0386170144379139,-0.0094678084552288,0.033));
#10635=CARTESIAN_POINT('',(0.0386170144379139,-0.0094678084552288,0.03));
#10636=CARTESIAN_POINT('',(0.0386170144379139,0.0305321915447712,0.03));
#10637=CARTESIAN_POINT('',(0.0386170144379139,0.0305321915447712,0.033));
#10638=CARTESIAN_POINT('',(0.0386170144379139,0.0305321915447712,0.033));
#10639=CARTESIAN_POINT('',(0.0386170144379139,-0.0094678084552288,0.033));
#10640=CARTESIAN_POINT('',(0.0336170144379139,0.0305321915447712,0.033));
#10641=CARTESIAN_POINT('',(0.0336170144379139,0.0305321915447712,0.03));
#10642=CARTESIAN_POINT('',(0.0336170144379139,0.0355321915447712,0.03));
#10643=CARTESIAN_POINT('',(0.0336170144379139,0.0355321915447712,0.033));
#10644=CARTESIAN_POINT('',(0.0336170144379139,0.0355321915447712,0.033));
#10645=CARTESIAN_POINT('',(0.0336170144379139,0.0305321915447712,0.033));
#10646=CARTESIAN_POINT('',(0.0356170144379139,0.0325321915447712,0.033));
#10647=CARTESIAN_POINT('',(0.0356170144379139,0.0325321915447712,0.033));
#10648=CARTESIAN_POINT('',(0.0365670144379139,0.0325321915447712,0.033));
#10649=CARTESIAN_POINT('',(0.0356170144379139,0.0325321915447712,0.03));
#10650=CARTESIAN_POINT('',(0.0365670144379139,0.0325321915447712,0.03));
#10651=CARTESIAN_POINT('',(-0.0483829855620861,0.0325321915447712,0.033));
#10652=CARTESIAN_POINT('',(-0.0483829855620861,0.0325321915447712,0.033));
#10653=CARTESIAN_POINT('',(-0.0474329855620861,0.0325321915447712,0.033));
#10654=CARTESIAN_POINT('',(-0.0483829855620861,0.0325321915447712,0.03));
#10655=CARTESIAN_POINT('',(-0.0474329855620861,0.0325321915447712,0.03));
#10656=CARTESIAN_POINT('',(-0.0483829855620861,-0.0514678084552288,0.033));
#10657=CARTESIAN_POINT('',(-0.0483829855620861,-0.0514678084552288,0.033));
#10658=CARTESIAN_POINT('',(-0.0474329855620861,-0.0514678084552288,0.033));
#10659=CARTESIAN_POINT('',(-0.0483829855620861,-0.0514678084552288,0.03));
#10660=CARTESIAN_POINT('',(-0.0474329855620861,-0.0514678084552288,0.03));
#10661=CARTESIAN_POINT('',(0.0356170144379139,-0.0514678084552288,0.033));
#10662=CARTESIAN_POINT('',(0.0356170144379139,-0.0514678084552288,0.033));
#10663=CARTESIAN_POINT('',(0.0365670144379139,-0.0514678084552288,0.033));
#10664=CARTESIAN_POINT('',(0.0356170144379139,-0.0514678084552288,0.03));
#10665=CARTESIAN_POINT('',(0.0365670144379139,-0.0514678084552288,0.03));
#10666=CARTESIAN_POINT('',(0.00410988554358483,0.0105321915447712,0.033));
#10667=CARTESIAN_POINT('',(-0.00939011445641518,0.00399384312946019,0.033));
#10668=CARTESIAN_POINT('',(-0.00939011445641518,0.00399384312946019,0.033));
#10669=CARTESIAN_POINT('',(-0.00939011445641518,0.00399384312946019,0.03));
#10670=CARTESIAN_POINT('',(0.00410988554358483,0.0105321915447712,0.033));
#10671=CARTESIAN_POINT('',(-0.00830249028286825,0.00211002280133679,0.033));
#10672=CARTESIAN_POINT('',(-0.00830249028286825,0.00211002280133679,0.033));
#10673=CARTESIAN_POINT('',(-0.00830249028286824,0.00211002280133678,0.03));
#10674=CARTESIAN_POINT('',(0.00410988554358483,0.0105321915447712,0.03));
#10675=CARTESIAN_POINT('',(-0.00638298556208612,0.0355321915447712,0.033));
#10676=CARTESIAN_POINT('',(-0.00638298556208612,0.0355321915447712,0.03));
#10677=CARTESIAN_POINT('',(-0.00638298556208612,0.0355321915447712,0.033));
#10678=CARTESIAN_POINT('',(-0.00638298556208611,-0.00336744685471057,0.033));
#10679=CARTESIAN_POINT('',(0.0176098855435848,-0.00336744685471057,0.033));
#10680=CARTESIAN_POINT('',(0.0176098855435848,0.0165943693712623,0.033));
#10681=CARTESIAN_POINT('',(-0.00902848776435283,0.00121469737115075,0.033));
#10682=CARTESIAN_POINT('',(0.0161098855435849,0.0157283439674779,0.033));
#10683=CARTESIAN_POINT('',(0.00750895219301608,0.0206940951527107,0.033));
#10684=CARTESIAN_POINT('',(0.0146098855435848,0.0165943693712623,0.033));
#10685=CARTESIAN_POINT('',(0.0146098855435848,-0.00336744685471058,0.033));
#10686=CARTESIAN_POINT('',(0.0146098855435848,0.0183264201788312,0.033));
#10687=CARTESIAN_POINT('',(-0.0105284877643528,0.00381277358250405,0.033));
#10688=CARTESIAN_POINT('',(0.0161098855435849,0.0191924455826156,0.033));
#10689=CARTESIAN_POINT('',(0.00900895219301605,0.0232921713640641,0.033));
#10690=CARTESIAN_POINT('',(-0.00702848776435284,-0.002249404243987,0.033));
#10691=CARTESIAN_POINT('',(0.0181098855435848,0.0122642423523401,0.033));
#10692=CARTESIAN_POINT('',(0.00650895219301608,0.0189620443451418,0.033));
#10693=CARTESIAN_POINT('',(0.0166098855435848,0.0131302677561245,0.033));
#10694=CARTESIAN_POINT('',(0.0166098855435848,-0.00336744685471058,0.033));
#10695=CARTESIAN_POINT('',(0.0166098855435849,0.0148623185636934,0.033));
#10696=CARTESIAN_POINT('',(-0.00852848776435283,0.000348671967366295,0.033));
#10697=CARTESIAN_POINT('',(0.0181098855435848,0.0157283439674779,0.033));
#10698=CARTESIAN_POINT('',(0.00800895219301605,0.0215601205564952,0.033));
#10699=CARTESIAN_POINT('',(-0.0165284877643528,0.0142050784279173,0.033));
#10700=CARTESIAN_POINT('',(-0.00789011445641518,0.0191924455826156,0.033));
#10701=CARTESIAN_POINT('',(0.00300895219301606,0.0128998665186508,0.033));
#10702=CARTESIAN_POINT('',(-0.00639011445641518,0.0183264201788312,0.033));
#10703=CARTESIAN_POINT('',(-0.00639011445641518,-0.00336744685471057,0.033));
#10704=CARTESIAN_POINT('',(-0.00639011445641518,0.0165943693712623,0.033));
#10705=CARTESIAN_POINT('',(-0.0150284877643528,0.011607002216564,0.033));
#10706=CARTESIAN_POINT('',(-0.00789011445641518,0.0157283439674779,0.033));
#10707=CARTESIAN_POINT('',(0.00150895219301607,0.0103017903072975,0.033));
#10708=CARTESIAN_POINT('',(-0.00939011445641518,0.0165943693712623,0.033));
#10709=CARTESIAN_POINT('',(-0.00939011445641518,-0.00336744685471057,0.033));
#10710=CARTESIAN_POINT('',(-0.0155284877643528,0.0124730276203484,0.033));
#10711=CARTESIAN_POINT('',(-0.00989011445641518,0.0157283439674779,0.033));
#10712=CARTESIAN_POINT('',(0.00100895219301606,0.00943576490351304,0.033));
#10713=CARTESIAN_POINT('',(-0.00839011445641518,0.0148623185636934,0.033));
#10714=CARTESIAN_POINT('',(-0.00839011445641518,-0.00336744685471057,0.033));
#10715=CARTESIAN_POINT('',(-0.00839011445641518,0.0131302677561245,0.033));
#10716=CARTESIAN_POINT('',(-0.0140284877643528,0.00987495140899513,0.033));
#10717=CARTESIAN_POINT('',(-0.00989011445641518,0.0122642423523401,0.033));
#10718=CARTESIAN_POINT('',(-0.000491047806983931,0.00683768869215971,0.033));
#10719=CARTESIAN_POINT('',(0.0156098855435848,-0.00336744685471057,0.033));
#10720=CARTESIAN_POINT('',(0.0156098855435848,0.0200584709864,0.033));
#10721=CARTESIAN_POINT('',(-0.0110284877643528,0.00467879898628851,0.033));
#10722=CARTESIAN_POINT('',(0.0141098855435848,0.0191924455826156,0.033));
#10723=CARTESIAN_POINT('',(0.00850895219301608,0.0224261459602796,0.033));
#10724=CARTESIAN_POINT('',(0.0126098855435848,0.0200584709864001,0.033));
#10725=CARTESIAN_POINT('',(0.0126098855435848,-0.00336744685471058,0.033));
#10726=CARTESIAN_POINT('',(0.0126098855435848,0.0217905217939689,0.033));
#10727=CARTESIAN_POINT('',(-0.0125284877643528,0.0072768751976418,0.033));
#10728=CARTESIAN_POINT('',(-0.000991047806983934,0.00597166328837528,0.033));
#10729=CARTESIAN_POINT('',(-0.0103901144564152,0.0113982169485556,0.033));
#10730=CARTESIAN_POINT('',(-0.0103901144564152,-0.00336744685471057,0.033));
#10731=CARTESIAN_POINT('',(-0.0103901144564152,0.00966616614098676,0.033));
#10732=CARTESIAN_POINT('',(-0.0130284877643528,0.00814290060142625,0.033));
#10733=CARTESIAN_POINT('',(-0.0125284877643528,0.0072768751976418,0.033));
#10734=CARTESIAN_POINT('',(-0.00989011445641518,0.00880014073720232,0.033));
#10735=CARTESIAN_POINT('',(-0.00199104780698394,0.00423961248080641,0.033));
#10736=CARTESIAN_POINT('',(-0.00839011445641518,0.00793411533341789,0.033));
#10737=CARTESIAN_POINT('',(-0.00839011445641518,-0.00336744685471057,0.033));
#10738=CARTESIAN_POINT('',(-0.00839011445641518,0.00620206452584901,0.033));
#10739=CARTESIAN_POINT('',(-0.0110284877643528,0.00467879898628849,0.033));
#10740=CARTESIAN_POINT('',(-0.00989011445641518,0.00533603912206457,0.033));
#10741=CARTESIAN_POINT('',(-0.00349104780698393,0.00164153626945308,0.033));
#10742=CARTESIAN_POINT('',(0.00550895219301608,0.017229993537573,0.033));
#10743=CARTESIAN_POINT('',(0.0186098855435848,0.00966616614098676,0.033));
#10744=CARTESIAN_POINT('',(0.0186098855435848,-0.00336744685471058,0.033));
#10745=CARTESIAN_POINT('',(0.0186098855435849,0.0113982169485556,0.033));
#10746=CARTESIAN_POINT('',(-0.00652848776435283,-0.00311542964777146,0.033));
#10747=CARTESIAN_POINT('',(-0.00239011445641517,-0.00336744685471057,0.033));
#10748=CARTESIAN_POINT('',(-0.00239011445641517,0.0235225726015378,0.033));
#10749=CARTESIAN_POINT('',(-0.0170284877643528,0.0150711038317017,0.033));
#10750=CARTESIAN_POINT('',(-0.00389011445641518,0.0226565471977534,0.033));
#10751=CARTESIAN_POINT('',(0.00550895219301608,0.017229993537573,0.033));
#10752=CARTESIAN_POINT('',(0.00500895219301606,0.0163639681337885,0.033));
#10753=CARTESIAN_POINT('',(-0.00439011445641517,0.0217905217939689,0.033));
#10754=CARTESIAN_POINT('',(-0.00439011445641517,-0.00336744685471057,0.033));
#10755=CARTESIAN_POINT('',(-0.00439011445641517,0.0200584709864,0.033));
#10756=CARTESIAN_POINT('',(-0.0160284877643528,0.0133390530241329,0.033));
#10757=CARTESIAN_POINT('',(-0.00589011445641518,0.0191924455826156,0.033));
#10758=CARTESIAN_POINT('',(0.00350895219301607,0.0137658919224352,0.033));
#10759=CARTESIAN_POINT('',(-0.00739011445641518,0.0200584709864001,0.033));
#10760=CARTESIAN_POINT('',(-0.00739011445641518,-0.00336744685471057,0.033));
#10761=CARTESIAN_POINT('',(0.00800895219301606,0.0215601205564952,0.033));
#10762=CARTESIAN_POINT('',(0.00160988554358482,0.0252546234091066,0.033));
#10763=CARTESIAN_POINT('',(0.00160988554358482,-0.00336744685471057,0.033));
#10764=CARTESIAN_POINT('',(0.00160988554358482,0.0235225726015378,0.033));
#10765=CARTESIAN_POINT('',(-0.0160284877643528,0.0133390530241329,0.033));
#10766=CARTESIAN_POINT('',(0.000109885543584823,0.0226565471977534,0.033));
#10767=CARTESIAN_POINT('',(0.00650895219301608,0.0189620443451418,0.033));
#10768=CARTESIAN_POINT('',(-0.00139011445641518,0.0235225726015378,0.033));
#10769=CARTESIAN_POINT('',(-0.00139011445641518,-0.00336744685471057,0.033));
#10770=CARTESIAN_POINT('',(0.00900895219301606,0.0232921713640641,0.033));
#10771=CARTESIAN_POINT('',(0.00560988554358482,0.0252546234091066,0.033));
#10772=CARTESIAN_POINT('',(0.00560988554358482,-0.00336744685471057,0.033));
#10773=CARTESIAN_POINT('',(0.00560988554358482,0.0235225726015378,0.033));
#10774=CARTESIAN_POINT('',(-0.0150284877643528,0.011607002216564,0.033));
#10775=CARTESIAN_POINT('',(0.00410988554358483,0.0226565471977534,0.033));
#10776=CARTESIAN_POINT('',(0.00750895219301608,0.0206940951527107,0.033));
#10777=CARTESIAN_POINT('',(0.00260988554358483,0.0235225726015378,0.033));
#10778=CARTESIAN_POINT('',(0.00260988554358482,-0.00336744685471057,0.033));
#10779=CARTESIAN_POINT('',(0.00260988554358483,0.0252546234091066,0.033));
#10780=CARTESIAN_POINT('',(-0.0165284877643528,0.0142050784279173,0.033));
#10781=CARTESIAN_POINT('',(0.00960988554358483,-0.00336744685471057,0.033));
#10782=CARTESIAN_POINT('',(0.00960988554358482,0.0235225726015378,0.033));
#10783=CARTESIAN_POINT('',(-0.0140284877643528,0.00987495140899514,0.033));
#10784=CARTESIAN_POINT('',(0.00810988554358482,0.0226565471977534,0.033));
#10785=CARTESIAN_POINT('',(0.00850895219301608,0.0224261459602796,0.033));
#10786=CARTESIAN_POINT('',(0.00660988554358482,0.0235225726015378,0.033));
#10787=CARTESIAN_POINT('',(0.00660988554358482,-0.00336744685471057,0.033));
#10788=CARTESIAN_POINT('',(0.00660988554358482,0.0252546234091066,0.033));
#10789=CARTESIAN_POINT('',(-0.0155284877643528,0.0124730276203484,0.033));
#10790=CARTESIAN_POINT('',(-0.0130284877643528,0.00814290060142627,0.033));
#10791=CARTESIAN_POINT('',(0.0121098855435848,0.0226565471977534,0.033));
#10792=CARTESIAN_POINT('',(0.00950895219301608,0.0241581967678485,0.033));
#10793=CARTESIAN_POINT('',(0.0106098855435848,0.0235225726015378,0.033));
#10794=CARTESIAN_POINT('',(0.0106098855435848,-0.00336744685471057,0.033));
#10795=CARTESIAN_POINT('',(-0.00139011445641518,-0.00336744685471057,0.033));
#10796=CARTESIAN_POINT('',(-0.00139011445641518,-0.00245818951199538,0.033));
#10797=CARTESIAN_POINT('',(-0.00552848776435282,-0.00484748045534034,0.033));
#10798=CARTESIAN_POINT('',(0.000109885543584823,-0.00159216410821094,0.033));
#10799=CARTESIAN_POINT('',(-0.00399104780698393,0.000775510865668644,0.033));
#10800=CARTESIAN_POINT('',(0.00160988554358482,-0.00245818951199538,0.033));
#10801=CARTESIAN_POINT('',(0.00160988554358482,-0.00336744685471057,0.033));
#10802=CARTESIAN_POINT('',(0.00160988554358482,-0.00419024031956425,0.033));
#10803=CARTESIAN_POINT('',(-0.00402848776435283,-0.00744555666669365,0.033));
#10804=CARTESIAN_POINT('',(-0.00652848776435282,-0.00311542964777146,0.033));
#10805=CARTESIAN_POINT('',(-0.00389011445641517,-0.00159216410821094,0.033));
#10806=CARTESIAN_POINT('',(-0.00499104780698393,-0.000956539941900233,0.033));
#10807=CARTESIAN_POINT('',(-0.00239011445641517,-0.00245818951199538,0.033));
#10808=CARTESIAN_POINT('',(-0.00239011445641517,-0.00336744685471057,0.033));
#10809=CARTESIAN_POINT('',(-0.00449104780698393,-9.05145381157909E-5,0.033));
#10810=CARTESIAN_POINT('',(0.00260988554358483,-0.00419024031956425,0.033));
#10811=CARTESIAN_POINT('',(0.00260988554358483,-0.00336744685471057,0.033));
#10812=CARTESIAN_POINT('',(0.00260988554358483,-0.00245818951199538,0.033));
#10813=CARTESIAN_POINT('',(-0.00452848776435282,-0.00657953126290922,0.033));
#10814=CARTESIAN_POINT('',(0.00410988554358483,-0.00159216410821094,0.033));
#10815=CARTESIAN_POINT('',(-0.00299104780698394,0.00250756167323752,0.033));
#10816=CARTESIAN_POINT('',(0.00560988554358482,-0.00245818951199538,0.033));
#10817=CARTESIAN_POINT('',(0.00560988554358482,-0.00336744685471057,0.033));
#10818=CARTESIAN_POINT('',(0.00560988554358482,-0.00419024031956425,0.033));
#10819=CARTESIAN_POINT('',(-0.00302848776435283,-0.00917760747426253,0.033));
#10820=CARTESIAN_POINT('',(-0.00349104780698393,0.00164153626945309,0.033));
#10821=CARTESIAN_POINT('',(0.00660988554358482,-0.00419024031956425,0.033));
#10822=CARTESIAN_POINT('',(0.00660988554358482,-0.00336744685471057,0.033));
#10823=CARTESIAN_POINT('',(0.00660988554358482,-0.00245818951199538,0.033));
#10824=CARTESIAN_POINT('',(-0.00352848776435282,-0.00831158207047809,0.033));
#10825=CARTESIAN_POINT('',(0.00810988554358482,-0.00159216410821094,0.033));
#10826=CARTESIAN_POINT('',(-0.00199104780698394,0.0042396124808064,0.033));
#10827=CARTESIAN_POINT('',(0.00960988554358482,-0.00245818951199538,0.033));
#10828=CARTESIAN_POINT('',(0.00960988554358483,-0.00336744685471057,0.033));
#10829=CARTESIAN_POINT('',(0.0106098855435848,-0.00336744685471057,0.033));
#10830=CARTESIAN_POINT('',(0.0106098855435848,-0.00245818951199538,0.033));
#10831=CARTESIAN_POINT('',(-0.00252848776435282,-0.010043632878047,0.033));
#10832=CARTESIAN_POINT('',(0.0121098855435848,-0.00159216410821094,0.033));
#10833=CARTESIAN_POINT('',(-0.000991047806983939,0.00597166328837527,0.033));
#10834=CARTESIAN_POINT('',(-0.000491047806983924,0.00683768869215972,0.033));
#10835=CARTESIAN_POINT('',(0.0126098855435848,-0.000726138704426501,0.033));
#10836=CARTESIAN_POINT('',(0.0126098855435848,-0.00336744685471058,0.033));
#10837=CARTESIAN_POINT('',(0.0126098855435848,0.00100591210314238,0.033));
#10838=CARTESIAN_POINT('',(-0.00352848776435282,-0.00831158207047809,0.033));
#10839=CARTESIAN_POINT('',(0.0141098855435848,0.00187193750692682,0.033));
#10840=CARTESIAN_POINT('',(0.00100895219301606,0.00943576490351303,0.033));
#10841=CARTESIAN_POINT('',(0.0156098855435848,0.00100591210314238,0.033));
#10842=CARTESIAN_POINT('',(0.0156098855435848,-0.00336744685471057,0.033));
#10843=CARTESIAN_POINT('',(-0.00402848776435284,-0.00744555666669364,0.033));
#10844=CARTESIAN_POINT('',(0.0181098855435848,0.00533603912206457,0.033));
#10845=CARTESIAN_POINT('',(0.00350895219301608,0.0137658919224352,0.033));
#10846=CARTESIAN_POINT('',(0.0166098855435848,0.00620206452584901,0.033));
#10847=CARTESIAN_POINT('',(0.0166098855435848,-0.00336744685471058,0.033));
#10848=CARTESIAN_POINT('',(0.0166098855435849,0.00793411533341789,0.033));
#10849=CARTESIAN_POINT('',(-0.00552848776435283,-0.00484748045534034,0.033));
#10850=CARTESIAN_POINT('',(0.0181098855435848,0.00880014073720232,0.033));
#10851=CARTESIAN_POINT('',(0.00500895219301606,0.0163639681337885,0.033));
#10852=CARTESIAN_POINT('',(-0.00302848776435284,-0.00917760747426252,0.033));
#10853=CARTESIAN_POINT('',(0.0161098855435849,0.00187193750692682,0.033));
#10854=CARTESIAN_POINT('',(0.00150895219301608,0.0103017903072975,0.033));
#10855=CARTESIAN_POINT('',(0.0146098855435848,0.00273796291071125,0.033));
#10856=CARTESIAN_POINT('',(0.0146098855435848,-0.00336744685471058,0.033));
#10857=CARTESIAN_POINT('',(0.0146098855435848,0.00447001371828013,0.033));
#10858=CARTESIAN_POINT('',(-0.00452848776435283,-0.00657953126290921,0.033));
#10859=CARTESIAN_POINT('',(0.0161098855435849,0.00533603912206457,0.033));
#10860=CARTESIAN_POINT('',(0.00300895219301606,0.0128998665186508,0.033));
#10861=CARTESIAN_POINT('',(0.0176098855435848,0.00447001371828013,0.033));
#10862=CARTESIAN_POINT('',(0.0176098855435848,-0.00336744685471057,0.033));
#10863=CARTESIAN_POINT('',(-0.00939011445641518,-0.00336744685471057,0.033));
#10864=CARTESIAN_POINT('',(-0.00939011445641518,0.00447001371828013,0.033));
#10865=CARTESIAN_POINT('',(-0.0105284877643528,0.00381277358250405,0.033));
#10866=CARTESIAN_POINT('',(-0.00789011445641518,0.00533603912206457,0.033));
#10867=CARTESIAN_POINT('',(-0.00299104780698394,0.00250756167323752,0.033));
#10868=CARTESIAN_POINT('',(-0.00639011445641518,0.00447001371828013,0.033));
#10869=CARTESIAN_POINT('',(-0.00639011445641518,-0.00336744685471057,0.033));
#10870=CARTESIAN_POINT('',(-0.00639011445641518,0.00273796291071125,0.033));
#10871=CARTESIAN_POINT('',(-0.00902848776435282,0.00121469737115073,0.033));
#10872=CARTESIAN_POINT('',(-0.00789011445641518,0.00187193750692682,0.033));
#10873=CARTESIAN_POINT('',(-0.00449104780698393,-9.0514538115797E-5,0.033));
#10874=CARTESIAN_POINT('',(-0.00702848776435282,-0.00224940424398703,0.033));
#10875=CARTESIAN_POINT('',(-0.00439011445641517,-0.000726138704426503,0.033));
#10876=CARTESIAN_POINT('',(-0.00739011445641518,-0.00336744685471057,0.033));
#10877=CARTESIAN_POINT('',(-0.00739011445641518,0.00100591210314238,0.033));
#10878=CARTESIAN_POINT('',(-0.00852848776435282,0.00034867196736629,0.033));
#10879=CARTESIAN_POINT('',(-0.00589011445641518,0.00187193750692682,0.033));
#10880=CARTESIAN_POINT('',(-0.00399104780698393,0.000775510865668645,0.033));
#10881=CARTESIAN_POINT('',(-0.00439011445641517,0.00100591210314238,0.033));
#10882=CARTESIAN_POINT('',(-0.00439011445641517,-0.00336744685471057,0.033));
#10883=CARTESIAN_POINT('',(0.00300895219301606,0.0128998665186508,0.033));
#10884=CARTESIAN_POINT('',(0.00410988554358483,0.0122642423523401,0.033));
#10885=CARTESIAN_POINT('',(0.00560988554358482,0.0113982169485556,0.033));
#10886=CARTESIAN_POINT('',(0.00560988554358482,-0.00336744685471057,0.033));
#10887=CARTESIAN_POINT('',(0.00560988554358482,0.00966616614098676,0.033));
#10888=CARTESIAN_POINT('',(-0.00902848776435283,0.00121469737115074,0.033));
#10889=CARTESIAN_POINT('',(0.00410988554358482,0.00880014073720232,0.033));
#10890=CARTESIAN_POINT('',(0.00150895219301607,0.0103017903072975,0.033));
#10891=CARTESIAN_POINT('',(0.00260988554358483,0.00966616614098676,0.033));
#10892=CARTESIAN_POINT('',(0.00260988554358482,-0.00336744685471057,0.033));
#10893=CARTESIAN_POINT('',(0.00260988554358483,0.0113982169485556,0.033));
#10894=CARTESIAN_POINT('',(-0.0105284877643528,0.00381277358250405,0.033));
#10895=CARTESIAN_POINT('',(-0.00199104780698394,0.0042396124808064,0.033));
#10896=CARTESIAN_POINT('',(-0.00389011445641517,0.00533603912206457,0.033));
#10897=CARTESIAN_POINT('',(-0.00239011445641517,0.00447001371828013,0.033));
#10898=CARTESIAN_POINT('',(-0.00239011445641517,-0.00336744685471057,0.033));
#10899=CARTESIAN_POINT('',(-0.00239011445641517,0.00273796291071125,0.033));
#10900=CARTESIAN_POINT('',(-0.00802848776435282,-0.000517353436418141,0.033));
#10901=CARTESIAN_POINT('',(-0.00389011445641518,0.00187193750692682,0.033));
#10902=CARTESIAN_POINT('',(-0.00349104780698393,0.00164153626945308,0.033));
#10903=CARTESIAN_POINT('',(-0.00539011445641518,0.00273796291071125,0.033));
#10904=CARTESIAN_POINT('',(-0.00539011445641518,-0.00336744685471057,0.033));
#10905=CARTESIAN_POINT('',(-0.00539011445641518,0.00447001371828013,0.033));
#10906=CARTESIAN_POINT('',(-0.00952848776435282,0.00208072277493517,0.033));
#10907=CARTESIAN_POINT('',(-0.00299104780698394,0.00250756167323752,0.033));
#10908=CARTESIAN_POINT('',(-0.00189011445641517,0.00187193750692682,0.033));
#10909=CARTESIAN_POINT('',(-0.000390114456415177,0.00100591210314238,0.033));
#10910=CARTESIAN_POINT('',(-0.000390114456415177,-0.00336744685471057,0.033));
#10911=CARTESIAN_POINT('',(-0.000390114456415177,-0.000726138704426503,
0.033));
#10912=CARTESIAN_POINT('',(-0.00602848776435283,-0.0039814550515559,0.033));
#10913=CARTESIAN_POINT('',(-0.00189011445641518,-0.00159216410821094,0.033));
#10914=CARTESIAN_POINT('',(-0.00449104780698393,-9.05145381157944E-5,0.033));
#10915=CARTESIAN_POINT('',(-0.00339011445641517,-0.000726138704426501,0.033));
#10916=CARTESIAN_POINT('',(-0.00339011445641517,-0.00336744685471057,0.033));
#10917=CARTESIAN_POINT('',(-0.00339011445641517,0.00100591210314238,0.033));
#10918=CARTESIAN_POINT('',(-0.00752848776435282,-0.00138337884020259,0.033));
#10919=CARTESIAN_POINT('',(-0.00199104780698394,0.0042396124808064,0.033));
#10920=CARTESIAN_POINT('',(0.00210988554358483,0.00187193750692682,0.033));
#10921=CARTESIAN_POINT('',(0.00360988554358483,0.00100591210314238,0.033));
#10922=CARTESIAN_POINT('',(0.00360988554358483,-0.00336744685471057,0.033));
#10923=CARTESIAN_POINT('',(0.00360988554358483,-0.000726138704426503,0.033));
#10924=CARTESIAN_POINT('',(-0.00502848776435283,-0.00571350585912477,0.033));
#10925=CARTESIAN_POINT('',(0.00210988554358483,-0.00159216410821094,0.033));
#10926=CARTESIAN_POINT('',(-0.00349104780698393,0.00164153626945309,0.033));
#10927=CARTESIAN_POINT('',(0.000609885543584823,-0.000726138704426501,0.033));
#10928=CARTESIAN_POINT('',(0.000609885543584823,-0.00336744685471057,0.033));
#10929=CARTESIAN_POINT('',(0.000609885543584824,0.00100591210314238,0.033));
#10930=CARTESIAN_POINT('',(-0.00652848776435282,-0.00311542964777146,0.033));
#10931=CARTESIAN_POINT('',(-0.000991047806983938,0.00597166328837528,0.033));
#10932=CARTESIAN_POINT('',(0.00610988554358482,0.00187193750692682,0.033));
#10933=CARTESIAN_POINT('',(0.00760988554358482,0.00100591210314238,0.033));
#10934=CARTESIAN_POINT('',(0.00760988554358482,-0.00336744685471057,0.033));
#10935=CARTESIAN_POINT('',(0.00760988554358482,-0.000726138704426503,0.033));
#10936=CARTESIAN_POINT('',(-0.00402848776435284,-0.00744555666669365,0.033));
#10937=CARTESIAN_POINT('',(0.00610988554358482,-0.00159216410821094,0.033));
#10938=CARTESIAN_POINT('',(-0.00249104780698393,0.00337358707702197,0.033));
#10939=CARTESIAN_POINT('',(0.00460988554358482,-0.000726138704426501,0.033));
#10940=CARTESIAN_POINT('',(0.00460988554358482,-0.00336744685471057,0.033));
#10941=CARTESIAN_POINT('',(0.00460988554358482,0.00100591210314238,0.033));
#10942=CARTESIAN_POINT('',(-0.00552848776435282,-0.00484748045534034,0.033));
#10943=CARTESIAN_POINT('',(8.95219301606017E-6,0.00770371409594415,0.033));
#10944=CARTESIAN_POINT('',(0.0101098855435848,0.00187193750692682,0.033));
#10945=CARTESIAN_POINT('',(0.0116098855435848,0.00100591210314238,0.033));
#10946=CARTESIAN_POINT('',(0.0116098855435848,-0.00336744685471057,0.033));
#10947=CARTESIAN_POINT('',(0.0116098855435848,-0.000726138704426503,0.033));
#10948=CARTESIAN_POINT('',(-0.00302848776435283,-0.00917760747426252,0.033));
#10949=CARTESIAN_POINT('',(0.0101098855435848,-0.00159216410821094,0.033));
#10950=CARTESIAN_POINT('',(-0.00149104780698392,0.00510563788459084,0.033));
#10951=CARTESIAN_POINT('',(0.00860988554358482,-0.000726138704426501,0.033));
#10952=CARTESIAN_POINT('',(0.00860988554358482,-0.00336744685471057,0.033));
#10953=CARTESIAN_POINT('',(0.00860988554358482,0.00100591210314238,0.033));
#10954=CARTESIAN_POINT('',(-0.00452848776435283,-0.00657953126290922,0.033));
#10955=CARTESIAN_POINT('',(0.00400895219301606,0.0146319173262197,0.033));
#10956=CARTESIAN_POINT('',(0.0141098855435848,0.00880014073720232,0.033));
#10957=CARTESIAN_POINT('',(0.0156098855435848,0.00793411533341789,0.033));
#10958=CARTESIAN_POINT('',(0.0156098855435848,-0.00336744685471057,0.033));
#10959=CARTESIAN_POINT('',(0.0156098855435848,0.00620206452584901,0.033));
#10960=CARTESIAN_POINT('',(-0.00502848776435284,-0.00571350585912476,0.033));
#10961=CARTESIAN_POINT('',(0.0141098855435848,0.00533603912206457,0.033));
#10962=CARTESIAN_POINT('',(0.00250895219301608,0.0120338411148663,0.033));
#10963=CARTESIAN_POINT('',(0.0126098855435848,0.00620206452584901,0.033));
#10964=CARTESIAN_POINT('',(0.0126098855435848,-0.00336744685471058,0.033));
#10965=CARTESIAN_POINT('',(0.0126098855435848,0.00793411533341789,0.033));
#10966=CARTESIAN_POINT('',(-0.00652848776435283,-0.00311542964777146,0.033));
#10967=CARTESIAN_POINT('',(0.00300895219301606,0.0128998665186508,0.033));
#10968=CARTESIAN_POINT('',(0.0101098855435848,0.00880014073720232,0.033));
#10969=CARTESIAN_POINT('',(0.0116098855435848,0.00793411533341789,0.033));
#10970=CARTESIAN_POINT('',(0.0116098855435848,-0.00336744685471057,0.033));
#10971=CARTESIAN_POINT('',(0.0116098855435848,0.00620206452584901,0.033));
#10972=CARTESIAN_POINT('',(-0.00602848776435283,-0.00398145505155588,0.033));
#10973=CARTESIAN_POINT('',(0.0101098855435848,0.00533603912206457,0.033));
#10974=CARTESIAN_POINT('',(0.00150895219301607,0.0103017903072975,0.033));
#10975=CARTESIAN_POINT('',(0.00860988554358482,0.00620206452584901,0.033));
#10976=CARTESIAN_POINT('',(0.00860988554358482,-0.00336744685471057,0.033));
#10977=CARTESIAN_POINT('',(0.00860988554358482,0.00793411533341789,0.033));
#10978=CARTESIAN_POINT('',(-0.00752848776435282,-0.00138337884020258,0.033));
#10979=CARTESIAN_POINT('',(0.00200895219301606,0.0111678157110819,0.033));
#10980=CARTESIAN_POINT('',(0.00610988554358482,0.00880014073720232,0.033));
#10981=CARTESIAN_POINT('',(0.00760988554358482,0.00793411533341789,0.033));
#10982=CARTESIAN_POINT('',(0.00760988554358482,-0.00336744685471057,0.033));
#10983=CARTESIAN_POINT('',(0.00760988554358482,0.00620206452584901,0.033));
#10984=CARTESIAN_POINT('',(-0.00702848776435283,-0.00224940424398701,0.033));
#10985=CARTESIAN_POINT('',(0.00610988554358482,0.00533603912206457,0.033));
#10986=CARTESIAN_POINT('',(0.000508952193016075,0.00856973949972859,0.033));
#10987=CARTESIAN_POINT('',(0.00460988554358482,0.00620206452584901,0.033));
#10988=CARTESIAN_POINT('',(0.00460988554358482,-0.00336744685471057,0.033));
#10989=CARTESIAN_POINT('',(0.00460988554358482,0.00793411533341789,0.033));
#10990=CARTESIAN_POINT('',(-0.00852848776435282,0.000348671967366292,0.033));
#10991=CARTESIAN_POINT('',(0.00100895219301606,0.00943576490351303,0.033));
#10992=CARTESIAN_POINT('',(0.00210988554358483,0.00880014073720232,0.033));
#10993=CARTESIAN_POINT('',(0.00360988554358483,0.00793411533341789,0.033));
#10994=CARTESIAN_POINT('',(0.00360988554358483,-0.00336744685471057,0.033));
#10995=CARTESIAN_POINT('',(0.00360988554358483,0.00620206452584901,0.033));
#10996=CARTESIAN_POINT('',(-0.00802848776435283,-0.000517353436418136,0.033));
#10997=CARTESIAN_POINT('',(0.00210988554358482,0.00533603912206457,0.033));
#10998=CARTESIAN_POINT('',(-0.000491047806983926,0.00683768869215971,0.033));
#10999=CARTESIAN_POINT('',(0.000609885543584823,0.00620206452584901,0.033));
#11000=CARTESIAN_POINT('',(0.000609885543584821,-0.00336744685471057,0.033));
#11001=CARTESIAN_POINT('',(0.000609885543584824,0.00793411533341789,0.033));
#11002=CARTESIAN_POINT('',(-0.00952848776435282,0.00208072277493517,0.033));
#11003=CARTESIAN_POINT('',(8.95219301606364E-6,0.00770371409594416,0.033));
#11004=CARTESIAN_POINT('',(-0.00189011445641517,0.00880014073720232,0.033));
#11005=CARTESIAN_POINT('',(-0.000390114456415177,0.00793411533341789,0.033));
#11006=CARTESIAN_POINT('',(-0.000390114456415177,-0.00336744685471057,0.033));
#11007=CARTESIAN_POINT('',(-0.000390114456415177,0.00620206452584901,0.033));
#11008=CARTESIAN_POINT('',(-0.00902848776435282,0.00121469737115074,0.033));
#11009=CARTESIAN_POINT('',(-0.00189011445641517,0.00533603912206457,0.033));
#11010=CARTESIAN_POINT('',(-0.00149104780698393,0.00510563788459083,0.033));
#11011=CARTESIAN_POINT('',(-0.00339011445641517,0.00620206452584901,0.033));
#11012=CARTESIAN_POINT('',(-0.00339011445641518,-0.00336744685471057,0.033));
#11013=CARTESIAN_POINT('',(-0.00339011445641517,0.00793411533341789,0.033));
#11014=CARTESIAN_POINT('',(-0.0105284877643528,0.00381277358250405,0.033));
#11015=CARTESIAN_POINT('',(-0.000991047806983935,0.00597166328837528,0.033));
#11016=CARTESIAN_POINT('',(-0.00589011445641518,0.00880014073720232,0.033));
#11017=CARTESIAN_POINT('',(-0.00439011445641517,0.00793411533341789,0.033));
#11018=CARTESIAN_POINT('',(-0.00439011445641517,-0.00336744685471057,0.033));
#11019=CARTESIAN_POINT('',(-0.00439011445641517,0.00620206452584901,0.033));
#11020=CARTESIAN_POINT('',(-0.0100284877643528,0.00294674817871961,0.033));
#11021=CARTESIAN_POINT('',(-0.00589011445641518,0.00533603912206457,0.033));
#11022=CARTESIAN_POINT('',(-0.00249104780698393,0.00337358707702196,0.033));
#11023=CARTESIAN_POINT('',(-0.00739011445641518,0.00620206452584901,0.033));
#11024=CARTESIAN_POINT('',(-0.00739011445641518,-0.00336744685471057,0.033));
#11025=CARTESIAN_POINT('',(-0.00739011445641518,0.00793411533341789,0.033));
#11026=CARTESIAN_POINT('',(-0.0115284877643528,0.00554482439007292,0.033));
#11027=CARTESIAN_POINT('',(-0.000991047806983936,0.00597166328837528,0.033));
#11028=CARTESIAN_POINT('',(0.000109885543584823,0.00533603912206457,0.033));
#11029=CARTESIAN_POINT('',(0.00160988554358482,0.00447001371828013,0.033));
#11030=CARTESIAN_POINT('',(0.00160988554358482,-0.00336744685471057,0.033));
#11031=CARTESIAN_POINT('',(0.00160988554358482,0.00273796291071125,0.033));
#11032=CARTESIAN_POINT('',(-0.00702848776435283,-0.00224940424398702,0.033));
#11033=CARTESIAN_POINT('',(0.000109885543584823,0.00187193750692682,0.033));
#11034=CARTESIAN_POINT('',(-0.00249104780698393,0.00337358707702196,0.033));
#11035=CARTESIAN_POINT('',(-0.00139011445641518,0.00273796291071125,0.033));
#11036=CARTESIAN_POINT('',(-0.00139011445641518,-0.00336744685471057,0.033));
#11037=CARTESIAN_POINT('',(-0.00139011445641518,0.00447001371828013,0.033));
#11038=CARTESIAN_POINT('',(-0.00852848776435282,0.000348671967366292,0.033));
#11039=CARTESIAN_POINT('',(8.95219301606191E-6,0.00770371409594416,0.033));
#11040=CARTESIAN_POINT('',(0.00410988554358483,0.00533603912206457,0.033));
#11041=CARTESIAN_POINT('',(0.00560988554358482,0.00447001371828013,0.033));
#11042=CARTESIAN_POINT('',(0.00560988554358482,-0.00336744685471057,0.033));
#11043=CARTESIAN_POINT('',(0.00560988554358482,0.00273796291071125,0.033));
#11044=CARTESIAN_POINT('',(-0.00602848776435283,-0.0039814550515559,0.033));
#11045=CARTESIAN_POINT('',(0.00410988554358482,0.00187193750692682,0.033));
#11046=CARTESIAN_POINT('',(-0.00149104780698393,0.00510563788459084,0.033));
#11047=CARTESIAN_POINT('',(0.00260988554358483,0.00273796291071125,0.033));
#11048=CARTESIAN_POINT('',(0.00260988554358483,-0.00336744685471057,0.033));
#11049=CARTESIAN_POINT('',(0.00260988554358483,0.00447001371828013,0.033));
#11050=CARTESIAN_POINT('',(-0.00752848776435282,-0.00138337884020258,0.033));
#11051=CARTESIAN_POINT('',(0.00100895219301606,0.00943576490351303,0.033));
#11052=CARTESIAN_POINT('',(0.00810988554358482,0.00533603912206457,0.033));
#11053=CARTESIAN_POINT('',(0.00960988554358482,0.00447001371828013,0.033));
#11054=CARTESIAN_POINT('',(0.00960988554358483,-0.00336744685471057,0.033));
#11055=CARTESIAN_POINT('',(0.00960988554358482,0.00273796291071125,0.033));
#11056=CARTESIAN_POINT('',(-0.00502848776435283,-0.00571350585912477,0.033));
#11057=CARTESIAN_POINT('',(0.00810988554358482,0.00187193750692682,0.033));
#11058=CARTESIAN_POINT('',(-0.000491047806983926,0.00683768869215972,0.033));
#11059=CARTESIAN_POINT('',(0.00660988554358482,0.00273796291071125,0.033));
#11060=CARTESIAN_POINT('',(0.00660988554358482,-0.00336744685471057,0.033));
#11061=CARTESIAN_POINT('',(0.00660988554358482,0.00447001371828013,0.033));
#11062=CARTESIAN_POINT('',(-0.00652848776435282,-0.00311542964777146,0.033));
#11063=CARTESIAN_POINT('',(0.00200895219301606,0.0111678157110819,0.033));
#11064=CARTESIAN_POINT('',(0.0121098855435848,0.00533603912206457,0.033));
#11065=CARTESIAN_POINT('',(0.0136098855435848,0.00447001371828013,0.033));
#11066=CARTESIAN_POINT('',(0.0136098855435848,-0.00336744685471057,0.033));
#11067=CARTESIAN_POINT('',(0.0136098855435848,0.00273796291071125,0.033));
#11068=CARTESIAN_POINT('',(-0.00402848776435284,-0.00744555666669364,0.033));
#11069=CARTESIAN_POINT('',(0.0121098855435848,0.00187193750692682,0.033));
#11070=CARTESIAN_POINT('',(0.000508952193016076,0.00856973949972859,0.033));
#11071=CARTESIAN_POINT('',(0.0106098855435848,0.00273796291071125,0.033));
#11072=CARTESIAN_POINT('',(0.0106098855435848,-0.00336744685471057,0.033));
#11073=CARTESIAN_POINT('',(0.0106098855435848,0.00447001371828013,0.033));
#11074=CARTESIAN_POINT('',(-0.00552848776435282,-0.00484748045534034,0.033));
#11075=CARTESIAN_POINT('',(0.00900895219301606,0.0232921713640641,0.033));
#11076=CARTESIAN_POINT('',(0.0101098855435848,0.0226565471977534,0.033));
#11077=CARTESIAN_POINT('',(0.0116098855435848,0.0217905217939689,0.033));
#11078=CARTESIAN_POINT('',(0.0116098855435848,-0.00336744685471057,0.033));
#11079=CARTESIAN_POINT('',(0.0116098855435848,0.0200584709864,0.033));
#11080=CARTESIAN_POINT('',(-0.0120284877643528,0.00641084979385739,0.033));
#11081=CARTESIAN_POINT('',(0.0101098855435848,0.0191924455826156,0.033));
#11082=CARTESIAN_POINT('',(0.00750895219301608,0.0206940951527107,0.033));
#11083=CARTESIAN_POINT('',(0.00860988554358482,0.0200584709864001,0.033));
#11084=CARTESIAN_POINT('',(0.00860988554358482,-0.00336744685471057,0.033));
#11085=CARTESIAN_POINT('',(0.00860988554358482,0.0217905217939689,0.033));
#11086=CARTESIAN_POINT('',(-0.0135284877643528,0.00900892600521068,0.033));
#11087=CARTESIAN_POINT('',(0.00600895219301606,0.0180960189413574,0.033));
#11088=CARTESIAN_POINT('',(-0.00189011445641517,0.0226565471977534,0.033));
#11089=CARTESIAN_POINT('',(-0.000390114456415177,0.0217905217939689,0.033));
#11090=CARTESIAN_POINT('',(-0.000390114456415177,-0.00336744685471057,0.033));
#11091=CARTESIAN_POINT('',(-0.000390114456415177,0.0200584709864,0.033));
#11092=CARTESIAN_POINT('',(-0.0150284877643528,0.011607002216564,0.033));
#11093=CARTESIAN_POINT('',(-0.00189011445641518,0.0191924455826156,0.033));
#11094=CARTESIAN_POINT('',(0.00450895219301608,0.0154979427300041,0.033));
#11095=CARTESIAN_POINT('',(-0.00339011445641517,0.0200584709864001,0.033));
#11096=CARTESIAN_POINT('',(-0.00339011445641518,-0.00336744685471057,0.033));
#11097=CARTESIAN_POINT('',(-0.00339011445641517,0.0217905217939689,0.033));
#11098=CARTESIAN_POINT('',(-0.0165284877643528,0.0142050784279173,0.033));
#11099=CARTESIAN_POINT('',(0.00700895219301606,0.0198280697489263,0.033));
#11100=CARTESIAN_POINT('',(0.00210988554358483,0.0226565471977534,0.033));
#11101=CARTESIAN_POINT('',(0.00360988554358483,0.0217905217939689,0.033));
#11102=CARTESIAN_POINT('',(0.00360988554358483,-0.00336744685471057,0.033));
#11103=CARTESIAN_POINT('',(0.00360988554358483,0.0200584709864,0.033));
#11104=CARTESIAN_POINT('',(-0.0140284877643528,0.00987495140899514,0.033));
#11105=CARTESIAN_POINT('',(0.00210988554358483,0.0191924455826156,0.033));
#11106=CARTESIAN_POINT('',(0.00550895219301608,0.017229993537573,0.033));
#11107=CARTESIAN_POINT('',(0.000609885543584823,0.0200584709864001,0.033));
#11108=CARTESIAN_POINT('',(0.000609885543584818,-0.00336744685471057,0.033));
#11109=CARTESIAN_POINT('',(0.000609885543584824,0.0217905217939689,0.033));
#11110=CARTESIAN_POINT('',(-0.0155284877643528,0.0124730276203484,0.033));
#11111=CARTESIAN_POINT('',(0.00800895219301605,0.0215601205564952,0.033));
#11112=CARTESIAN_POINT('',(0.00610988554358482,0.0226565471977534,0.033));
#11113=CARTESIAN_POINT('',(0.00760988554358482,0.0217905217939689,0.033));
#11114=CARTESIAN_POINT('',(0.00760988554358482,-0.00336744685471057,0.033));
#11115=CARTESIAN_POINT('',(0.00760988554358482,0.0200584709864,0.033));
#11116=CARTESIAN_POINT('',(-0.0130284877643528,0.00814290060142626,0.033));
#11117=CARTESIAN_POINT('',(0.00610988554358483,0.0191924455826156,0.033));
#11118=CARTESIAN_POINT('',(0.00650895219301608,0.0189620443451418,0.033));
#11119=CARTESIAN_POINT('',(0.00460988554358482,0.0200584709864001,0.033));
#11120=CARTESIAN_POINT('',(0.00460988554358482,-0.00336744685471057,0.033));
#11121=CARTESIAN_POINT('',(0.00460988554358482,0.0217905217939689,0.033));
#11122=CARTESIAN_POINT('',(-0.0145284877643528,0.0107409768127796,0.033));
#11123=CARTESIAN_POINT('',(0.00300895219301606,0.0128998665186508,0.033));
#11124=CARTESIAN_POINT('',(-0.00189011445641517,0.0157283439674779,0.033));
#11125=CARTESIAN_POINT('',(-0.000390114456415177,0.0148623185636934,0.033));
#11126=CARTESIAN_POINT('',(-0.000390114456415177,-0.00336744685471057,0.033));
#11127=CARTESIAN_POINT('',(-0.000390114456415177,0.0131302677561245,0.033));
#11128=CARTESIAN_POINT('',(-0.0120284877643528,0.00641084979385738,0.033));
#11129=CARTESIAN_POINT('',(-0.00189011445641518,0.0122642423523401,0.033));
#11130=CARTESIAN_POINT('',(0.00150895219301607,0.0103017903072975,0.033));
#11131=CARTESIAN_POINT('',(-0.00339011445641517,0.0131302677561245,0.033));
#11132=CARTESIAN_POINT('',(-0.00339011445641518,-0.00336744685471057,0.033));
#11133=CARTESIAN_POINT('',(-0.00339011445641517,0.0148623185636934,0.033));
#11134=CARTESIAN_POINT('',(-0.0135284877643528,0.00900892600521068,0.033));
#11135=CARTESIAN_POINT('',(0.00200895219301606,0.0111678157110819,0.033));
#11136=CARTESIAN_POINT('',(-0.00589011445641518,0.0157283439674779,0.033));
#11137=CARTESIAN_POINT('',(-0.00439011445641517,0.0148623185636934,0.033));
#11138=CARTESIAN_POINT('',(-0.00439011445641517,-0.00336744685471057,0.033));
#11139=CARTESIAN_POINT('',(-0.00439011445641517,0.0131302677561245,0.033));
#11140=CARTESIAN_POINT('',(-0.0130284877643528,0.00814290060142625,0.033));
#11141=CARTESIAN_POINT('',(-0.00589011445641518,0.0122642423523401,0.033));
#11142=CARTESIAN_POINT('',(0.00050895219301607,0.00856973949972858,0.033));
#11143=CARTESIAN_POINT('',(-0.00739011445641518,0.0131302677561245,0.033));
#11144=CARTESIAN_POINT('',(-0.00739011445641518,-0.00336744685471057,0.033));
#11145=CARTESIAN_POINT('',(-0.00739011445641518,0.0148623185636934,0.033));
#11146=CARTESIAN_POINT('',(-0.0145284877643528,0.0107409768127796,0.033));
#11147=CARTESIAN_POINT('',(0.00600895219301605,0.0180960189413574,0.033));
#11148=CARTESIAN_POINT('',(0.0161098855435849,0.0122642423523401,0.033));
#11149=CARTESIAN_POINT('',(0.0176098855435848,0.0113982169485556,0.033));
#11150=CARTESIAN_POINT('',(0.0176098855435848,-0.00336744685471057,0.033));
#11151=CARTESIAN_POINT('',(0.0176098855435848,0.00966616614098676,0.033));
#11152=CARTESIAN_POINT('',(-0.00602848776435284,-0.00398145505155588,0.033));
#11153=CARTESIAN_POINT('',(0.0161098855435849,0.00880014073720233,0.033));
#11154=CARTESIAN_POINT('',(0.00450895219301608,0.0154979427300041,0.033));
#11155=CARTESIAN_POINT('',(0.0146098855435848,0.00966616614098676,0.033));
#11156=CARTESIAN_POINT('',(0.0146098855435848,-0.00336744685471058,0.033));
#11157=CARTESIAN_POINT('',(0.0146098855435848,0.0113982169485556,0.033));
#11158=CARTESIAN_POINT('',(-0.00752848776435282,-0.00138337884020258,0.033));
#11159=CARTESIAN_POINT('',(0.00500895219301606,0.0163639681337885,0.033));
#11160=CARTESIAN_POINT('',(0.0121098855435848,0.0122642423523401,0.033));
#11161=CARTESIAN_POINT('',(0.0136098855435848,0.0113982169485556,0.033));
#11162=CARTESIAN_POINT('',(0.0136098855435848,-0.00336744685471057,0.033));
#11163=CARTESIAN_POINT('',(0.0136098855435848,0.00966616614098676,0.033));
#11164=CARTESIAN_POINT('',(-0.00702848776435283,-0.00224940424398701,0.033));
#11165=CARTESIAN_POINT('',(0.0121098855435848,0.00880014073720233,0.033));
#11166=CARTESIAN_POINT('',(0.00350895219301607,0.0137658919224352,0.033));
#11167=CARTESIAN_POINT('',(0.0106098855435848,0.00966616614098676,0.033));
#11168=CARTESIAN_POINT('',(0.0106098855435848,-0.00336744685471057,0.033));
#11169=CARTESIAN_POINT('',(0.0106098855435848,0.0113982169485556,0.033));
#11170=CARTESIAN_POINT('',(-0.00852848776435282,0.000348671967366292,0.033));
#11171=CARTESIAN_POINT('',(8.95219301606451E-6,0.00770371409594416,0.033));
#11172=CARTESIAN_POINT('',(-0.00789011445641518,0.0122642423523401,0.033));
#11173=CARTESIAN_POINT('',(-0.00639011445641518,0.0113982169485556,0.033));
#11174=CARTESIAN_POINT('',(-0.00639011445641518,-0.00336744685471057,0.033));
#11175=CARTESIAN_POINT('',(-0.00639011445641518,0.00966616614098676,0.033));
#11176=CARTESIAN_POINT('',(-0.0120284877643528,0.00641084979385737,0.033));
#11177=CARTESIAN_POINT('',(-0.00789011445641518,0.00880014073720233,0.033));
#11178=CARTESIAN_POINT('',(-0.00149104780698393,0.00510563788459083,0.033));
#11179=CARTESIAN_POINT('',(-0.00939011445641518,0.00966616614098676,0.033));
#11180=CARTESIAN_POINT('',(-0.00939011445641518,-0.00336744685471057,0.033));
#11181=CARTESIAN_POINT('',(-0.00939011445641518,0.0113982169485556,0.033));
#11182=CARTESIAN_POINT('',(-0.0135284877643528,0.00900892600521068,0.033));
#11183=CARTESIAN_POINT('',(0.00100895219301606,0.00943576490351304,0.033));
#11184=CARTESIAN_POINT('',(-0.00389011445641517,0.0122642423523401,0.033));
#11185=CARTESIAN_POINT('',(-0.00239011445641517,0.0113982169485556,0.033));
#11186=CARTESIAN_POINT('',(-0.00239011445641517,-0.00336744685471057,0.033));
#11187=CARTESIAN_POINT('',(-0.00239011445641517,0.00966616614098676,0.033));
#11188=CARTESIAN_POINT('',(-0.0110284877643528,0.0046787989862885,0.033));
#11189=CARTESIAN_POINT('',(-0.00389011445641518,0.00880014073720233,0.033));
#11190=CARTESIAN_POINT('',(-0.000491047806983929,0.00683768869215971,0.033));
#11191=CARTESIAN_POINT('',(-0.00539011445641518,0.00966616614098676,0.033));
#11192=CARTESIAN_POINT('',(-0.00539011445641518,-0.00336744685471057,0.033));
#11193=CARTESIAN_POINT('',(-0.00539011445641518,0.0113982169485556,0.033));
#11194=CARTESIAN_POINT('',(-0.0125284877643528,0.0072768751976418,0.033));
#11195=CARTESIAN_POINT('',(0.00200895219301606,0.0111678157110819,0.033));
#11196=CARTESIAN_POINT('',(0.000109885543584823,0.0122642423523401,0.033));
#11197=CARTESIAN_POINT('',(0.00160988554358482,0.0113982169485556,0.033));
#11198=CARTESIAN_POINT('',(0.00160988554358482,-0.00336744685471057,0.033));
#11199=CARTESIAN_POINT('',(0.00160988554358482,0.00966616614098676,0.033));
#11200=CARTESIAN_POINT('',(-0.0100284877643528,0.00294674817871962,0.033));
#11201=CARTESIAN_POINT('',(0.000109885543584822,0.00880014073720233,0.033));
#11202=CARTESIAN_POINT('',(0.000508952193016073,0.00856973949972859,0.033));
#11203=CARTESIAN_POINT('',(-0.00139011445641518,0.00966616614098676,0.033));
#11204=CARTESIAN_POINT('',(-0.00139011445641518,-0.00336744685471057,0.033));
#11205=CARTESIAN_POINT('',(-0.00139011445641518,0.0113982169485556,0.033));
#11206=CARTESIAN_POINT('',(-0.0115284877643528,0.00554482439007292,0.033));
#11207=CARTESIAN_POINT('',(0.00400895219301606,0.0146319173262197,0.033));
#11208=CARTESIAN_POINT('',(0.00810988554358482,0.0122642423523401,0.033));
#11209=CARTESIAN_POINT('',(0.00960988554358482,0.0113982169485556,0.033));
#11210=CARTESIAN_POINT('',(0.00960988554358483,-0.00336744685471057,0.033));
#11211=CARTESIAN_POINT('',(0.00960988554358482,0.00966616614098676,0.033));
#11212=CARTESIAN_POINT('',(-0.00802848776435283,-0.000517353436418131,0.033));
#11213=CARTESIAN_POINT('',(0.00810988554358483,0.00880014073720233,0.033));
#11214=CARTESIAN_POINT('',(0.00250895219301607,0.0120338411148663,0.033));
#11215=CARTESIAN_POINT('',(0.00660988554358482,0.00966616614098676,0.033));
#11216=CARTESIAN_POINT('',(0.00660988554358482,-0.00336744685471057,0.033));
#11217=CARTESIAN_POINT('',(0.00660988554358482,0.0113982169485556,0.033));
#11218=CARTESIAN_POINT('',(-0.00952848776435282,0.00208072277493517,0.033));
#11219=CARTESIAN_POINT('',(0.00800895219301605,0.0215601205564952,0.033));
#11220=CARTESIAN_POINT('',(0.0121098855435848,0.0191924455826156,0.033));
#11221=CARTESIAN_POINT('',(0.0136098855435848,0.0183264201788312,0.033));
#11222=CARTESIAN_POINT('',(0.0136098855435848,-0.00336744685471057,0.033));
#11223=CARTESIAN_POINT('',(0.0136098855435848,0.0165943693712623,0.033));
#11224=CARTESIAN_POINT('',(-0.0100284877643528,0.00294674817871963,0.033));
#11225=CARTESIAN_POINT('',(0.0121098855435848,0.0157283439674779,0.033));
#11226=CARTESIAN_POINT('',(0.00650895219301608,0.0189620443451418,0.033));
#11227=CARTESIAN_POINT('',(0.0106098855435848,0.0165943693712623,0.033));
#11228=CARTESIAN_POINT('',(0.0106098855435848,-0.00336744685471057,0.033));
#11229=CARTESIAN_POINT('',(0.0106098855435848,0.0183264201788312,0.033));
#11230=CARTESIAN_POINT('',(-0.0115284877643528,0.00554482439007292,0.033));
#11231=CARTESIAN_POINT('',(0.00700895219301606,0.0198280697489263,0.033));
#11232=CARTESIAN_POINT('',(0.00810988554358482,0.0191924455826156,0.033));
#11233=CARTESIAN_POINT('',(0.00960988554358482,0.0183264201788312,0.033));
#11234=CARTESIAN_POINT('',(0.00960988554358483,-0.00336744685471057,0.033));
#11235=CARTESIAN_POINT('',(0.00960988554358482,0.0165943693712623,0.033));
#11236=CARTESIAN_POINT('',(-0.0110284877643528,0.00467879898628851,0.033));
#11237=CARTESIAN_POINT('',(0.00810988554358483,0.0157283439674779,0.033));
#11238=CARTESIAN_POINT('',(0.00550895219301608,0.017229993537573,0.033));
#11239=CARTESIAN_POINT('',(0.00660988554358482,0.0165943693712623,0.033));
#11240=CARTESIAN_POINT('',(0.00660988554358482,-0.00336744685471057,0.033));
#11241=CARTESIAN_POINT('',(0.00660988554358482,0.0183264201788312,0.033));
#11242=CARTESIAN_POINT('',(-0.0125284877643528,0.0072768751976418,0.033));
#11243=CARTESIAN_POINT('',(0.00600895219301606,0.0180960189413574,0.033));
#11244=CARTESIAN_POINT('',(0.00410988554358483,0.0191924455826156,0.033));
#11245=CARTESIAN_POINT('',(0.00560988554358482,0.0183264201788312,0.033));
#11246=CARTESIAN_POINT('',(0.00560988554358482,-0.00336744685471057,0.033));
#11247=CARTESIAN_POINT('',(0.00560988554358482,0.0165943693712623,0.033));
#11248=CARTESIAN_POINT('',(-0.0120284877643528,0.00641084979385738,0.033));
#11249=CARTESIAN_POINT('',(0.00410988554358482,0.0157283439674779,0.033));
#11250=CARTESIAN_POINT('',(0.00450895219301608,0.0154979427300041,0.033));
#11251=CARTESIAN_POINT('',(0.00260988554358483,0.0165943693712623,0.033));
#11252=CARTESIAN_POINT('',(0.00260988554358482,-0.00336744685471057,0.033));
#11253=CARTESIAN_POINT('',(0.00260988554358483,0.0183264201788312,0.033));
#11254=CARTESIAN_POINT('',(-0.0135284877643528,0.00900892600521068,0.033));
#11255=CARTESIAN_POINT('',(0.00500895219301606,0.0163639681337885,0.033));
#11256=CARTESIAN_POINT('',(0.000109885543584823,0.0191924455826156,0.033));
#11257=CARTESIAN_POINT('',(0.00160988554358482,0.0183264201788312,0.033));
#11258=CARTESIAN_POINT('',(0.00160988554358482,-0.00336744685471057,0.033));
#11259=CARTESIAN_POINT('',(0.00160988554358482,0.0165943693712623,0.033));
#11260=CARTESIAN_POINT('',(-0.0130284877643528,0.00814290060142626,0.033));
#11261=CARTESIAN_POINT('',(0.000109885543584822,0.0157283439674779,0.033));
#11262=CARTESIAN_POINT('',(0.00350895219301607,0.0137658919224352,0.033));
#11263=CARTESIAN_POINT('',(-0.00139011445641518,0.0165943693712623,0.033));
#11264=CARTESIAN_POINT('',(-0.00139011445641518,-0.00336744685471057,0.033));
#11265=CARTESIAN_POINT('',(-0.00139011445641518,0.0183264201788312,0.033));
#11266=CARTESIAN_POINT('',(-0.0145284877643528,0.0107409768127796,0.033));
#11267=CARTESIAN_POINT('',(0.00400895219301606,0.0146319173262197,0.033));
#11268=CARTESIAN_POINT('',(-0.00389011445641517,0.0191924455826156,0.033));
#11269=CARTESIAN_POINT('',(-0.00239011445641517,0.0183264201788312,0.033));
#11270=CARTESIAN_POINT('',(-0.00239011445641517,-0.00336744685471057,0.033));
#11271=CARTESIAN_POINT('',(-0.00239011445641517,0.0165943693712623,0.033));
#11272=CARTESIAN_POINT('',(-0.0140284877643528,0.00987495140899513,0.033));
#11273=CARTESIAN_POINT('',(-0.00389011445641518,0.0157283439674779,0.033));
#11274=CARTESIAN_POINT('',(0.00250895219301607,0.0120338411148663,0.033));
#11275=CARTESIAN_POINT('',(-0.00539011445641518,0.0165943693712623,0.033));
#11276=CARTESIAN_POINT('',(-0.00539011445641518,-0.00336744685471057,0.033));
#11277=CARTESIAN_POINT('',(-0.00539011445641518,0.0183264201788312,0.033));
#11278=CARTESIAN_POINT('',(-0.0155284877643528,0.0124730276203484,0.033));
#11279=CARTESIAN_POINT('',(0.00400895219301606,0.0146319173262197,0.033));
#11280=CARTESIAN_POINT('',(0.00210988554358483,0.0157283439674779,0.033));
#11281=CARTESIAN_POINT('',(0.00360988554358483,0.0148623185636934,0.033));
#11282=CARTESIAN_POINT('',(0.00360988554358483,-0.00336744685471057,0.033));
#11283=CARTESIAN_POINT('',(0.00360988554358483,0.0131302677561245,0.033));
#11284=CARTESIAN_POINT('',(-0.0110284877643528,0.0046787989862885,0.033));
#11285=CARTESIAN_POINT('',(0.00210988554358483,0.0122642423523401,0.033));
#11286=CARTESIAN_POINT('',(0.00250895219301607,0.0120338411148663,0.033));
#11287=CARTESIAN_POINT('',(0.000609885543584823,0.0131302677561245,0.033));
#11288=CARTESIAN_POINT('',(0.00060988554358482,-0.00336744685471057,0.033));
#11289=CARTESIAN_POINT('',(0.000609885543584824,0.0148623185636934,0.033));
#11290=CARTESIAN_POINT('',(-0.0125284877643528,0.0072768751976418,0.033));
#11291=CARTESIAN_POINT('',(0.00500895219301606,0.0163639681337885,0.033));
#11292=CARTESIAN_POINT('',(0.00610988554358482,0.0157283439674779,0.033));
#11293=CARTESIAN_POINT('',(0.00760988554358482,0.0148623185636934,0.033));
#11294=CARTESIAN_POINT('',(0.00760988554358482,-0.00336744685471057,0.033));
#11295=CARTESIAN_POINT('',(0.00760988554358482,0.0131302677561245,0.033));
#11296=CARTESIAN_POINT('',(-0.0100284877643528,0.00294674817871962,0.033));
#11297=CARTESIAN_POINT('',(0.00610988554358482,0.0122642423523401,0.033));
#11298=CARTESIAN_POINT('',(0.00350895219301607,0.0137658919224352,0.033));
#11299=CARTESIAN_POINT('',(0.00460988554358482,0.0131302677561245,0.033));
#11300=CARTESIAN_POINT('',(0.00460988554358482,-0.00336744685471057,0.033));
#11301=CARTESIAN_POINT('',(0.00460988554358482,0.0148623185636934,0.033));
#11302=CARTESIAN_POINT('',(-0.0115284877643528,0.00554482439007292,0.033));
#11303=CARTESIAN_POINT('',(0.00600895219301606,0.0180960189413574,0.033));
#11304=CARTESIAN_POINT('',(0.0101098855435848,0.0157283439674779,0.033));
#11305=CARTESIAN_POINT('',(0.0116098855435848,0.0148623185636934,0.033));
#11306=CARTESIAN_POINT('',(0.0116098855435848,-0.00336744685471057,0.033));
#11307=CARTESIAN_POINT('',(0.0116098855435848,0.0131302677561245,0.033));
#11308=CARTESIAN_POINT('',(-0.00902848776435283,0.00121469737115075,0.033));
#11309=CARTESIAN_POINT('',(0.0101098855435848,0.0122642423523401,0.033));
#11310=CARTESIAN_POINT('',(0.00450895219301608,0.0154979427300041,0.033));
#11311=CARTESIAN_POINT('',(0.00860988554358482,0.0131302677561245,0.033));
#11312=CARTESIAN_POINT('',(0.00860988554358482,-0.00336744685471057,0.033));
#11313=CARTESIAN_POINT('',(0.00860988554358482,0.0148623185636934,0.033));
#11314=CARTESIAN_POINT('',(-0.0105284877643528,0.00381277358250405,0.033));
#11315=CARTESIAN_POINT('',(0.00700895219301606,0.0198280697489263,0.033));
#11316=CARTESIAN_POINT('',(0.0141098855435848,0.0157283439674779,0.033));
#11317=CARTESIAN_POINT('',(0.0156098855435848,0.0148623185636934,0.033));
#11318=CARTESIAN_POINT('',(0.0156098855435848,-0.00336744685471057,0.033));
#11319=CARTESIAN_POINT('',(0.0156098855435848,0.0131302677561245,0.033));
#11320=CARTESIAN_POINT('',(-0.00802848776435283,-0.000517353436418126,0.033));
#11321=CARTESIAN_POINT('',(0.0141098855435848,0.0122642423523401,0.033));
#11322=CARTESIAN_POINT('',(0.00550895219301608,0.017229993537573,0.033));
#11323=CARTESIAN_POINT('',(0.0126098855435848,0.0131302677561245,0.033));
#11324=CARTESIAN_POINT('',(0.0126098855435848,-0.00336744685471058,0.033));
#11325=CARTESIAN_POINT('',(0.0126098855435848,0.0148623185636934,0.033));
#11326=CARTESIAN_POINT('',(-0.00952848776435282,0.00208072277493517,0.033));
#11327=CARTESIAN_POINT('',(-0.00638298556208611,-0.00336744685471057,0.03));
#11328=CARTESIAN_POINT('',(0.0176098855435848,-0.00336744685471057,0.03));
#11329=CARTESIAN_POINT('',(0.0176098855435848,0.0165943693712623,0.03));
#11330=CARTESIAN_POINT('',(0.00900895219301605,0.0232921713640641,0.03));
#11331=CARTESIAN_POINT('',(0.0161098855435849,0.0191924455826156,0.03));
#11332=CARTESIAN_POINT('',(-0.0105284877643528,0.00381277358250405,0.03));
#11333=CARTESIAN_POINT('',(0.0146098855435848,0.0183264201788312,0.03));
#11334=CARTESIAN_POINT('',(0.0146098855435848,-0.00336744685471058,0.03));
#11335=CARTESIAN_POINT('',(0.0146098855435848,0.0165943693712623,0.03));
#11336=CARTESIAN_POINT('',(0.00750895219301608,0.0206940951527107,0.03));
#11337=CARTESIAN_POINT('',(0.0161098855435849,0.0157283439674779,0.03));
#11338=CARTESIAN_POINT('',(-0.00902848776435283,0.00121469737115075,0.03));
#11339=CARTESIAN_POINT('',(-0.00702848776435284,-0.002249404243987,0.03));
#11340=CARTESIAN_POINT('',(0.0181098855435848,0.0122642423523401,0.03));
#11341=CARTESIAN_POINT('',(0.00800895219301605,0.0215601205564952,0.03));
#11342=CARTESIAN_POINT('',(0.0181098855435848,0.0157283439674779,0.03));
#11343=CARTESIAN_POINT('',(-0.00852848776435283,0.000348671967366295,0.03));
#11344=CARTESIAN_POINT('',(0.0166098855435849,0.0148623185636934,0.03));
#11345=CARTESIAN_POINT('',(0.0166098855435848,-0.00336744685471058,0.03));
#11346=CARTESIAN_POINT('',(0.0166098855435848,0.0131302677561245,0.03));
#11347=CARTESIAN_POINT('',(0.00650895219301608,0.0189620443451418,0.03));
#11348=CARTESIAN_POINT('',(-0.0165284877643528,0.0142050784279173,0.03));
#11349=CARTESIAN_POINT('',(-0.00789011445641518,0.0191924455826156,0.03));
#11350=CARTESIAN_POINT('',(-0.00939011445641518,-0.00336744685471057,0.03));
#11351=CARTESIAN_POINT('',(-0.00939011445641518,0.0165943693712623,0.03));
#11352=CARTESIAN_POINT('',(0.00150895219301607,0.0103017903072975,0.03));
#11353=CARTESIAN_POINT('',(-0.00789011445641518,0.0157283439674779,0.03));
#11354=CARTESIAN_POINT('',(-0.0150284877643528,0.011607002216564,0.03));
#11355=CARTESIAN_POINT('',(-0.00639011445641518,0.0165943693712623,0.03));
#11356=CARTESIAN_POINT('',(-0.00639011445641518,-0.00336744685471057,0.03));
#11357=CARTESIAN_POINT('',(-0.00639011445641518,0.0183264201788312,0.03));
#11358=CARTESIAN_POINT('',(0.00300895219301606,0.0128998665186508,0.03));
#11359=CARTESIAN_POINT('',(-0.0155284877643528,0.0124730276203484,0.03));
#11360=CARTESIAN_POINT('',(-0.00989011445641518,0.0157283439674779,0.03));
#11361=CARTESIAN_POINT('',(-0.000491047806983931,0.00683768869215971,0.03));
#11362=CARTESIAN_POINT('',(-0.00989011445641518,0.0122642423523401,0.03));
#11363=CARTESIAN_POINT('',(-0.0140284877643528,0.00987495140899513,0.03));
#11364=CARTESIAN_POINT('',(-0.00839011445641518,0.0131302677561245,0.03));
#11365=CARTESIAN_POINT('',(-0.00839011445641518,-0.00336744685471057,0.03));
#11366=CARTESIAN_POINT('',(-0.00839011445641518,0.0148623185636934,0.03));
#11367=CARTESIAN_POINT('',(0.00100895219301606,0.00943576490351304,0.03));
#11368=CARTESIAN_POINT('',(0.0156098855435848,-0.00336744685471057,0.03));
#11369=CARTESIAN_POINT('',(0.0156098855435848,0.0200584709864,0.03));
#11370=CARTESIAN_POINT('',(-0.0125284877643528,0.0072768751976418,0.03));
#11371=CARTESIAN_POINT('',(0.0126098855435848,0.0217905217939689,0.03));
#11372=CARTESIAN_POINT('',(0.0126098855435848,-0.00336744685471058,0.03));
#11373=CARTESIAN_POINT('',(0.0126098855435848,0.0200584709864001,0.03));
#11374=CARTESIAN_POINT('',(0.00850895219301608,0.0224261459602796,0.03));
#11375=CARTESIAN_POINT('',(0.0141098855435848,0.0191924455826156,0.03));
#11376=CARTESIAN_POINT('',(-0.0110284877643528,0.00467879898628851,0.03));
#11377=CARTESIAN_POINT('',(-0.000991047806983934,0.00597166328837528,0.03));
#11378=CARTESIAN_POINT('',(-0.0103901144564152,0.0113982169485556,0.03));
#11379=CARTESIAN_POINT('',(-0.0130284877643528,0.00814290060142625,0.03));
#11380=CARTESIAN_POINT('',(-0.0103901144564152,0.00966616614098676,0.03));
#11381=CARTESIAN_POINT('',(-0.0103901144564152,-0.00336744685471057,0.03));
#11382=CARTESIAN_POINT('',(-0.0125284877643528,0.0072768751976418,0.03));
#11383=CARTESIAN_POINT('',(-0.00989011445641518,0.00880014073720232,0.03));
#11384=CARTESIAN_POINT('',(-0.00349104780698393,0.00164153626945308,0.03));
#11385=CARTESIAN_POINT('',(-0.00989011445641518,0.00533603912206457,0.03));
#11386=CARTESIAN_POINT('',(-0.0110284877643528,0.00467879898628849,0.03));
#11387=CARTESIAN_POINT('',(-0.00839011445641518,0.00620206452584901,0.03));
#11388=CARTESIAN_POINT('',(-0.00839011445641518,-0.00336744685471057,0.03));
#11389=CARTESIAN_POINT('',(-0.00839011445641518,0.00793411533341789,0.03));
#11390=CARTESIAN_POINT('',(-0.00199104780698394,0.00423961248080641,0.03));
#11391=CARTESIAN_POINT('',(0.00550895219301608,0.017229993537573,0.03));
#11392=CARTESIAN_POINT('',(0.0186098855435848,0.00966616614098676,0.03));
#11393=CARTESIAN_POINT('',(-0.00652848776435283,-0.00311542964777146,0.03));
#11394=CARTESIAN_POINT('',(0.0186098855435849,0.0113982169485556,0.03));
#11395=CARTESIAN_POINT('',(0.0186098855435848,-0.00336744685471058,0.03));
#11396=CARTESIAN_POINT('',(-0.00239011445641517,-0.00336744685471057,0.03));
#11397=CARTESIAN_POINT('',(-0.00239011445641517,0.0235225726015378,0.03));
#11398=CARTESIAN_POINT('',(0.00550895219301608,0.017229993537573,0.03));
#11399=CARTESIAN_POINT('',(-0.00389011445641518,0.0226565471977534,0.03));
#11400=CARTESIAN_POINT('',(-0.0170284877643528,0.0150711038317017,0.03));
#11401=CARTESIAN_POINT('',(0.00500895219301606,0.0163639681337885,0.03));
#11402=CARTESIAN_POINT('',(-0.00439011445641517,0.0217905217939689,0.03));
#11403=CARTESIAN_POINT('',(-0.00739011445641518,-0.00336744685471057,0.03));
#11404=CARTESIAN_POINT('',(-0.00739011445641518,0.0200584709864001,0.03));
#11405=CARTESIAN_POINT('',(0.00350895219301607,0.0137658919224352,0.03));
#11406=CARTESIAN_POINT('',(-0.00589011445641518,0.0191924455826156,0.03));
#11407=CARTESIAN_POINT('',(-0.0160284877643528,0.0133390530241329,0.03));
#11408=CARTESIAN_POINT('',(-0.00439011445641517,0.0200584709864001,0.03));
#11409=CARTESIAN_POINT('',(-0.00439011445641517,-0.00336744685471057,0.03));
#11410=CARTESIAN_POINT('',(0.00800895219301606,0.0215601205564952,0.03));
#11411=CARTESIAN_POINT('',(0.00160988554358482,0.0252546234091066,0.03));
#11412=CARTESIAN_POINT('',(-0.00139011445641518,-0.00336744685471057,0.03));
#11413=CARTESIAN_POINT('',(-0.00139011445641518,0.0235225726015378,0.03));
#11414=CARTESIAN_POINT('',(0.00650895219301608,0.0189620443451418,0.03));
#11415=CARTESIAN_POINT('',(0.000109885543584823,0.0226565471977534,0.03));
#11416=CARTESIAN_POINT('',(-0.0160284877643528,0.0133390530241329,0.03));
#11417=CARTESIAN_POINT('',(0.00160988554358482,0.0235225726015378,0.03));
#11418=CARTESIAN_POINT('',(0.00160988554358482,-0.00336744685471057,0.03));
#11419=CARTESIAN_POINT('',(0.00900895219301606,0.0232921713640641,0.03));
#11420=CARTESIAN_POINT('',(0.00560988554358482,0.0252546234091066,0.03));
#11421=CARTESIAN_POINT('',(-0.0165284877643528,0.0142050784279173,0.03));
#11422=CARTESIAN_POINT('',(0.00260988554358483,0.0252546234091066,0.03));
#11423=CARTESIAN_POINT('',(0.00260988554358482,-0.00336744685471057,0.03));
#11424=CARTESIAN_POINT('',(0.00260988554358483,0.0235225726015378,0.03));
#11425=CARTESIAN_POINT('',(0.00750895219301608,0.0206940951527107,0.03));
#11426=CARTESIAN_POINT('',(0.00410988554358483,0.0226565471977534,0.03));
#11427=CARTESIAN_POINT('',(-0.0150284877643528,0.011607002216564,0.03));
#11428=CARTESIAN_POINT('',(0.00560988554358482,0.0235225726015378,0.03));
#11429=CARTESIAN_POINT('',(0.00560988554358482,-0.00336744685471057,0.03));
#11430=CARTESIAN_POINT('',(0.00960988554358483,-0.00336744685471057,0.03));
#11431=CARTESIAN_POINT('',(0.00960988554358482,0.0235225726015378,0.03));
#11432=CARTESIAN_POINT('',(-0.0155284877643528,0.0124730276203484,0.03));
#11433=CARTESIAN_POINT('',(0.00660988554358482,0.0252546234091066,0.03));
#11434=CARTESIAN_POINT('',(0.00660988554358482,-0.00336744685471057,0.03));
#11435=CARTESIAN_POINT('',(0.00660988554358482,0.0235225726015378,0.03));
#11436=CARTESIAN_POINT('',(0.00850895219301608,0.0224261459602796,0.03));
#11437=CARTESIAN_POINT('',(0.00810988554358482,0.0226565471977534,0.03));
#11438=CARTESIAN_POINT('',(-0.0140284877643528,0.00987495140899514,0.03));
#11439=CARTESIAN_POINT('',(-0.0130284877643528,0.00814290060142627,0.03));
#11440=CARTESIAN_POINT('',(0.0121098855435848,0.0226565471977534,0.03));
#11441=CARTESIAN_POINT('',(0.0106098855435848,-0.00336744685471057,0.03));
#11442=CARTESIAN_POINT('',(0.0106098855435848,0.0235225726015378,0.03));
#11443=CARTESIAN_POINT('',(0.00950895219301608,0.0241581967678485,0.03));
#11444=CARTESIAN_POINT('',(-0.00139011445641518,-0.00336744685471057,0.03));
#11445=CARTESIAN_POINT('',(-0.00139011445641518,-0.00245818951199538,0.03));
#11446=CARTESIAN_POINT('',(-0.00402848776435283,-0.00744555666669365,0.03));
#11447=CARTESIAN_POINT('',(0.00160988554358482,-0.00419024031956425,0.03));
#11448=CARTESIAN_POINT('',(0.00160988554358482,-0.00336744685471057,0.03));
#11449=CARTESIAN_POINT('',(0.00160988554358482,-0.00245818951199538,0.03));
#11450=CARTESIAN_POINT('',(-0.00399104780698393,0.000775510865668644,0.03));
#11451=CARTESIAN_POINT('',(0.000109885543584823,-0.00159216410821094,0.03));
#11452=CARTESIAN_POINT('',(-0.00552848776435282,-0.00484748045534034,0.03));
#11453=CARTESIAN_POINT('',(-0.00652848776435282,-0.00311542964777146,0.03));
#11454=CARTESIAN_POINT('',(-0.00389011445641517,-0.00159216410821094,0.03));
#11455=CARTESIAN_POINT('',(-0.00239011445641517,-0.00336744685471057,0.03));
#11456=CARTESIAN_POINT('',(-0.00239011445641517,-0.00245818951199538,0.03));
#11457=CARTESIAN_POINT('',(-0.00499104780698393,-0.000956539941900233,0.03));
#11458=CARTESIAN_POINT('',(-0.00449104780698393,-9.05145381157909E-5,0.03));
#11459=CARTESIAN_POINT('',(0.00260988554358483,-0.00419024031956425,0.03));
#11460=CARTESIAN_POINT('',(-0.00302848776435283,-0.00917760747426253,0.03));
#11461=CARTESIAN_POINT('',(0.00560988554358482,-0.00419024031956425,0.03));
#11462=CARTESIAN_POINT('',(0.00560988554358482,-0.00336744685471057,0.03));
#11463=CARTESIAN_POINT('',(0.00560988554358482,-0.00245818951199538,0.03));
#11464=CARTESIAN_POINT('',(-0.00299104780698394,0.00250756167323752,0.03));
#11465=CARTESIAN_POINT('',(0.00410988554358483,-0.00159216410821094,0.03));
#11466=CARTESIAN_POINT('',(-0.00452848776435282,-0.00657953126290922,0.03));
#11467=CARTESIAN_POINT('',(0.00260988554358483,-0.00245818951199538,0.03));
#11468=CARTESIAN_POINT('',(0.00260988554358483,-0.00336744685471057,0.03));
#11469=CARTESIAN_POINT('',(-0.00349104780698393,0.00164153626945309,0.03));
#11470=CARTESIAN_POINT('',(0.00660988554358482,-0.00419024031956425,0.03));
#11471=CARTESIAN_POINT('',(0.00960988554358483,-0.00336744685471057,0.03));
#11472=CARTESIAN_POINT('',(0.00960988554358482,-0.00245818951199538,0.03));
#11473=CARTESIAN_POINT('',(-0.00199104780698394,0.0042396124808064,0.03));
#11474=CARTESIAN_POINT('',(0.00810988554358482,-0.00159216410821094,0.03));
#11475=CARTESIAN_POINT('',(-0.00352848776435282,-0.00831158207047809,0.03));
#11476=CARTESIAN_POINT('',(0.00660988554358482,-0.00245818951199538,0.03));
#11477=CARTESIAN_POINT('',(0.00660988554358482,-0.00336744685471057,0.03));
#11478=CARTESIAN_POINT('',(0.0106098855435848,-0.00336744685471057,0.03));
#11479=CARTESIAN_POINT('',(0.0106098855435848,-0.00245818951199538,0.03));
#11480=CARTESIAN_POINT('',(-0.000991047806983939,0.00597166328837527,0.03));
#11481=CARTESIAN_POINT('',(0.0121098855435848,-0.00159216410821094,0.03));
#11482=CARTESIAN_POINT('',(-0.00252848776435282,-0.010043632878047,0.03));
#11483=CARTESIAN_POINT('',(-0.000491047806983924,0.00683768869215972,0.03));
#11484=CARTESIAN_POINT('',(0.0126098855435848,-0.000726138704426501,0.03));
#11485=CARTESIAN_POINT('',(0.0156098855435848,-0.00336744685471057,0.03));
#11486=CARTESIAN_POINT('',(0.0156098855435848,0.00100591210314238,0.03));
#11487=CARTESIAN_POINT('',(0.00100895219301606,0.00943576490351303,0.03));
#11488=CARTESIAN_POINT('',(0.0141098855435848,0.00187193750692682,0.03));
#11489=CARTESIAN_POINT('',(-0.00352848776435282,-0.00831158207047809,0.03));
#11490=CARTESIAN_POINT('',(0.0126098855435848,0.00100591210314238,0.03));
#11491=CARTESIAN_POINT('',(0.0126098855435848,-0.00336744685471058,0.03));
#11492=CARTESIAN_POINT('',(-0.00402848776435284,-0.00744555666669364,0.03));
#11493=CARTESIAN_POINT('',(0.0181098855435848,0.00533603912206457,0.03));
#11494=CARTESIAN_POINT('',(0.00500895219301606,0.0163639681337885,0.03));
#11495=CARTESIAN_POINT('',(0.0181098855435848,0.00880014073720232,0.03));
#11496=CARTESIAN_POINT('',(-0.00552848776435283,-0.00484748045534034,0.03));
#11497=CARTESIAN_POINT('',(0.0166098855435849,0.00793411533341789,0.03));
#11498=CARTESIAN_POINT('',(0.0166098855435848,-0.00336744685471058,0.03));
#11499=CARTESIAN_POINT('',(0.0166098855435848,0.00620206452584901,0.03));
#11500=CARTESIAN_POINT('',(0.00350895219301608,0.0137658919224352,0.03));
#11501=CARTESIAN_POINT('',(-0.00302848776435284,-0.00917760747426252,0.03));
#11502=CARTESIAN_POINT('',(0.0161098855435849,0.00187193750692682,0.03));
#11503=CARTESIAN_POINT('',(0.0176098855435848,-0.00336744685471057,0.03));
#11504=CARTESIAN_POINT('',(0.0176098855435848,0.00447001371828013,0.03));
#11505=CARTESIAN_POINT('',(0.00300895219301606,0.0128998665186508,0.03));
#11506=CARTESIAN_POINT('',(0.0161098855435849,0.00533603912206457,0.03));
#11507=CARTESIAN_POINT('',(-0.00452848776435283,-0.00657953126290921,0.03));
#11508=CARTESIAN_POINT('',(0.0146098855435848,0.00447001371828013,0.03));
#11509=CARTESIAN_POINT('',(0.0146098855435848,-0.00336744685471058,0.03));
#11510=CARTESIAN_POINT('',(0.0146098855435848,0.00273796291071125,0.03));
#11511=CARTESIAN_POINT('',(0.00150895219301608,0.0103017903072975,0.03));
#11512=CARTESIAN_POINT('',(-0.00939011445641518,-0.00336744685471057,0.03));
#11513=CARTESIAN_POINT('',(-0.00939011445641518,0.00447001371828013,0.03));
#11514=CARTESIAN_POINT('',(-0.00449104780698393,-9.0514538115797E-5,0.03));
#11515=CARTESIAN_POINT('',(-0.00789011445641518,0.00187193750692682,0.03));
#11516=CARTESIAN_POINT('',(-0.00902848776435282,0.00121469737115073,0.03));
#11517=CARTESIAN_POINT('',(-0.00639011445641518,0.00273796291071125,0.03));
#11518=CARTESIAN_POINT('',(-0.00639011445641518,-0.00336744685471057,0.03));
#11519=CARTESIAN_POINT('',(-0.00639011445641518,0.00447001371828013,0.03));
#11520=CARTESIAN_POINT('',(-0.00299104780698394,0.00250756167323752,0.03));
#11521=CARTESIAN_POINT('',(-0.00789011445641518,0.00533603912206457,0.03));
#11522=CARTESIAN_POINT('',(-0.0105284877643528,0.00381277358250405,0.03));
#11523=CARTESIAN_POINT('',(-0.00702848776435282,-0.00224940424398703,0.03));
#11524=CARTESIAN_POINT('',(-0.00439011445641517,-0.000726138704426503,0.03));
#11525=CARTESIAN_POINT('',(-0.00439011445641517,-0.00336744685471057,0.03));
#11526=CARTESIAN_POINT('',(-0.00439011445641517,0.00100591210314238,0.03));
#11527=CARTESIAN_POINT('',(-0.00399104780698393,0.000775510865668645,0.03));
#11528=CARTESIAN_POINT('',(-0.00589011445641518,0.00187193750692682,0.03));
#11529=CARTESIAN_POINT('',(-0.00852848776435282,0.00034867196736629,0.03));
#11530=CARTESIAN_POINT('',(-0.00739011445641518,0.00100591210314238,0.03));
#11531=CARTESIAN_POINT('',(-0.00739011445641518,-0.00336744685471057,0.03));
#11532=CARTESIAN_POINT('',(0.0156098855435848,-0.00336744685471057,0.03));
#11533=CARTESIAN_POINT('',(0.0156098855435848,0.0148623185636934,0.03));
#11534=CARTESIAN_POINT('',(0.0156098855435848,0.0131302677561245,0.03));
#11535=CARTESIAN_POINT('',(0.00700895219301606,0.0198280697489263,0.03));
#11536=CARTESIAN_POINT('',(0.0141098855435848,0.0157283439674779,0.03));
#11537=CARTESIAN_POINT('',(-0.00952848776435282,0.00208072277493517,0.03));
#11538=CARTESIAN_POINT('',(0.0126098855435848,0.0148623185636934,0.03));
#11539=CARTESIAN_POINT('',(0.0126098855435848,-0.00336744685471058,0.03));
#11540=CARTESIAN_POINT('',(0.0126098855435848,0.0131302677561245,0.03));
#11541=CARTESIAN_POINT('',(0.00550895219301608,0.017229993537573,0.03));
#11542=CARTESIAN_POINT('',(0.0141098855435848,0.0122642423523401,0.03));
#11543=CARTESIAN_POINT('',(-0.00802848776435283,-0.000517353436418126,0.03));
#11544=CARTESIAN_POINT('',(0.00760988554358482,-0.00336744685471057,0.03));
#11545=CARTESIAN_POINT('',(0.00760988554358482,0.0148623185636934,0.03));
#11546=CARTESIAN_POINT('',(0.00760988554358482,0.0131302677561245,0.03));
#11547=CARTESIAN_POINT('',(0.00500895219301606,0.0163639681337885,0.03));
#11548=CARTESIAN_POINT('',(0.00610988554358482,0.0157283439674779,0.03));
#11549=CARTESIAN_POINT('',(-0.0115284877643528,0.00554482439007292,0.03));
#11550=CARTESIAN_POINT('',(0.00460988554358482,0.0148623185636934,0.03));
#11551=CARTESIAN_POINT('',(0.00460988554358482,-0.00336744685471057,0.03));
#11552=CARTESIAN_POINT('',(0.00460988554358482,0.0131302677561245,0.03));
#11553=CARTESIAN_POINT('',(0.00350895219301607,0.0137658919224352,0.03));
#11554=CARTESIAN_POINT('',(0.00610988554358482,0.0122642423523401,0.03));
#11555=CARTESIAN_POINT('',(-0.0100284877643528,0.00294674817871962,0.03));
#11556=CARTESIAN_POINT('',(0.00160988554358482,-0.00336744685471057,0.03));
#11557=CARTESIAN_POINT('',(0.00160988554358482,0.0183264201788312,0.03));
#11558=CARTESIAN_POINT('',(0.00160988554358482,0.0165943693712623,0.03));
#11559=CARTESIAN_POINT('',(0.00500895219301606,0.0163639681337885,0.03));
#11560=CARTESIAN_POINT('',(0.000109885543584823,0.0191924455826156,0.03));
#11561=CARTESIAN_POINT('',(-0.0145284877643528,0.0107409768127796,0.03));
#11562=CARTESIAN_POINT('',(-0.00139011445641518,0.0183264201788312,0.03));
#11563=CARTESIAN_POINT('',(-0.00139011445641518,-0.00336744685471057,0.03));
#11564=CARTESIAN_POINT('',(-0.00139011445641518,0.0165943693712623,0.03));
#11565=CARTESIAN_POINT('',(0.00350895219301607,0.0137658919224352,0.03));
#11566=CARTESIAN_POINT('',(0.000109885543584823,0.0157283439674779,0.03));
#11567=CARTESIAN_POINT('',(-0.0130284877643528,0.00814290060142626,0.03));
#11568=CARTESIAN_POINT('',(0.00960988554358483,-0.00336744685471057,0.03));
#11569=CARTESIAN_POINT('',(0.00960988554358482,0.0183264201788312,0.03));
#11570=CARTESIAN_POINT('',(0.00960988554358482,0.0165943693712623,0.03));
#11571=CARTESIAN_POINT('',(0.00700895219301606,0.0198280697489263,0.03));
#11572=CARTESIAN_POINT('',(0.00810988554358482,0.0191924455826156,0.03));
#11573=CARTESIAN_POINT('',(-0.0125284877643528,0.0072768751976418,0.03));
#11574=CARTESIAN_POINT('',(0.00660988554358482,0.0183264201788312,0.03));
#11575=CARTESIAN_POINT('',(0.00660988554358482,-0.00336744685471057,0.03));
#11576=CARTESIAN_POINT('',(0.00660988554358482,0.0165943693712623,0.03));
#11577=CARTESIAN_POINT('',(0.00550895219301608,0.017229993537573,0.03));
#11578=CARTESIAN_POINT('',(0.00810988554358482,0.0157283439674779,0.03));
#11579=CARTESIAN_POINT('',(-0.0110284877643528,0.00467879898628851,0.03));
#11580=CARTESIAN_POINT('',(0.00160988554358482,-0.00336744685471057,0.03));
#11581=CARTESIAN_POINT('',(0.00160988554358482,0.0113982169485556,0.03));
#11582=CARTESIAN_POINT('',(0.00160988554358482,0.00966616614098676,0.03));
#11583=CARTESIAN_POINT('',(0.00200895219301606,0.0111678157110819,0.03));
#11584=CARTESIAN_POINT('',(0.000109885543584823,0.0122642423523401,0.03));
#11585=CARTESIAN_POINT('',(-0.0115284877643528,0.00554482439007292,0.03));
#11586=CARTESIAN_POINT('',(-0.00139011445641518,0.0113982169485556,0.03));
#11587=CARTESIAN_POINT('',(-0.00139011445641518,-0.00336744685471057,0.03));
#11588=CARTESIAN_POINT('',(-0.00139011445641518,0.00966616614098676,0.03));
#11589=CARTESIAN_POINT('',(0.000508952193016073,0.00856973949972859,0.03));
#11590=CARTESIAN_POINT('',(0.000109885543584823,0.00880014073720232,0.03));
#11591=CARTESIAN_POINT('',(-0.0100284877643528,0.00294674817871962,0.03));
#11592=CARTESIAN_POINT('',(-0.00639011445641518,-0.00336744685471057,0.03));
#11593=CARTESIAN_POINT('',(-0.00639011445641518,0.0113982169485556,0.03));
#11594=CARTESIAN_POINT('',(-0.00639011445641518,0.00966616614098676,0.03));
#11595=CARTESIAN_POINT('',(8.95219301606451E-6,0.00770371409594416,0.03));
#11596=CARTESIAN_POINT('',(-0.00789011445641518,0.0122642423523401,0.03));
#11597=CARTESIAN_POINT('',(-0.0135284877643528,0.00900892600521068,0.03));
#11598=CARTESIAN_POINT('',(-0.00939011445641518,0.0113982169485556,0.03));
#11599=CARTESIAN_POINT('',(-0.00939011445641518,-0.00336744685471057,0.03));
#11600=CARTESIAN_POINT('',(-0.00939011445641518,0.00966616614098676,0.03));
#11601=CARTESIAN_POINT('',(-0.00149104780698393,0.00510563788459083,0.03));
#11602=CARTESIAN_POINT('',(-0.00789011445641518,0.00880014073720232,0.03));
#11603=CARTESIAN_POINT('',(-0.0120284877643528,0.00641084979385737,0.03));
#11604=CARTESIAN_POINT('',(0.0136098855435848,-0.00336744685471057,0.03));
#11605=CARTESIAN_POINT('',(0.0136098855435848,0.0113982169485556,0.03));
#11606=CARTESIAN_POINT('',(0.0136098855435848,0.00966616614098676,0.03));
#11607=CARTESIAN_POINT('',(0.00500895219301606,0.0163639681337885,0.03));
#11608=CARTESIAN_POINT('',(0.0121098855435848,0.0122642423523401,0.03));
#11609=CARTESIAN_POINT('',(-0.00852848776435282,0.000348671967366292,0.03));
#11610=CARTESIAN_POINT('',(0.0106098855435848,0.0113982169485556,0.03));
#11611=CARTESIAN_POINT('',(0.0106098855435848,-0.00336744685471057,0.03));
#11612=CARTESIAN_POINT('',(0.0106098855435848,0.00966616614098676,0.03));
#11613=CARTESIAN_POINT('',(0.00350895219301607,0.0137658919224352,0.03));
#11614=CARTESIAN_POINT('',(0.0121098855435848,0.00880014073720232,0.03));
#11615=CARTESIAN_POINT('',(-0.00702848776435283,-0.00224940424398701,0.03));
#11616=CARTESIAN_POINT('',(-0.00439011445641517,-0.00336744685471057,0.03));
#11617=CARTESIAN_POINT('',(-0.00439011445641517,0.0148623185636934,0.03));
#11618=CARTESIAN_POINT('',(-0.00439011445641517,0.0131302677561245,0.03));
#11619=CARTESIAN_POINT('',(0.00200895219301606,0.0111678157110819,0.03));
#11620=CARTESIAN_POINT('',(-0.00589011445641518,0.0157283439674779,0.03));
#11621=CARTESIAN_POINT('',(-0.0145284877643528,0.0107409768127796,0.03));
#11622=CARTESIAN_POINT('',(-0.00739011445641518,0.0148623185636934,0.03));
#11623=CARTESIAN_POINT('',(-0.00739011445641518,-0.00336744685471057,0.03));
#11624=CARTESIAN_POINT('',(-0.00739011445641518,0.0131302677561245,0.03));
#11625=CARTESIAN_POINT('',(0.00050895219301607,0.00856973949972858,0.03));
#11626=CARTESIAN_POINT('',(-0.00589011445641518,0.0122642423523401,0.03));
#11627=CARTESIAN_POINT('',(-0.0130284877643528,0.00814290060142625,0.03));
#11628=CARTESIAN_POINT('',(0.00360988554358483,-0.00336744685471057,0.03));
#11629=CARTESIAN_POINT('',(0.00360988554358483,0.0217905217939689,0.03));
#11630=CARTESIAN_POINT('',(0.00360988554358483,0.0200584709864001,0.03));
#11631=CARTESIAN_POINT('',(0.00700895219301606,0.0198280697489263,0.03));
#11632=CARTESIAN_POINT('',(0.00210988554358483,0.0226565471977534,0.03));
#11633=CARTESIAN_POINT('',(-0.0155284877643528,0.0124730276203484,0.03));
#11634=CARTESIAN_POINT('',(0.000609885543584824,0.0217905217939689,0.03));
#11635=CARTESIAN_POINT('',(0.000609885543584818,-0.00336744685471057,0.03));
#11636=CARTESIAN_POINT('',(0.000609885543584823,0.0200584709864001,0.03));
#11637=CARTESIAN_POINT('',(0.00550895219301608,0.017229993537573,0.03));
#11638=CARTESIAN_POINT('',(0.00210988554358483,0.0191924455826156,0.03));
#11639=CARTESIAN_POINT('',(-0.0140284877643528,0.00987495140899514,0.03));
#11640=CARTESIAN_POINT('',(0.0116098855435848,-0.00336744685471057,0.03));
#11641=CARTESIAN_POINT('',(0.0116098855435848,0.0217905217939689,0.03));
#11642=CARTESIAN_POINT('',(0.0116098855435848,0.0200584709864,0.03));
#11643=CARTESIAN_POINT('',(0.00900895219301606,0.0232921713640641,0.03));
#11644=CARTESIAN_POINT('',(0.0101098855435848,0.0226565471977534,0.03));
#11645=CARTESIAN_POINT('',(-0.0135284877643528,0.00900892600521068,0.03));
#11646=CARTESIAN_POINT('',(0.00860988554358482,0.0217905217939689,0.03));
#11647=CARTESIAN_POINT('',(0.00860988554358482,-0.00336744685471057,0.03));
#11648=CARTESIAN_POINT('',(0.00860988554358482,0.0200584709864001,0.03));
#11649=CARTESIAN_POINT('',(0.00750895219301608,0.0206940951527107,0.03));
#11650=CARTESIAN_POINT('',(0.0101098855435848,0.0191924455826156,0.03));
#11651=CARTESIAN_POINT('',(-0.0120284877643528,0.00641084979385739,0.03));
#11652=CARTESIAN_POINT('',(0.00960988554358483,-0.00336744685471057,0.03));
#11653=CARTESIAN_POINT('',(0.00960988554358482,0.00447001371828013,0.03));
#11654=CARTESIAN_POINT('',(0.00960988554358482,0.00273796291071125,0.03));
#11655=CARTESIAN_POINT('',(0.00100895219301606,0.00943576490351303,0.03));
#11656=CARTESIAN_POINT('',(0.00810988554358482,0.00533603912206457,0.03));
#11657=CARTESIAN_POINT('',(-0.00652848776435282,-0.00311542964777146,0.03));
#11658=CARTESIAN_POINT('',(0.00660988554358482,0.00447001371828013,0.03));
#11659=CARTESIAN_POINT('',(0.00660988554358482,-0.00336744685471057,0.03));
#11660=CARTESIAN_POINT('',(0.00660988554358482,0.00273796291071125,0.03));
#11661=CARTESIAN_POINT('',(-0.000491047806983926,0.00683768869215972,0.03));
#11662=CARTESIAN_POINT('',(0.00810988554358482,0.00187193750692682,0.03));
#11663=CARTESIAN_POINT('',(-0.00502848776435283,-0.00571350585912477,0.03));
#11664=CARTESIAN_POINT('',(0.00160988554358482,-0.00336744685471057,0.03));
#11665=CARTESIAN_POINT('',(0.00160988554358482,0.00447001371828013,0.03));
#11666=CARTESIAN_POINT('',(0.00160988554358482,0.00273796291071125,0.03));
#11667=CARTESIAN_POINT('',(-0.000991047806983936,0.00597166328837528,0.03));
#11668=CARTESIAN_POINT('',(0.000109885543584823,0.00533603912206457,0.03));
#11669=CARTESIAN_POINT('',(-0.00852848776435282,0.000348671967366292,0.03));
#11670=CARTESIAN_POINT('',(-0.00139011445641518,0.00447001371828013,0.03));
#11671=CARTESIAN_POINT('',(-0.00139011445641518,-0.00336744685471057,0.03));
#11672=CARTESIAN_POINT('',(-0.00139011445641518,0.00273796291071125,0.03));
#11673=CARTESIAN_POINT('',(-0.00249104780698393,0.00337358707702196,0.03));
#11674=CARTESIAN_POINT('',(0.000109885543584823,0.00187193750692682,0.03));
#11675=CARTESIAN_POINT('',(-0.00702848776435283,-0.00224940424398702,0.03));
#11676=CARTESIAN_POINT('',(-0.00439011445641517,-0.00336744685471057,0.03));
#11677=CARTESIAN_POINT('',(-0.00439011445641517,0.00793411533341789,0.03));
#11678=CARTESIAN_POINT('',(-0.00439011445641517,0.00620206452584901,0.03));
#11679=CARTESIAN_POINT('',(-0.000991047806983935,0.00597166328837528,0.03));
#11680=CARTESIAN_POINT('',(-0.00589011445641518,0.00880014073720232,0.03));
#11681=CARTESIAN_POINT('',(-0.0115284877643528,0.00554482439007292,0.03));
#11682=CARTESIAN_POINT('',(-0.00739011445641518,0.00793411533341789,0.03));
#11683=CARTESIAN_POINT('',(-0.00739011445641518,-0.00336744685471057,0.03));
#11684=CARTESIAN_POINT('',(-0.00739011445641518,0.00620206452584901,0.03));
#11685=CARTESIAN_POINT('',(-0.00249104780698393,0.00337358707702196,0.03));
#11686=CARTESIAN_POINT('',(-0.00589011445641518,0.00533603912206457,0.03));
#11687=CARTESIAN_POINT('',(-0.0100284877643528,0.00294674817871961,0.03));
#11688=CARTESIAN_POINT('',(0.00360988554358483,-0.00336744685471057,0.03));
#11689=CARTESIAN_POINT('',(0.00360988554358483,0.00793411533341789,0.03));
#11690=CARTESIAN_POINT('',(0.00360988554358483,0.00620206452584901,0.03));
#11691=CARTESIAN_POINT('',(0.00100895219301606,0.00943576490351303,0.03));
#11692=CARTESIAN_POINT('',(0.00210988554358483,0.00880014073720232,0.03));
#11693=CARTESIAN_POINT('',(-0.00952848776435282,0.00208072277493517,0.03));
#11694=CARTESIAN_POINT('',(0.000609885543584824,0.00793411533341789,0.03));
#11695=CARTESIAN_POINT('',(0.000609885543584821,-0.00336744685471057,0.03));
#11696=CARTESIAN_POINT('',(0.000609885543584823,0.00620206452584901,0.03));
#11697=CARTESIAN_POINT('',(-0.000491047806983926,0.00683768869215971,0.03));
#11698=CARTESIAN_POINT('',(0.00210988554358483,0.00533603912206457,0.03));
#11699=CARTESIAN_POINT('',(-0.00802848776435283,-0.000517353436418136,0.03));
#11700=CARTESIAN_POINT('',(0.0116098855435848,-0.00336744685471057,0.03));
#11701=CARTESIAN_POINT('',(0.0116098855435848,0.00793411533341789,0.03));
#11702=CARTESIAN_POINT('',(0.0116098855435848,0.00620206452584901,0.03));
#11703=CARTESIAN_POINT('',(0.00300895219301606,0.0128998665186508,0.03));
#11704=CARTESIAN_POINT('',(0.0101098855435848,0.00880014073720232,0.03));
#11705=CARTESIAN_POINT('',(-0.00752848776435282,-0.00138337884020258,0.03));
#11706=CARTESIAN_POINT('',(0.00860988554358482,0.00793411533341789,0.03));
#11707=CARTESIAN_POINT('',(0.00860988554358482,-0.00336744685471057,0.03));
#11708=CARTESIAN_POINT('',(0.00860988554358482,0.00620206452584901,0.03));
#11709=CARTESIAN_POINT('',(0.00150895219301607,0.0103017903072975,0.03));
#11710=CARTESIAN_POINT('',(0.0101098855435848,0.00533603912206457,0.03));
#11711=CARTESIAN_POINT('',(-0.00602848776435283,-0.00398145505155588,0.03));
#11712=CARTESIAN_POINT('',(0.00760988554358482,-0.00336744685471057,0.03));
#11713=CARTESIAN_POINT('',(0.00760988554358482,0.00100591210314238,0.03));
#11714=CARTESIAN_POINT('',(0.00760988554358482,-0.000726138704426501,0.03));
#11715=CARTESIAN_POINT('',(-0.000991047806983938,0.00597166328837528,0.03));
#11716=CARTESIAN_POINT('',(0.00610988554358482,0.00187193750692682,0.03));
#11717=CARTESIAN_POINT('',(-0.00552848776435282,-0.00484748045534034,0.03));
#11718=CARTESIAN_POINT('',(0.00460988554358482,0.00100591210314238,0.03));
#11719=CARTESIAN_POINT('',(0.00460988554358482,-0.00336744685471057,0.03));
#11720=CARTESIAN_POINT('',(0.00460988554358482,-0.000726138704426501,0.03));
#11721=CARTESIAN_POINT('',(-0.00249104780698393,0.00337358707702197,0.03));
#11722=CARTESIAN_POINT('',(0.00610988554358482,-0.00159216410821094,0.03));
#11723=CARTESIAN_POINT('',(-0.00402848776435284,-0.00744555666669365,0.03));
#11724=CARTESIAN_POINT('',(-0.000390114456415177,-0.00336744685471057,0.03));
#11725=CARTESIAN_POINT('',(-0.000390114456415177,0.00100591210314238,0.03));
#11726=CARTESIAN_POINT('',(-0.000390114456415177,-0.000726138704426502,
0.03));
#11727=CARTESIAN_POINT('',(-0.00299104780698394,0.00250756167323752,0.03));
#11728=CARTESIAN_POINT('',(-0.00189011445641517,0.00187193750692682,0.03));
#11729=CARTESIAN_POINT('',(-0.00752848776435282,-0.00138337884020259,0.03));
#11730=CARTESIAN_POINT('',(-0.00339011445641517,0.00100591210314238,0.03));
#11731=CARTESIAN_POINT('',(-0.00339011445641517,-0.00336744685471057,0.03));
#11732=CARTESIAN_POINT('',(-0.00339011445641517,-0.000726138704426501,0.03));
#11733=CARTESIAN_POINT('',(-0.00449104780698393,-9.05145381157944E-5,0.03));
#11734=CARTESIAN_POINT('',(-0.00189011445641518,-0.00159216410821094,0.03));
#11735=CARTESIAN_POINT('',(-0.00602848776435283,-0.0039814550515559,0.03));
#11736=CARTESIAN_POINT('',(-0.00239011445641517,-0.00336744685471057,0.03));
#11737=CARTESIAN_POINT('',(-0.00239011445641517,0.00447001371828013,0.03));
#11738=CARTESIAN_POINT('',(-0.00239011445641518,0.00273796291071125,0.03));
#11739=CARTESIAN_POINT('',(-0.00199104780698394,0.0042396124808064,0.03));
#11740=CARTESIAN_POINT('',(-0.00389011445641517,0.00533603912206457,0.03));
#11741=CARTESIAN_POINT('',(-0.00952848776435282,0.00208072277493517,0.03));
#11742=CARTESIAN_POINT('',(-0.00539011445641518,0.00447001371828013,0.03));
#11743=CARTESIAN_POINT('',(-0.00539011445641518,-0.00336744685471057,0.03));
#11744=CARTESIAN_POINT('',(-0.00539011445641518,0.00273796291071125,0.03));
#11745=CARTESIAN_POINT('',(-0.00349104780698393,0.00164153626945308,0.03));
#11746=CARTESIAN_POINT('',(-0.00389011445641518,0.00187193750692682,0.03));
#11747=CARTESIAN_POINT('',(-0.00802848776435282,-0.000517353436418141,0.03));
#11748=CARTESIAN_POINT('',(0.00560988554358482,-0.00336744685471057,0.03));
#11749=CARTESIAN_POINT('',(0.00560988554358482,0.0113982169485556,0.03));
#11750=CARTESIAN_POINT('',(0.00560988554358482,0.00966616614098676,0.03));
#11751=CARTESIAN_POINT('',(0.00300895219301606,0.0128998665186508,0.03));
#11752=CARTESIAN_POINT('',(0.00410988554358483,0.0122642423523401,0.03));
#11753=CARTESIAN_POINT('',(-0.0105284877643528,0.00381277358250405,0.03));
#11754=CARTESIAN_POINT('',(0.00260988554358483,0.0113982169485556,0.03));
#11755=CARTESIAN_POINT('',(0.00260988554358482,-0.00336744685471057,0.03));
#11756=CARTESIAN_POINT('',(0.00260988554358483,0.00966616614098676,0.03));
#11757=CARTESIAN_POINT('',(0.00150895219301607,0.0103017903072975,0.03));
#11758=CARTESIAN_POINT('',(0.00410988554358483,0.00880014073720232,0.03));
#11759=CARTESIAN_POINT('',(-0.00902848776435283,0.00121469737115074,0.03));
#11760=CARTESIAN_POINT('',(0.00360988554358483,-0.00336744685471057,0.03));
#11761=CARTESIAN_POINT('',(0.00360988554358483,0.00100591210314238,0.03));
#11762=CARTESIAN_POINT('',(0.00360988554358483,-0.000726138704426502,0.03));
#11763=CARTESIAN_POINT('',(-0.00199104780698394,0.0042396124808064,0.03));
#11764=CARTESIAN_POINT('',(0.00210988554358483,0.00187193750692682,0.03));
#11765=CARTESIAN_POINT('',(-0.00652848776435282,-0.00311542964777146,0.03));
#11766=CARTESIAN_POINT('',(0.000609885543584824,0.00100591210314238,0.03));
#11767=CARTESIAN_POINT('',(0.000609885543584823,-0.00336744685471057,0.03));
#11768=CARTESIAN_POINT('',(0.000609885543584823,-0.000726138704426501,0.03));
#11769=CARTESIAN_POINT('',(-0.00349104780698393,0.00164153626945309,0.03));
#11770=CARTESIAN_POINT('',(0.00210988554358483,-0.00159216410821094,0.03));
#11771=CARTESIAN_POINT('',(-0.00502848776435283,-0.00571350585912477,0.03));
#11772=CARTESIAN_POINT('',(0.0116098855435848,-0.00336744685471057,0.03));
#11773=CARTESIAN_POINT('',(0.0116098855435848,0.00100591210314238,0.03));
#11774=CARTESIAN_POINT('',(0.0116098855435848,-0.000726138704426503,0.03));
#11775=CARTESIAN_POINT('',(8.95219301606017E-6,0.00770371409594415,0.03));
#11776=CARTESIAN_POINT('',(0.0101098855435848,0.00187193750692682,0.03));
#11777=CARTESIAN_POINT('',(-0.00452848776435283,-0.00657953126290922,0.03));
#11778=CARTESIAN_POINT('',(0.00860988554358482,0.00100591210314238,0.03));
#11779=CARTESIAN_POINT('',(0.00860988554358482,-0.00336744685471057,0.03));
#11780=CARTESIAN_POINT('',(0.00860988554358482,-0.000726138704426501,0.03));
#11781=CARTESIAN_POINT('',(-0.00149104780698392,0.00510563788459084,0.03));
#11782=CARTESIAN_POINT('',(0.0101098855435848,-0.00159216410821094,0.03));
#11783=CARTESIAN_POINT('',(-0.00302848776435283,-0.00917760747426252,0.03));
#11784=CARTESIAN_POINT('',(0.0156098855435848,-0.00336744685471057,0.03));
#11785=CARTESIAN_POINT('',(0.0156098855435848,0.00793411533341789,0.03));
#11786=CARTESIAN_POINT('',(0.0156098855435848,0.00620206452584901,0.03));
#11787=CARTESIAN_POINT('',(0.00400895219301606,0.0146319173262197,0.03));
#11788=CARTESIAN_POINT('',(0.0141098855435848,0.00880014073720232,0.03));
#11789=CARTESIAN_POINT('',(-0.00652848776435283,-0.00311542964777146,0.03));
#11790=CARTESIAN_POINT('',(0.0126098855435848,0.00793411533341789,0.03));
#11791=CARTESIAN_POINT('',(0.0126098855435848,-0.00336744685471058,0.03));
#11792=CARTESIAN_POINT('',(0.0126098855435848,0.00620206452584901,0.03));
#11793=CARTESIAN_POINT('',(0.00250895219301608,0.0120338411148663,0.03));
#11794=CARTESIAN_POINT('',(0.0141098855435848,0.00533603912206457,0.03));
#11795=CARTESIAN_POINT('',(-0.00502848776435284,-0.00571350585912476,0.03));
#11796=CARTESIAN_POINT('',(0.00760988554358482,-0.00336744685471057,0.03));
#11797=CARTESIAN_POINT('',(0.00760988554358482,0.00793411533341789,0.03));
#11798=CARTESIAN_POINT('',(0.00760988554358482,0.00620206452584901,0.03));
#11799=CARTESIAN_POINT('',(0.00200895219301606,0.0111678157110819,0.03));
#11800=CARTESIAN_POINT('',(0.00610988554358482,0.00880014073720232,0.03));
#11801=CARTESIAN_POINT('',(-0.00852848776435282,0.000348671967366292,0.03));
#11802=CARTESIAN_POINT('',(0.00460988554358482,0.00793411533341789,0.03));
#11803=CARTESIAN_POINT('',(0.00460988554358482,-0.00336744685471057,0.03));
#11804=CARTESIAN_POINT('',(0.00460988554358482,0.00620206452584901,0.03));
#11805=CARTESIAN_POINT('',(0.000508952193016075,0.00856973949972859,0.03));
#11806=CARTESIAN_POINT('',(0.00610988554358482,0.00533603912206457,0.03));
#11807=CARTESIAN_POINT('',(-0.00702848776435283,-0.00224940424398701,0.03));
#11808=CARTESIAN_POINT('',(-0.000390114456415177,-0.00336744685471057,0.03));
#11809=CARTESIAN_POINT('',(-0.000390114456415177,0.00793411533341789,0.03));
#11810=CARTESIAN_POINT('',(-0.000390114456415177,0.00620206452584901,0.03));
#11811=CARTESIAN_POINT('',(8.95219301606364E-6,0.00770371409594416,0.03));
#11812=CARTESIAN_POINT('',(-0.00189011445641517,0.00880014073720232,0.03));
#11813=CARTESIAN_POINT('',(-0.0105284877643528,0.00381277358250405,0.03));
#11814=CARTESIAN_POINT('',(-0.00339011445641517,0.00793411533341789,0.03));
#11815=CARTESIAN_POINT('',(-0.00339011445641518,-0.00336744685471057,0.03));
#11816=CARTESIAN_POINT('',(-0.00339011445641517,0.00620206452584901,0.03));
#11817=CARTESIAN_POINT('',(-0.00149104780698393,0.00510563788459083,0.03));
#11818=CARTESIAN_POINT('',(-0.00189011445641518,0.00533603912206457,0.03));
#11819=CARTESIAN_POINT('',(-0.00902848776435282,0.00121469737115074,0.03));
#11820=CARTESIAN_POINT('',(0.00560988554358482,-0.00336744685471057,0.03));
#11821=CARTESIAN_POINT('',(0.00560988554358482,0.00447001371828013,0.03));
#11822=CARTESIAN_POINT('',(0.00560988554358482,0.00273796291071125,0.03));
#11823=CARTESIAN_POINT('',(8.95219301606191E-6,0.00770371409594416,0.03));
#11824=CARTESIAN_POINT('',(0.00410988554358483,0.00533603912206457,0.03));
#11825=CARTESIAN_POINT('',(-0.00752848776435282,-0.00138337884020258,0.03));
#11826=CARTESIAN_POINT('',(0.00260988554358483,0.00447001371828013,0.03));
#11827=CARTESIAN_POINT('',(0.00260988554358483,-0.00336744685471057,0.03));
#11828=CARTESIAN_POINT('',(0.00260988554358483,0.00273796291071125,0.03));
#11829=CARTESIAN_POINT('',(-0.00149104780698393,0.00510563788459084,0.03));
#11830=CARTESIAN_POINT('',(0.00410988554358483,0.00187193750692682,0.03));
#11831=CARTESIAN_POINT('',(-0.00602848776435283,-0.0039814550515559,0.03));
#11832=CARTESIAN_POINT('',(0.0136098855435848,-0.00336744685471057,0.03));
#11833=CARTESIAN_POINT('',(0.0136098855435848,0.00447001371828013,0.03));
#11834=CARTESIAN_POINT('',(0.0136098855435848,0.00273796291071125,0.03));
#11835=CARTESIAN_POINT('',(0.00200895219301606,0.0111678157110819,0.03));
#11836=CARTESIAN_POINT('',(0.0121098855435848,0.00533603912206457,0.03));
#11837=CARTESIAN_POINT('',(-0.00552848776435282,-0.00484748045534034,0.03));
#11838=CARTESIAN_POINT('',(0.0106098855435848,0.00447001371828013,0.03));
#11839=CARTESIAN_POINT('',(0.0106098855435848,-0.00336744685471057,0.03));
#11840=CARTESIAN_POINT('',(0.0106098855435848,0.00273796291071125,0.03));
#11841=CARTESIAN_POINT('',(0.000508952193016076,0.00856973949972859,0.03));
#11842=CARTESIAN_POINT('',(0.0121098855435848,0.00187193750692682,0.03));
#11843=CARTESIAN_POINT('',(-0.00402848776435284,-0.00744555666669364,0.03));
#11844=CARTESIAN_POINT('',(-0.000390114456415177,-0.00336744685471057,0.03));
#11845=CARTESIAN_POINT('',(-0.000390114456415177,0.0217905217939689,0.03));
#11846=CARTESIAN_POINT('',(-0.000390114456415177,0.0200584709864,0.03));
#11847=CARTESIAN_POINT('',(0.00600895219301606,0.0180960189413574,0.03));
#11848=CARTESIAN_POINT('',(-0.00189011445641517,0.0226565471977534,0.03));
#11849=CARTESIAN_POINT('',(-0.0165284877643528,0.0142050784279173,0.03));
#11850=CARTESIAN_POINT('',(-0.00339011445641517,0.0217905217939689,0.03));
#11851=CARTESIAN_POINT('',(-0.00339011445641518,-0.00336744685471057,0.03));
#11852=CARTESIAN_POINT('',(-0.00339011445641517,0.0200584709864001,0.03));
#11853=CARTESIAN_POINT('',(0.00450895219301608,0.0154979427300041,0.03));
#11854=CARTESIAN_POINT('',(-0.00189011445641518,0.0191924455826156,0.03));
#11855=CARTESIAN_POINT('',(-0.0150284877643528,0.011607002216564,0.03));
#11856=CARTESIAN_POINT('',(0.00760988554358482,-0.00336744685471057,0.03));
#11857=CARTESIAN_POINT('',(0.00760988554358482,0.0217905217939689,0.03));
#11858=CARTESIAN_POINT('',(0.00760988554358482,0.0200584709864,0.03));
#11859=CARTESIAN_POINT('',(0.00800895219301605,0.0215601205564952,0.03));
#11860=CARTESIAN_POINT('',(0.00610988554358482,0.0226565471977534,0.03));
#11861=CARTESIAN_POINT('',(-0.0145284877643528,0.0107409768127796,0.03));
#11862=CARTESIAN_POINT('',(0.00460988554358482,0.0217905217939689,0.03));
#11863=CARTESIAN_POINT('',(0.00460988554358482,-0.00336744685471057,0.03));
#11864=CARTESIAN_POINT('',(0.00460988554358482,0.0200584709864001,0.03));
#11865=CARTESIAN_POINT('',(0.00650895219301608,0.0189620443451418,0.03));
#11866=CARTESIAN_POINT('',(0.00610988554358482,0.0191924455826156,0.03));
#11867=CARTESIAN_POINT('',(-0.0130284877643528,0.00814290060142626,0.03));
#11868=CARTESIAN_POINT('',(-0.000390114456415177,-0.00336744685471057,0.03));
#11869=CARTESIAN_POINT('',(-0.000390114456415177,0.0148623185636934,0.03));
#11870=CARTESIAN_POINT('',(-0.000390114456415177,0.0131302677561245,0.03));
#11871=CARTESIAN_POINT('',(0.00300895219301606,0.0128998665186508,0.03));
#11872=CARTESIAN_POINT('',(-0.00189011445641517,0.0157283439674779,0.03));
#11873=CARTESIAN_POINT('',(-0.0135284877643528,0.00900892600521068,0.03));
#11874=CARTESIAN_POINT('',(-0.00339011445641517,0.0148623185636934,0.03));
#11875=CARTESIAN_POINT('',(-0.00339011445641518,-0.00336744685471057,0.03));
#11876=CARTESIAN_POINT('',(-0.00339011445641517,0.0131302677561245,0.03));
#11877=CARTESIAN_POINT('',(0.00150895219301607,0.0103017903072975,0.03));
#11878=CARTESIAN_POINT('',(-0.00189011445641518,0.0122642423523401,0.03));
#11879=CARTESIAN_POINT('',(-0.0120284877643528,0.00641084979385738,0.03));
#11880=CARTESIAN_POINT('',(0.0176098855435848,-0.00336744685471057,0.03));
#11881=CARTESIAN_POINT('',(0.0176098855435848,0.0113982169485556,0.03));
#11882=CARTESIAN_POINT('',(0.0176098855435848,0.00966616614098676,0.03));
#11883=CARTESIAN_POINT('',(0.00600895219301605,0.0180960189413574,0.03));
#11884=CARTESIAN_POINT('',(0.0161098855435849,0.0122642423523401,0.03));
#11885=CARTESIAN_POINT('',(-0.00752848776435282,-0.00138337884020258,0.03));
#11886=CARTESIAN_POINT('',(0.0146098855435848,0.0113982169485556,0.03));
#11887=CARTESIAN_POINT('',(0.0146098855435848,-0.00336744685471058,0.03));
#11888=CARTESIAN_POINT('',(0.0146098855435848,0.00966616614098676,0.03));
#11889=CARTESIAN_POINT('',(0.00450895219301608,0.0154979427300041,0.03));
#11890=CARTESIAN_POINT('',(0.0161098855435849,0.00880014073720232,0.03));
#11891=CARTESIAN_POINT('',(-0.00602848776435284,-0.00398145505155588,0.03));
#11892=CARTESIAN_POINT('',(-0.00239011445641517,-0.00336744685471057,0.03));
#11893=CARTESIAN_POINT('',(-0.00239011445641517,0.0113982169485556,0.03));
#11894=CARTESIAN_POINT('',(-0.00239011445641517,0.00966616614098676,0.03));
#11895=CARTESIAN_POINT('',(0.00100895219301606,0.00943576490351304,0.03));
#11896=CARTESIAN_POINT('',(-0.00389011445641517,0.0122642423523401,0.03));
#11897=CARTESIAN_POINT('',(-0.0125284877643528,0.0072768751976418,0.03));
#11898=CARTESIAN_POINT('',(-0.00539011445641518,0.0113982169485556,0.03));
#11899=CARTESIAN_POINT('',(-0.00539011445641518,-0.00336744685471057,0.03));
#11900=CARTESIAN_POINT('',(-0.00539011445641518,0.00966616614098676,0.03));
#11901=CARTESIAN_POINT('',(-0.000491047806983929,0.00683768869215971,0.03));
#11902=CARTESIAN_POINT('',(-0.00389011445641518,0.00880014073720232,0.03));
#11903=CARTESIAN_POINT('',(-0.0110284877643528,0.0046787989862885,0.03));
#11904=CARTESIAN_POINT('',(0.00960988554358483,-0.00336744685471057,0.03));
#11905=CARTESIAN_POINT('',(0.00960988554358482,0.0113982169485556,0.03));
#11906=CARTESIAN_POINT('',(0.00960988554358482,0.00966616614098676,0.03));
#11907=CARTESIAN_POINT('',(0.00400895219301606,0.0146319173262197,0.03));
#11908=CARTESIAN_POINT('',(0.00810988554358482,0.0122642423523401,0.03));
#11909=CARTESIAN_POINT('',(-0.00952848776435282,0.00208072277493517,0.03));
#11910=CARTESIAN_POINT('',(0.00660988554358482,0.0113982169485556,0.03));
#11911=CARTESIAN_POINT('',(0.00660988554358482,-0.00336744685471057,0.03));
#11912=CARTESIAN_POINT('',(0.00660988554358482,0.00966616614098676,0.03));
#11913=CARTESIAN_POINT('',(0.00250895219301607,0.0120338411148663,0.03));
#11914=CARTESIAN_POINT('',(0.00810988554358482,0.00880014073720232,0.03));
#11915=CARTESIAN_POINT('',(-0.00802848776435283,-0.000517353436418131,0.03));
#11916=CARTESIAN_POINT('',(0.0136098855435848,-0.00336744685471057,0.03));
#11917=CARTESIAN_POINT('',(0.0136098855435848,0.0183264201788312,0.03));
#11918=CARTESIAN_POINT('',(0.0136098855435848,0.0165943693712623,0.03));
#11919=CARTESIAN_POINT('',(0.00800895219301605,0.0215601205564952,0.03));
#11920=CARTESIAN_POINT('',(0.0121098855435848,0.0191924455826156,0.03));
#11921=CARTESIAN_POINT('',(-0.0115284877643528,0.00554482439007292,0.03));
#11922=CARTESIAN_POINT('',(0.0106098855435848,0.0183264201788312,0.03));
#11923=CARTESIAN_POINT('',(0.0106098855435848,-0.00336744685471057,0.03));
#11924=CARTESIAN_POINT('',(0.0106098855435848,0.0165943693712623,0.03));
#11925=CARTESIAN_POINT('',(0.00650895219301608,0.0189620443451418,0.03));
#11926=CARTESIAN_POINT('',(0.0121098855435848,0.0157283439674779,0.03));
#11927=CARTESIAN_POINT('',(-0.0100284877643528,0.00294674817871963,0.03));
#11928=CARTESIAN_POINT('',(0.00560988554358482,-0.00336744685471057,0.03));
#11929=CARTESIAN_POINT('',(0.00560988554358482,0.0183264201788312,0.03));
#11930=CARTESIAN_POINT('',(0.00560988554358483,0.0165943693712623,0.03));
#11931=CARTESIAN_POINT('',(0.00600895219301606,0.0180960189413574,0.03));
#11932=CARTESIAN_POINT('',(0.00410988554358483,0.0191924455826156,0.03));
#11933=CARTESIAN_POINT('',(-0.0135284877643528,0.00900892600521068,0.03));
#11934=CARTESIAN_POINT('',(0.00260988554358483,0.0183264201788312,0.03));
#11935=CARTESIAN_POINT('',(0.00260988554358482,-0.00336744685471057,0.03));
#11936=CARTESIAN_POINT('',(0.00260988554358483,0.0165943693712623,0.03));
#11937=CARTESIAN_POINT('',(0.00450895219301608,0.0154979427300041,0.03));
#11938=CARTESIAN_POINT('',(0.00410988554358483,0.0157283439674779,0.03));
#11939=CARTESIAN_POINT('',(-0.0120284877643528,0.00641084979385738,0.03));
#11940=CARTESIAN_POINT('',(-0.00239011445641517,-0.00336744685471057,0.03));
#11941=CARTESIAN_POINT('',(-0.00239011445641517,0.0183264201788312,0.03));
#11942=CARTESIAN_POINT('',(-0.00239011445641517,0.0165943693712623,0.03));
#11943=CARTESIAN_POINT('',(0.00400895219301606,0.0146319173262197,0.03));
#11944=CARTESIAN_POINT('',(-0.00389011445641517,0.0191924455826156,0.03));
#11945=CARTESIAN_POINT('',(-0.0155284877643528,0.0124730276203484,0.03));
#11946=CARTESIAN_POINT('',(-0.00539011445641518,0.0183264201788312,0.03));
#11947=CARTESIAN_POINT('',(-0.00539011445641518,-0.00336744685471057,0.03));
#11948=CARTESIAN_POINT('',(-0.00539011445641518,0.0165943693712623,0.03));
#11949=CARTESIAN_POINT('',(0.00250895219301607,0.0120338411148663,0.03));
#11950=CARTESIAN_POINT('',(-0.00389011445641518,0.0157283439674779,0.03));
#11951=CARTESIAN_POINT('',(-0.0140284877643528,0.00987495140899513,0.03));
#11952=CARTESIAN_POINT('',(0.00360988554358483,-0.00336744685471057,0.03));
#11953=CARTESIAN_POINT('',(0.00360988554358483,0.0148623185636934,0.03));
#11954=CARTESIAN_POINT('',(0.00360988554358483,0.0131302677561245,0.03));
#11955=CARTESIAN_POINT('',(0.00400895219301606,0.0146319173262197,0.03));
#11956=CARTESIAN_POINT('',(0.00210988554358483,0.0157283439674779,0.03));
#11957=CARTESIAN_POINT('',(-0.0125284877643528,0.0072768751976418,0.03));
#11958=CARTESIAN_POINT('',(0.000609885543584824,0.0148623185636934,0.03));
#11959=CARTESIAN_POINT('',(0.00060988554358482,-0.00336744685471057,0.03));
#11960=CARTESIAN_POINT('',(0.000609885543584823,0.0131302677561245,0.03));
#11961=CARTESIAN_POINT('',(0.00250895219301607,0.0120338411148663,0.03));
#11962=CARTESIAN_POINT('',(0.00210988554358483,0.0122642423523401,0.03));
#11963=CARTESIAN_POINT('',(-0.0110284877643528,0.0046787989862885,0.03));
#11964=CARTESIAN_POINT('',(0.0116098855435848,-0.00336744685471057,0.03));
#11965=CARTESIAN_POINT('',(0.0116098855435848,0.0148623185636934,0.03));
#11966=CARTESIAN_POINT('',(0.0116098855435848,0.0131302677561245,0.03));
#11967=CARTESIAN_POINT('',(0.00600895219301606,0.0180960189413574,0.03));
#11968=CARTESIAN_POINT('',(0.0101098855435848,0.0157283439674779,0.03));
#11969=CARTESIAN_POINT('',(-0.0105284877643528,0.00381277358250405,0.03));
#11970=CARTESIAN_POINT('',(0.00860988554358482,0.0148623185636934,0.03));
#11971=CARTESIAN_POINT('',(0.00860988554358482,-0.00336744685471057,0.03));
#11972=CARTESIAN_POINT('',(0.00860988554358482,0.0131302677561245,0.03));
#11973=CARTESIAN_POINT('',(0.00450895219301608,0.0154979427300041,0.03));
#11974=CARTESIAN_POINT('',(0.0101098855435848,0.0122642423523401,0.03));
#11975=CARTESIAN_POINT('',(-0.00902848776435283,0.00121469737115075,0.03));
#11976=CARTESIAN_POINT('',(0.00560988554358482,0.0105321915447712,0.161497642004867));
#11977=CARTESIAN_POINT('',(0.00560988554358482,0.0113982169485556,0.161497642004867));
#11978=CARTESIAN_POINT('',(0.00560988554358482,0.00966616614098676,0.161497642004867));
#11979=CARTESIAN_POINT('',(0.00485988554358482,0.0118312296504479,0.161497642004867));
#11980=CARTESIAN_POINT('',(0.00410988554358483,0.0122642423523401,0.161497642004867));
#11981=CARTESIAN_POINT('',(0.00335988554358483,0.0118312296504479,0.161497642004867));
#11982=CARTESIAN_POINT('',(0.00260988554358483,0.0113982169485556,0.161497642004867));
#11983=CARTESIAN_POINT('',(0.00260988554358483,0.0105321915447712,0.161497642004867));
#11984=CARTESIAN_POINT('',(0.00260988554358483,0.00966616614098676,0.161497642004867));
#11985=CARTESIAN_POINT('',(0.00335988554358483,0.00923315343909454,0.161497642004867));
#11986=CARTESIAN_POINT('',(0.00410988554358483,0.00880014073720232,0.161497642004867));
#11987=CARTESIAN_POINT('',(0.00485988554358482,0.00923315343909454,0.161497642004867));
#11988=CARTESIAN_POINT('',(-0.00239011445641517,0.00360398831449569,0.161497642004867));
#11989=CARTESIAN_POINT('',(-0.00239011445641517,0.00447001371828013,0.161497642004867));
#11990=CARTESIAN_POINT('',(-0.00239011445641517,0.00273796291071125,0.161497642004867));
#11991=CARTESIAN_POINT('',(-0.00314011445641518,0.00490302642017235,0.161497642004867));
#11992=CARTESIAN_POINT('',(-0.00389011445641517,0.00533603912206457,0.161497642004867));
#11993=CARTESIAN_POINT('',(-0.00464011445641518,0.00490302642017235,0.161497642004867));
#11994=CARTESIAN_POINT('',(-0.00539011445641518,0.00447001371828013,0.161497642004867));
#11995=CARTESIAN_POINT('',(-0.00539011445641518,0.00360398831449569,0.161497642004867));
#11996=CARTESIAN_POINT('',(-0.00539011445641518,0.00273796291071125,0.161497642004867));
#11997=CARTESIAN_POINT('',(-0.00464011445641518,0.00230495020881904,0.161497642004867));
#11998=CARTESIAN_POINT('',(-0.00389011445641518,0.00187193750692682,0.161497642004867));
#11999=CARTESIAN_POINT('',(-0.00314011445641518,0.00230495020881904,0.161497642004867));
#12000=CARTESIAN_POINT('',(-0.00639011445641518,0.00360398831449569,0.161497642004867));
#12001=CARTESIAN_POINT('',(-0.00639011445641518,0.00447001371828013,0.161497642004867));
#12002=CARTESIAN_POINT('',(-0.00639011445641518,0.00273796291071125,0.161497642004867));
#12003=CARTESIAN_POINT('',(-0.00714011445641518,0.00490302642017235,0.161497642004867));
#12004=CARTESIAN_POINT('',(-0.00789011445641518,0.00533603912206457,0.161497642004867));
#12005=CARTESIAN_POINT('',(-0.00864011445641518,0.00490302642017235,0.161497642004867));
#12006=CARTESIAN_POINT('',(-0.00939011445641518,0.00447001371828013,0.161497642004867));
#12007=CARTESIAN_POINT('',(-0.00714011445641518,0.00230495020881904,0.161497642004867));
#12008=CARTESIAN_POINT('',(-0.00789011445641518,0.00187193750692682,0.161497642004867));
#12009=CARTESIAN_POINT('',(-0.00939011445641518,0.00360398831449569,0.161497642004867));
#12010=CARTESIAN_POINT('',(-0.00864011445641518,0.00230495020881904,0.161497642004867));
#12011=CARTESIAN_POINT('',(0.0148598855435848,0.00143892480503459,0.161497642004867));
#12012=CARTESIAN_POINT('',(0.0141098855435848,0.00187193750692682,0.161497642004867));
#12013=CARTESIAN_POINT('',(0.0156098855435848,0.00100591210314238,0.161497642004867));
#12014=CARTESIAN_POINT('',(0.0133598855435848,0.00143892480503459,0.161497642004867));
#12015=CARTESIAN_POINT('',(0.0126098855435848,0.00100591210314238,0.161497642004867));
#12016=CARTESIAN_POINT('',(0.0126098855435848,0.000139886699357937,0.161497642004867));
#12017=CARTESIAN_POINT('',(0.0126098855435848,-0.000726138704426501,0.161497642004867));
#12018=CARTESIAN_POINT('',(0.0156098855435848,0.000139886699357937,0.161497642004867));
#12019=CARTESIAN_POINT('',(0.0133598855435848,-0.00115915140631872,0.161497642004867));
#12020=CARTESIAN_POINT('',(-0.00439011445641517,0.000139886699357937,0.161497642004867));
#12021=CARTESIAN_POINT('',(-0.00439011445641517,0.00100591210314238,0.161497642004867));
#12022=CARTESIAN_POINT('',(-0.00439011445641517,-0.000726138704426503,0.161497642004867));
#12023=CARTESIAN_POINT('',(-0.00514011445641518,0.00143892480503459,0.161497642004867));
#12024=CARTESIAN_POINT('',(-0.00589011445641518,0.00187193750692682,0.161497642004867));
#12025=CARTESIAN_POINT('',(-0.00664011445641518,0.00143892480503459,0.161497642004867));
#12026=CARTESIAN_POINT('',(-0.00739011445641518,0.00100591210314238,0.161497642004867));
#12027=CARTESIAN_POINT('',(-0.00739011445641518,0.000139886699357937,0.161497642004867));
#12028=CARTESIAN_POINT('',(-0.00514011445641518,-0.00115915140631872,0.161497642004867));
#12029=CARTESIAN_POINT('',(-0.000390114456415177,0.000139886699357937,0.161497642004867));
#12030=CARTESIAN_POINT('',(-0.000390114456415177,0.00100591210314238,0.161497642004867));
#12031=CARTESIAN_POINT('',(-0.000390114456415177,-0.000726138704426503,
0.161497642004867));
#12032=CARTESIAN_POINT('',(-0.00114011445641518,0.00143892480503459,0.161497642004867));
#12033=CARTESIAN_POINT('',(-0.00189011445641517,0.00187193750692682,0.161497642004867));
#12034=CARTESIAN_POINT('',(-0.00264011445641518,0.00143892480503459,0.161497642004867));
#12035=CARTESIAN_POINT('',(-0.00339011445641517,0.00100591210314238,0.161497642004867));
#12036=CARTESIAN_POINT('',(-0.00339011445641517,0.000139886699357937,0.161497642004867));
#12037=CARTESIAN_POINT('',(-0.00339011445641517,-0.000726138704426501,0.161497642004867));
#12038=CARTESIAN_POINT('',(-0.00264011445641518,-0.00115915140631872,0.161497642004867));
#12039=CARTESIAN_POINT('',(-0.00189011445641518,-0.00159216410821094,0.161497642004867));
#12040=CARTESIAN_POINT('',(-0.00114011445641518,-0.00115915140631872,0.161497642004867));
#12041=CARTESIAN_POINT('',(0.00360988554358483,0.000139886699357937,0.161497642004867));
#12042=CARTESIAN_POINT('',(0.00360988554358483,0.00100591210314238,0.161497642004867));
#12043=CARTESIAN_POINT('',(0.00360988554358483,-0.000726138704426503,0.161497642004867));
#12044=CARTESIAN_POINT('',(0.00285988554358483,0.00143892480503459,0.161497642004867));
#12045=CARTESIAN_POINT('',(0.00210988554358483,0.00187193750692682,0.161497642004867));
#12046=CARTESIAN_POINT('',(0.00135988554358482,0.00143892480503459,0.161497642004867));
#12047=CARTESIAN_POINT('',(0.000609885543584824,0.00100591210314238,0.161497642004867));
#12048=CARTESIAN_POINT('',(0.000609885543584824,0.000139886699357937,0.161497642004867));
#12049=CARTESIAN_POINT('',(0.000609885543584823,-0.000726138704426501,0.161497642004867));
#12050=CARTESIAN_POINT('',(0.00135988554358482,-0.00115915140631872,0.161497642004867));
#12051=CARTESIAN_POINT('',(0.00210988554358483,-0.00159216410821094,0.161497642004867));
#12052=CARTESIAN_POINT('',(0.00285988554358483,-0.00115915140631872,0.161497642004867));
#12053=CARTESIAN_POINT('',(0.00760988554358482,0.000139886699357937,0.161497642004867));
#12054=CARTESIAN_POINT('',(0.00760988554358482,0.00100591210314238,0.161497642004867));
#12055=CARTESIAN_POINT('',(0.00760988554358482,-0.000726138704426503,0.161497642004867));
#12056=CARTESIAN_POINT('',(0.00685988554358482,0.00143892480503459,0.161497642004867));
#12057=CARTESIAN_POINT('',(0.00610988554358482,0.00187193750692682,0.161497642004867));
#12058=CARTESIAN_POINT('',(0.00535988554358483,0.00143892480503459,0.161497642004867));
#12059=CARTESIAN_POINT('',(0.00460988554358482,0.00100591210314238,0.161497642004867));
#12060=CARTESIAN_POINT('',(0.00460988554358482,0.000139886699357937,0.161497642004867));
#12061=CARTESIAN_POINT('',(0.00460988554358482,-0.000726138704426501,0.161497642004867));
#12062=CARTESIAN_POINT('',(0.00535988554358482,-0.00115915140631872,0.161497642004867));
#12063=CARTESIAN_POINT('',(0.00610988554358482,-0.00159216410821094,0.161497642004867));
#12064=CARTESIAN_POINT('',(0.00685988554358482,-0.00115915140631872,0.161497642004867));
#12065=CARTESIAN_POINT('',(0.0116098855435848,0.000139886699357937,0.161497642004867));
#12066=CARTESIAN_POINT('',(0.0116098855435848,0.00100591210314238,0.161497642004867));
#12067=CARTESIAN_POINT('',(0.0116098855435848,-0.000726138704426503,0.161497642004867));
#12068=CARTESIAN_POINT('',(0.0108598855435848,0.00143892480503459,0.161497642004867));
#12069=CARTESIAN_POINT('',(0.0101098855435848,0.00187193750692682,0.161497642004867));
#12070=CARTESIAN_POINT('',(0.00935988554358482,0.00143892480503459,0.161497642004867));
#12071=CARTESIAN_POINT('',(0.00860988554358482,0.00100591210314238,0.161497642004867));
#12072=CARTESIAN_POINT('',(0.00860988554358482,0.000139886699357937,0.161497642004867));
#12073=CARTESIAN_POINT('',(0.00860988554358482,-0.000726138704426501,0.161497642004867));
#12074=CARTESIAN_POINT('',(0.00935988554358482,-0.00115915140631872,0.161497642004867));
#12075=CARTESIAN_POINT('',(0.0101098855435848,-0.00159216410821094,0.161497642004867));
#12076=CARTESIAN_POINT('',(0.0108598855435848,-0.00115915140631872,0.161497642004867));
#12077=CARTESIAN_POINT('',(0.0173598855435848,0.0083671280353101,0.161497642004867));
#12078=CARTESIAN_POINT('',(0.0166098855435849,0.00793411533341789,0.161497642004867));
#12079=CARTESIAN_POINT('',(0.0181098855435848,0.00880014073720232,0.161497642004867));
#12080=CARTESIAN_POINT('',(0.0166098855435848,0.00706808992963345,0.161497642004867));
#12081=CARTESIAN_POINT('',(0.0166098855435848,0.00620206452584901,0.161497642004867));
#12082=CARTESIAN_POINT('',(0.0173598855435848,0.00576905182395679,0.161497642004867));
#12083=CARTESIAN_POINT('',(0.0181098855435848,0.00533603912206457,0.161497642004867));
#12084=CARTESIAN_POINT('',(0.0188598855435848,0.0083671280353101,0.161497642004867));
#12085=CARTESIAN_POINT('',(0.0188598855435848,0.00576905182395679,0.161497642004867));
#12086=CARTESIAN_POINT('',(0.0156098855435848,0.00706808992963345,0.161497642004867));
#12087=CARTESIAN_POINT('',(0.0156098855435848,0.00793411533341789,0.161497642004867));
#12088=CARTESIAN_POINT('',(0.0156098855435848,0.00620206452584901,0.161497642004867));
#12089=CARTESIAN_POINT('',(0.0148598855435848,0.0083671280353101,0.161497642004867));
#12090=CARTESIAN_POINT('',(0.0141098855435848,0.00880014073720232,0.161497642004867));
#12091=CARTESIAN_POINT('',(0.0133598855435848,0.0083671280353101,0.161497642004867));
#12092=CARTESIAN_POINT('',(0.0126098855435848,0.00793411533341789,0.161497642004867));
#12093=CARTESIAN_POINT('',(0.0126098855435848,0.00706808992963345,0.161497642004867));
#12094=CARTESIAN_POINT('',(0.0126098855435848,0.00620206452584901,0.161497642004867));
#12095=CARTESIAN_POINT('',(0.0133598855435848,0.00576905182395679,0.161497642004867));
#12096=CARTESIAN_POINT('',(0.0141098855435848,0.00533603912206457,0.161497642004867));
#12097=CARTESIAN_POINT('',(0.0148598855435848,0.00576905182395679,0.161497642004867));
#12098=CARTESIAN_POINT('',(0.0116098855435848,0.00706808992963345,0.161497642004867));
#12099=CARTESIAN_POINT('',(0.0116098855435848,0.00793411533341789,0.161497642004867));
#12100=CARTESIAN_POINT('',(0.0116098855435848,0.00620206452584901,0.161497642004867));
#12101=CARTESIAN_POINT('',(0.0108598855435848,0.0083671280353101,0.161497642004867));
#12102=CARTESIAN_POINT('',(0.0101098855435848,0.00880014073720232,0.161497642004867));
#12103=CARTESIAN_POINT('',(0.00935988554358482,0.0083671280353101,0.161497642004867));
#12104=CARTESIAN_POINT('',(0.00860988554358482,0.00793411533341789,0.161497642004867));
#12105=CARTESIAN_POINT('',(0.00860988554358482,0.00706808992963345,0.161497642004867));
#12106=CARTESIAN_POINT('',(0.00860988554358482,0.00620206452584901,0.161497642004867));
#12107=CARTESIAN_POINT('',(0.00935988554358482,0.00576905182395679,0.161497642004867));
#12108=CARTESIAN_POINT('',(0.0101098855435848,0.00533603912206457,0.161497642004867));
#12109=CARTESIAN_POINT('',(0.0108598855435848,0.00576905182395679,0.161497642004867));
#12110=CARTESIAN_POINT('',(0.00760988554358482,0.00706808992963345,0.161497642004867));
#12111=CARTESIAN_POINT('',(0.00760988554358482,0.00793411533341789,0.161497642004867));
#12112=CARTESIAN_POINT('',(0.00760988554358482,0.00620206452584901,0.161497642004867));
#12113=CARTESIAN_POINT('',(0.00685988554358482,0.0083671280353101,0.161497642004867));
#12114=CARTESIAN_POINT('',(0.00610988554358482,0.00880014073720232,0.161497642004867));
#12115=CARTESIAN_POINT('',(0.00535988554358483,0.0083671280353101,0.161497642004867));
#12116=CARTESIAN_POINT('',(0.00460988554358482,0.00793411533341789,0.161497642004867));
#12117=CARTESIAN_POINT('',(0.00460988554358482,0.00706808992963345,0.161497642004867));
#12118=CARTESIAN_POINT('',(0.00460988554358482,0.00620206452584901,0.161497642004867));
#12119=CARTESIAN_POINT('',(0.00535988554358482,0.00576905182395679,0.161497642004867));
#12120=CARTESIAN_POINT('',(0.00610988554358482,0.00533603912206457,0.161497642004867));
#12121=CARTESIAN_POINT('',(0.00685988554358482,0.00576905182395679,0.161497642004867));
#12122=CARTESIAN_POINT('',(0.00360988554358483,0.00706808992963345,0.161497642004867));
#12123=CARTESIAN_POINT('',(0.00360988554358483,0.00793411533341789,0.161497642004867));
#12124=CARTESIAN_POINT('',(0.00360988554358483,0.00620206452584901,0.161497642004867));
#12125=CARTESIAN_POINT('',(0.00285988554358483,0.0083671280353101,0.161497642004867));
#12126=CARTESIAN_POINT('',(0.00210988554358483,0.00880014073720232,0.161497642004867));
#12127=CARTESIAN_POINT('',(0.00135988554358482,0.0083671280353101,0.161497642004867));
#12128=CARTESIAN_POINT('',(0.000609885543584824,0.00793411533341789,0.161497642004867));
#12129=CARTESIAN_POINT('',(0.000609885543584824,0.00706808992963345,0.161497642004867));
#12130=CARTESIAN_POINT('',(0.000609885543584823,0.00620206452584901,0.161497642004867));
#12131=CARTESIAN_POINT('',(0.00135988554358482,0.00576905182395679,0.161497642004867));
#12132=CARTESIAN_POINT('',(0.00210988554358483,0.00533603912206457,0.161497642004867));
#12133=CARTESIAN_POINT('',(0.00285988554358483,0.00576905182395679,0.161497642004867));
#12134=CARTESIAN_POINT('',(-0.000390114456415177,0.00706808992963345,0.161497642004867));
#12135=CARTESIAN_POINT('',(-0.000390114456415177,0.00793411533341789,0.161497642004867));
#12136=CARTESIAN_POINT('',(-0.000390114456415177,0.00620206452584901,0.161497642004867));
#12137=CARTESIAN_POINT('',(-0.00114011445641518,0.0083671280353101,0.161497642004867));
#12138=CARTESIAN_POINT('',(-0.00189011445641517,0.00880014073720232,0.161497642004867));
#12139=CARTESIAN_POINT('',(-0.00264011445641518,0.0083671280353101,0.161497642004867));
#12140=CARTESIAN_POINT('',(-0.00339011445641517,0.00793411533341789,0.161497642004867));
#12141=CARTESIAN_POINT('',(-0.00339011445641517,0.00706808992963345,0.161497642004867));
#12142=CARTESIAN_POINT('',(-0.00339011445641517,0.00620206452584901,0.161497642004867));
#12143=CARTESIAN_POINT('',(-0.00264011445641518,0.00576905182395679,0.161497642004867));
#12144=CARTESIAN_POINT('',(-0.00189011445641518,0.00533603912206457,0.161497642004867));
#12145=CARTESIAN_POINT('',(-0.00114011445641518,0.00576905182395679,0.161497642004867));
#12146=CARTESIAN_POINT('',(-0.00439011445641517,0.00706808992963345,0.161497642004867));
#12147=CARTESIAN_POINT('',(-0.00439011445641517,0.00793411533341789,0.161497642004867));
#12148=CARTESIAN_POINT('',(-0.00439011445641517,0.00620206452584901,0.161497642004867));
#12149=CARTESIAN_POINT('',(-0.00514011445641518,0.0083671280353101,0.161497642004867));
#12150=CARTESIAN_POINT('',(-0.00589011445641518,0.00880014073720232,0.161497642004867));
#12151=CARTESIAN_POINT('',(-0.00664011445641518,0.0083671280353101,0.161497642004867));
#12152=CARTESIAN_POINT('',(-0.00739011445641518,0.00793411533341789,0.161497642004867));
#12153=CARTESIAN_POINT('',(-0.00739011445641518,0.00706808992963345,0.161497642004867));
#12154=CARTESIAN_POINT('',(-0.00739011445641518,0.00620206452584901,0.161497642004867));
#12155=CARTESIAN_POINT('',(-0.00664011445641518,0.00576905182395679,0.161497642004867));
#12156=CARTESIAN_POINT('',(-0.00589011445641518,0.00533603912206457,0.161497642004867));
#12157=CARTESIAN_POINT('',(-0.00514011445641518,0.00576905182395679,0.161497642004867));
#12158=CARTESIAN_POINT('',(-0.00839011445641518,0.00706808992963345,0.161497642004867));
#12159=CARTESIAN_POINT('',(-0.00839011445641518,0.00793411533341789,0.161497642004867));
#12160=CARTESIAN_POINT('',(-0.00839011445641518,0.00620206452584901,0.161497642004867));
#12161=CARTESIAN_POINT('',(-0.00914011445641518,0.0083671280353101,0.161497642004867));
#12162=CARTESIAN_POINT('',(-0.00989011445641518,0.00880014073720232,0.161497642004867));
#12163=CARTESIAN_POINT('',(-0.00914011445641518,0.00576905182395679,0.161497642004867));
#12164=CARTESIAN_POINT('',(-0.00989011445641518,0.00533603912206457,0.161497642004867));
#12165=CARTESIAN_POINT('',(-0.0106401144564152,0.0083671280353101,0.161497642004867));
#12166=CARTESIAN_POINT('',(-0.0106401144564152,0.00576905182395679,0.161497642004867));
#12167=CARTESIAN_POINT('',(0.00160988554358482,0.00360398831449569,0.161497642004867));
#12168=CARTESIAN_POINT('',(0.00160988554358482,0.00447001371828013,0.161497642004867));
#12169=CARTESIAN_POINT('',(0.00160988554358482,0.00273796291071125,0.161497642004867));
#12170=CARTESIAN_POINT('',(0.000859885543584823,0.00490302642017235,0.161497642004867));
#12171=CARTESIAN_POINT('',(0.000109885543584823,0.00533603912206457,0.161497642004867));
#12172=CARTESIAN_POINT('',(-0.000640114456415176,0.00490302642017235,0.161497642004867));
#12173=CARTESIAN_POINT('',(-0.00139011445641518,0.00447001371828013,0.161497642004867));
#12174=CARTESIAN_POINT('',(-0.00139011445641518,0.00360398831449569,0.161497642004867));
#12175=CARTESIAN_POINT('',(-0.00139011445641518,0.00273796291071125,0.161497642004867));
#12176=CARTESIAN_POINT('',(-0.000640114456415177,0.00230495020881904,0.161497642004867));
#12177=CARTESIAN_POINT('',(0.000109885543584823,0.00187193750692682,0.161497642004867));
#12178=CARTESIAN_POINT('',(0.000859885543584823,0.00230495020881904,0.161497642004867));
#12179=CARTESIAN_POINT('',(0.00560988554358482,0.00360398831449569,0.161497642004867));
#12180=CARTESIAN_POINT('',(0.00560988554358482,0.00447001371828013,0.161497642004867));
#12181=CARTESIAN_POINT('',(0.00560988554358482,0.00273796291071125,0.161497642004867));
#12182=CARTESIAN_POINT('',(0.00485988554358482,0.00490302642017235,0.161497642004867));
#12183=CARTESIAN_POINT('',(0.00410988554358483,0.00533603912206457,0.161497642004867));
#12184=CARTESIAN_POINT('',(0.00335988554358483,0.00490302642017235,0.161497642004867));
#12185=CARTESIAN_POINT('',(0.00260988554358483,0.00447001371828013,0.161497642004867));
#12186=CARTESIAN_POINT('',(0.00260988554358483,0.00360398831449569,0.161497642004867));
#12187=CARTESIAN_POINT('',(0.00260988554358483,0.00273796291071125,0.161497642004867));
#12188=CARTESIAN_POINT('',(0.00335988554358483,0.00230495020881904,0.161497642004867));
#12189=CARTESIAN_POINT('',(0.00410988554358483,0.00187193750692682,0.161497642004867));
#12190=CARTESIAN_POINT('',(0.00485988554358482,0.00230495020881904,0.161497642004867));
#12191=CARTESIAN_POINT('',(0.00960988554358482,0.00360398831449569,0.161497642004867));
#12192=CARTESIAN_POINT('',(0.00960988554358482,0.00447001371828013,0.161497642004867));
#12193=CARTESIAN_POINT('',(0.00960988554358482,0.00273796291071125,0.161497642004867));
#12194=CARTESIAN_POINT('',(0.00885988554358482,0.00490302642017235,0.161497642004867));
#12195=CARTESIAN_POINT('',(0.00810988554358482,0.00533603912206457,0.161497642004867));
#12196=CARTESIAN_POINT('',(0.00735988554358483,0.00490302642017235,0.161497642004867));
#12197=CARTESIAN_POINT('',(0.00660988554358482,0.00447001371828013,0.161497642004867));
#12198=CARTESIAN_POINT('',(0.00660988554358482,0.00360398831449569,0.161497642004867));
#12199=CARTESIAN_POINT('',(0.00660988554358482,0.00273796291071125,0.161497642004867));
#12200=CARTESIAN_POINT('',(0.00735988554358482,0.00230495020881904,0.161497642004867));
#12201=CARTESIAN_POINT('',(0.00810988554358482,0.00187193750692682,0.161497642004867));
#12202=CARTESIAN_POINT('',(0.00885988554358482,0.00230495020881904,0.161497642004867));
#12203=CARTESIAN_POINT('',(0.0136098855435848,0.00360398831449569,0.161497642004867));
#12204=CARTESIAN_POINT('',(0.0136098855435848,0.00447001371828013,0.161497642004867));
#12205=CARTESIAN_POINT('',(0.0136098855435848,0.00273796291071125,0.161497642004867));
#12206=CARTESIAN_POINT('',(0.0128598855435848,0.00490302642017235,0.161497642004867));
#12207=CARTESIAN_POINT('',(0.0121098855435848,0.00533603912206457,0.161497642004867));
#12208=CARTESIAN_POINT('',(0.0113598855435848,0.00490302642017235,0.161497642004867));
#12209=CARTESIAN_POINT('',(0.0106098855435848,0.00447001371828013,0.161497642004867));
#12210=CARTESIAN_POINT('',(0.0106098855435848,0.00360398831449569,0.161497642004867));
#12211=CARTESIAN_POINT('',(0.0106098855435848,0.00273796291071125,0.161497642004867));
#12212=CARTESIAN_POINT('',(0.0113598855435848,0.00230495020881904,0.161497642004867));
#12213=CARTESIAN_POINT('',(0.0121098855435848,0.00187193750692682,0.161497642004867));
#12214=CARTESIAN_POINT('',(0.0128598855435848,0.00230495020881904,0.161497642004867));
#12215=CARTESIAN_POINT('',(0.0168598855435849,0.00490302642017235,0.161497642004867));
#12216=CARTESIAN_POINT('',(0.0161098855435849,0.00533603912206457,0.161497642004867));
#12217=CARTESIAN_POINT('',(0.0176098855435848,0.00447001371828013,0.161497642004867));
#12218=CARTESIAN_POINT('',(0.0153598855435848,0.00490302642017235,0.161497642004867));
#12219=CARTESIAN_POINT('',(0.0146098855435848,0.00447001371828013,0.161497642004867));
#12220=CARTESIAN_POINT('',(0.0146098855435848,0.00360398831449569,0.161497642004867));
#12221=CARTESIAN_POINT('',(0.0146098855435848,0.00273796291071125,0.161497642004867));
#12222=CARTESIAN_POINT('',(0.0153598855435848,0.00230495020881904,0.161497642004867));
#12223=CARTESIAN_POINT('',(0.0161098855435849,0.00187193750692682,0.161497642004867));
#12224=CARTESIAN_POINT('',(0.0176098855435848,0.00360398831449569,0.161497642004867));
#12225=CARTESIAN_POINT('',(0.0168598855435849,0.00230495020881904,0.161497642004867));
#12226=CARTESIAN_POINT('',(0.0113598855435848,-0.00202517681010316,0.161497642004867));
#12227=CARTESIAN_POINT('',(0.0106098855435848,-0.00245818951199538,0.161497642004867));
#12228=CARTESIAN_POINT('',(0.0121098855435848,-0.00159216410821094,0.161497642004867));
#12229=CARTESIAN_POINT('',(0.0128598855435848,-0.00202517681010316,0.161497642004867));
#12230=CARTESIAN_POINT('',(0.0106098855435848,-0.00332421491577982,0.161497642004867));
#12231=CARTESIAN_POINT('',(0.00885988554358482,-0.00202517681010316,0.161497642004867));
#12232=CARTESIAN_POINT('',(0.00810988554358482,-0.00159216410821094,0.161497642004867));
#12233=CARTESIAN_POINT('',(0.00960988554358482,-0.00245818951199538,0.161497642004867));
#12234=CARTESIAN_POINT('',(0.00735988554358483,-0.00202517681010316,0.161497642004867));
#12235=CARTESIAN_POINT('',(0.00660988554358482,-0.00245818951199538,0.161497642004867));
#12236=CARTESIAN_POINT('',(0.00660988554358482,-0.00332421491577982,0.161497642004867));
#12237=CARTESIAN_POINT('',(0.00660988554358482,-0.00419024031956425,0.161497642004867));
#12238=CARTESIAN_POINT('',(0.00960988554358482,-0.00332421491577982,0.161497642004867));
#12239=CARTESIAN_POINT('',(0.00735988554358482,-0.00462325302145648,0.161497642004867));
#12240=CARTESIAN_POINT('',(0.00560988554358482,-0.00332421491577982,0.161497642004867));
#12241=CARTESIAN_POINT('',(0.00560988554358482,-0.00245818951199538,0.161497642004867));
#12242=CARTESIAN_POINT('',(0.00560988554358482,-0.00419024031956425,0.161497642004867));
#12243=CARTESIAN_POINT('',(0.00485988554358482,-0.00202517681010316,0.161497642004867));
#12244=CARTESIAN_POINT('',(0.00410988554358483,-0.00159216410821094,0.161497642004867));
#12245=CARTESIAN_POINT('',(0.00335988554358483,-0.00202517681010316,0.161497642004867));
#12246=CARTESIAN_POINT('',(0.00260988554358483,-0.00245818951199538,0.161497642004867));
#12247=CARTESIAN_POINT('',(0.00260988554358483,-0.00332421491577982,0.161497642004867));
#12248=CARTESIAN_POINT('',(0.00260988554358483,-0.00419024031956425,0.161497642004867));
#12249=CARTESIAN_POINT('',(0.00335988554358483,-0.00462325302145648,0.161497642004867));
#12250=CARTESIAN_POINT('',(0.00485988554358482,-0.00462325302145648,0.161497642004867));
#12251=CARTESIAN_POINT('',(0.00160988554358482,-0.00332421491577982,0.161497642004867));
#12252=CARTESIAN_POINT('',(0.00160988554358482,-0.00245818951199538,0.161497642004867));
#12253=CARTESIAN_POINT('',(0.00160988554358482,-0.00419024031956425,0.161497642004867));
#12254=CARTESIAN_POINT('',(0.000859885543584823,-0.00202517681010316,0.161497642004867));
#12255=CARTESIAN_POINT('',(0.000109885543584823,-0.00159216410821094,0.161497642004867));
#12256=CARTESIAN_POINT('',(-0.000640114456415176,-0.00202517681010316,0.161497642004867));
#12257=CARTESIAN_POINT('',(-0.00139011445641518,-0.00245818951199538,0.161497642004867));
#12258=CARTESIAN_POINT('',(-0.00139011445641518,-0.00332421491577982,0.161497642004867));
#12259=CARTESIAN_POINT('',(0.000859885543584823,-0.00462325302145648,0.161497642004867));
#12260=CARTESIAN_POINT('',(-0.00314011445641518,-0.00202517681010316,0.161497642004867));
#12261=CARTESIAN_POINT('',(-0.00389011445641517,-0.00159216410821094,0.161497642004867));
#12262=CARTESIAN_POINT('',(-0.00239011445641517,-0.00245818951199538,0.161497642004867));
#12263=CARTESIAN_POINT('',(-0.00239011445641517,-0.00332421491577982,0.161497642004867));
#12264=CARTESIAN_POINT('',(-0.00464011445641518,-0.00202517681010316,0.161497642004867));
#12265=CARTESIAN_POINT('',(0.0116098855435848,0.0209244963901844,0.161497642004867));
#12266=CARTESIAN_POINT('',(0.0116098855435848,0.0217905217939689,0.161497642004867));
#12267=CARTESIAN_POINT('',(0.0116098855435848,0.0200584709864,0.161497642004867));
#12268=CARTESIAN_POINT('',(0.0108598855435848,0.0222235344958611,0.161497642004867));
#12269=CARTESIAN_POINT('',(0.0101098855435848,0.0226565471977534,0.161497642004867));
#12270=CARTESIAN_POINT('',(0.00935988554358482,0.0222235344958611,0.161497642004867));
#12271=CARTESIAN_POINT('',(0.00860988554358482,0.0217905217939689,0.161497642004867));
#12272=CARTESIAN_POINT('',(0.00860988554358482,0.0209244963901844,0.161497642004867));
#12273=CARTESIAN_POINT('',(0.00860988554358482,0.0200584709864001,0.161497642004867));
#12274=CARTESIAN_POINT('',(0.00935988554358482,0.0196254582845078,0.161497642004867));
#12275=CARTESIAN_POINT('',(0.0101098855435848,0.0191924455826156,0.161497642004867));
#12276=CARTESIAN_POINT('',(0.0108598855435848,0.0196254582845078,0.161497642004867));
#12277=CARTESIAN_POINT('',(0.0126098855435848,0.0209244963901844,0.161497642004867));
#12278=CARTESIAN_POINT('',(0.0126098855435848,0.0200584709864001,0.161497642004867));
#12279=CARTESIAN_POINT('',(0.0126098855435848,0.0217905217939689,0.161497642004867));
#12280=CARTESIAN_POINT('',(0.0133598855435848,0.0196254582845078,0.161497642004867));
#12281=CARTESIAN_POINT('',(0.0141098855435848,0.0191924455826156,0.161497642004867));
#12282=CARTESIAN_POINT('',(0.0148598855435848,0.0196254582845078,0.161497642004867));
#12283=CARTESIAN_POINT('',(0.0156098855435848,0.0200584709864,0.161497642004867));
#12284=CARTESIAN_POINT('',(0.0156098855435848,0.0209244963901844,0.161497642004867));
#12285=CARTESIAN_POINT('',(0.0133598855435848,0.0222235344958611,0.161497642004867));
#12286=CARTESIAN_POINT('',(-0.00439011445641517,0.0209244963901844,0.161497642004867));
#12287=CARTESIAN_POINT('',(-0.00439011445641517,0.0217905217939689,0.161497642004867));
#12288=CARTESIAN_POINT('',(-0.00439011445641517,0.0200584709864,0.161497642004867));
#12289=CARTESIAN_POINT('',(-0.00664011445641518,0.0196254582845078,0.161497642004867));
#12290=CARTESIAN_POINT('',(-0.00589011445641518,0.0191924455826156,0.161497642004867));
#12291=CARTESIAN_POINT('',(-0.00739011445641518,0.0200584709864001,0.161497642004867));
#12292=CARTESIAN_POINT('',(-0.00514011445641518,0.0196254582845078,0.161497642004867));
#12293=CARTESIAN_POINT('',(-0.00514011445641518,0.0222235344958611,0.161497642004867));
#12294=CARTESIAN_POINT('',(-0.00739011445641518,0.0209244963901844,0.161497642004867));
#12295=CARTESIAN_POINT('',(-0.000390114456415177,0.0209244963901844,0.161497642004867));
#12296=CARTESIAN_POINT('',(-0.000390114456415177,0.0217905217939689,0.161497642004867));
#12297=CARTESIAN_POINT('',(-0.000390114456415177,0.0200584709864,0.161497642004867));
#12298=CARTESIAN_POINT('',(-0.00114011445641518,0.0222235344958611,0.161497642004867));
#12299=CARTESIAN_POINT('',(-0.00189011445641517,0.0226565471977534,0.161497642004867));
#12300=CARTESIAN_POINT('',(-0.00264011445641518,0.0222235344958611,0.161497642004867));
#12301=CARTESIAN_POINT('',(-0.00339011445641517,0.0217905217939689,0.161497642004867));
#12302=CARTESIAN_POINT('',(-0.00339011445641517,0.0209244963901844,0.161497642004867));
#12303=CARTESIAN_POINT('',(-0.00339011445641517,0.0200584709864001,0.161497642004867));
#12304=CARTESIAN_POINT('',(-0.00264011445641518,0.0196254582845078,0.161497642004867));
#12305=CARTESIAN_POINT('',(-0.00189011445641518,0.0191924455826156,0.161497642004867));
#12306=CARTESIAN_POINT('',(-0.00114011445641518,0.0196254582845078,0.161497642004867));
#12307=CARTESIAN_POINT('',(0.00360988554358483,0.0209244963901844,0.161497642004867));
#12308=CARTESIAN_POINT('',(0.00360988554358483,0.0217905217939689,0.161497642004867));
#12309=CARTESIAN_POINT('',(0.00360988554358483,0.0200584709864,0.161497642004867));
#12310=CARTESIAN_POINT('',(0.00285988554358483,0.0222235344958611,0.161497642004867));
#12311=CARTESIAN_POINT('',(0.00210988554358483,0.0226565471977534,0.161497642004867));
#12312=CARTESIAN_POINT('',(0.00135988554358482,0.0222235344958611,0.161497642004867));
#12313=CARTESIAN_POINT('',(0.000609885543584824,0.0217905217939689,0.161497642004867));
#12314=CARTESIAN_POINT('',(0.000609885543584824,0.0209244963901844,0.161497642004867));
#12315=CARTESIAN_POINT('',(0.000609885543584823,0.0200584709864001,0.161497642004867));
#12316=CARTESIAN_POINT('',(0.00135988554358482,0.0196254582845078,0.161497642004867));
#12317=CARTESIAN_POINT('',(0.00210988554358483,0.0191924455826156,0.161497642004867));
#12318=CARTESIAN_POINT('',(0.00285988554358483,0.0196254582845078,0.161497642004867));
#12319=CARTESIAN_POINT('',(0.00760988554358482,0.0209244963901844,0.161497642004867));
#12320=CARTESIAN_POINT('',(0.00760988554358482,0.0217905217939689,0.161497642004867));
#12321=CARTESIAN_POINT('',(0.00760988554358482,0.0200584709864,0.161497642004867));
#12322=CARTESIAN_POINT('',(0.00685988554358482,0.0222235344958611,0.161497642004867));
#12323=CARTESIAN_POINT('',(0.00610988554358482,0.0226565471977534,0.161497642004867));
#12324=CARTESIAN_POINT('',(0.00535988554358483,0.0222235344958611,0.161497642004867));
#12325=CARTESIAN_POINT('',(0.00460988554358482,0.0217905217939689,0.161497642004867));
#12326=CARTESIAN_POINT('',(0.00460988554358482,0.0209244963901844,0.161497642004867));
#12327=CARTESIAN_POINT('',(0.00460988554358482,0.0200584709864001,0.161497642004867));
#12328=CARTESIAN_POINT('',(0.00535988554358482,0.0196254582845078,0.161497642004867));
#12329=CARTESIAN_POINT('',(0.00610988554358482,0.0191924455826156,0.161497642004867));
#12330=CARTESIAN_POINT('',(0.00685988554358482,0.0196254582845078,0.161497642004867));
#12331=CARTESIAN_POINT('',(0.0113598855435848,0.0230895598996455,0.161497642004867));
#12332=CARTESIAN_POINT('',(0.0121098855435848,0.0226565471977534,0.161497642004867));
#12333=CARTESIAN_POINT('',(0.0106098855435848,0.0235225726015378,0.161497642004867));
#12334=CARTESIAN_POINT('',(0.0106098855435848,0.0243885980053222,0.161497642004867));
#12335=CARTESIAN_POINT('',(0.0128598855435848,0.0230895598996455,0.161497642004867));
#12336=CARTESIAN_POINT('',(0.00660988554358482,0.0243885980053222,0.161497642004867));
#12337=CARTESIAN_POINT('',(0.00660988554358482,0.0235225726015378,0.161497642004867));
#12338=CARTESIAN_POINT('',(0.00660988554358482,0.0252546234091066,0.161497642004867));
#12339=CARTESIAN_POINT('',(0.00735988554358482,0.0230895598996455,0.161497642004867));
#12340=CARTESIAN_POINT('',(0.00810988554358482,0.0226565471977534,0.161497642004867));
#12341=CARTESIAN_POINT('',(0.00885988554358482,0.0230895598996455,0.161497642004867));
#12342=CARTESIAN_POINT('',(0.00960988554358482,0.0235225726015378,0.161497642004867));
#12343=CARTESIAN_POINT('',(0.00960988554358482,0.0243885980053222,0.161497642004867));
#12344=CARTESIAN_POINT('',(0.00735988554358483,0.0256876361109989,0.161497642004867));
#12345=CARTESIAN_POINT('',(0.00560988554358482,0.0243885980053222,0.161497642004867));
#12346=CARTESIAN_POINT('',(0.00560988554358482,0.0252546234091066,0.161497642004867));
#12347=CARTESIAN_POINT('',(0.00560988554358482,0.0235225726015378,0.161497642004867));
#12348=CARTESIAN_POINT('',(0.00260988554358483,0.0243885980053222,0.161497642004867));
#12349=CARTESIAN_POINT('',(0.00260988554358483,0.0235225726015378,0.161497642004867));
#12350=CARTESIAN_POINT('',(0.00260988554358483,0.0252546234091066,0.161497642004867));
#12351=CARTESIAN_POINT('',(0.00335988554358483,0.0230895598996455,0.161497642004867));
#12352=CARTESIAN_POINT('',(0.00410988554358483,0.0226565471977534,0.161497642004867));
#12353=CARTESIAN_POINT('',(0.00485988554358482,0.0230895598996455,0.161497642004867));
#12354=CARTESIAN_POINT('',(0.00485988554358482,0.0256876361109989,0.161497642004867));
#12355=CARTESIAN_POINT('',(0.00335988554358483,0.0256876361109989,0.161497642004867));
#12356=CARTESIAN_POINT('',(0.00160988554358482,0.0243885980053222,0.161497642004867));
#12357=CARTESIAN_POINT('',(0.00160988554358482,0.0252546234091066,0.161497642004867));
#12358=CARTESIAN_POINT('',(0.00160988554358482,0.0235225726015378,0.161497642004867));
#12359=CARTESIAN_POINT('',(-0.000640114456415177,0.0230895598996455,0.161497642004867));
#12360=CARTESIAN_POINT('',(0.000109885543584823,0.0226565471977534,0.161497642004867));
#12361=CARTESIAN_POINT('',(-0.00139011445641518,0.0235225726015378,0.161497642004867));
#12362=CARTESIAN_POINT('',(0.000859885543584823,0.0230895598996455,0.161497642004867));
#12363=CARTESIAN_POINT('',(0.000859885543584823,0.0256876361109989,0.161497642004867));
#12364=CARTESIAN_POINT('',(-0.00139011445641518,0.0243885980053222,0.161497642004867));
#12365=CARTESIAN_POINT('',(-0.00314011445641518,0.0230895598996455,0.161497642004867));
#12366=CARTESIAN_POINT('',(-0.00239011445641517,0.0235225726015378,0.161497642004867));
#12367=CARTESIAN_POINT('',(-0.00389011445641518,0.0226565471977534,0.161497642004867));
#12368=CARTESIAN_POINT('',(-0.00239011445641517,0.0243885980053222,0.161497642004867));
#12369=CARTESIAN_POINT('',(-0.00464011445641518,0.0230895598996455,0.161497642004867));
#12370=CARTESIAN_POINT('',(-0.000390114456415177,0.013996293159909,0.161497642004867));
#12371=CARTESIAN_POINT('',(-0.000390114456415177,0.0148623185636934,0.161497642004867));
#12372=CARTESIAN_POINT('',(-0.000390114456415177,0.0131302677561245,0.161497642004867));
#12373=CARTESIAN_POINT('',(-0.00114011445641518,0.0152953312655856,0.161497642004867));
#12374=CARTESIAN_POINT('',(-0.00189011445641517,0.0157283439674779,0.161497642004867));
#12375=CARTESIAN_POINT('',(-0.00264011445641518,0.0152953312655856,0.161497642004867));
#12376=CARTESIAN_POINT('',(-0.00339011445641517,0.0148623185636934,0.161497642004867));
#12377=CARTESIAN_POINT('',(-0.00339011445641517,0.013996293159909,0.161497642004867));
#12378=CARTESIAN_POINT('',(-0.00339011445641517,0.0131302677561245,0.161497642004867));
#12379=CARTESIAN_POINT('',(-0.00264011445641518,0.0126972550542323,0.161497642004867));
#12380=CARTESIAN_POINT('',(-0.00189011445641518,0.0122642423523401,0.161497642004867));
#12381=CARTESIAN_POINT('',(-0.00114011445641518,0.0126972550542323,0.161497642004867));
#12382=CARTESIAN_POINT('',(-0.00439011445641517,0.013996293159909,0.161497642004867));
#12383=CARTESIAN_POINT('',(-0.00439011445641517,0.0148623185636934,0.161497642004867));
#12384=CARTESIAN_POINT('',(-0.00439011445641517,0.0131302677561245,0.161497642004867));
#12385=CARTESIAN_POINT('',(-0.00514011445641518,0.0152953312655856,0.161497642004867));
#12386=CARTESIAN_POINT('',(-0.00589011445641518,0.0157283439674779,0.161497642004867));
#12387=CARTESIAN_POINT('',(-0.00664011445641518,0.0152953312655856,0.161497642004867));
#12388=CARTESIAN_POINT('',(-0.00739011445641518,0.0148623185636934,0.161497642004867));
#12389=CARTESIAN_POINT('',(-0.00739011445641518,0.013996293159909,0.161497642004867));
#12390=CARTESIAN_POINT('',(-0.00739011445641518,0.0131302677561245,0.161497642004867));
#12391=CARTESIAN_POINT('',(-0.00664011445641518,0.0126972550542323,0.161497642004867));
#12392=CARTESIAN_POINT('',(-0.00589011445641518,0.0122642423523401,0.161497642004867));
#12393=CARTESIAN_POINT('',(-0.00514011445641518,0.0126972550542323,0.161497642004867));
#12394=CARTESIAN_POINT('',(-0.00839011445641518,0.013996293159909,0.161497642004867));
#12395=CARTESIAN_POINT('',(-0.00839011445641518,0.0148623185636934,0.161497642004867));
#12396=CARTESIAN_POINT('',(-0.00839011445641518,0.0131302677561245,0.161497642004867));
#12397=CARTESIAN_POINT('',(-0.00914011445641518,0.0152953312655856,0.161497642004867));
#12398=CARTESIAN_POINT('',(-0.00989011445641518,0.0157283439674779,0.161497642004867));
#12399=CARTESIAN_POINT('',(-0.00914011445641518,0.0126972550542323,0.161497642004867));
#12400=CARTESIAN_POINT('',(-0.00989011445641518,0.0122642423523401,0.161497642004867));
#12401=CARTESIAN_POINT('',(-0.0106401144564152,0.0152953312655856,0.161497642004867));
#12402=CARTESIAN_POINT('',(-0.0106401144564152,0.0126972550542323,0.161497642004867));
#12403=CARTESIAN_POINT('',(0.0186098855435848,0.0105321915447712,0.161497642004867));
#12404=CARTESIAN_POINT('',(0.0186098855435848,0.00966616614098676,0.161497642004867));
#12405=CARTESIAN_POINT('',(0.0186098855435849,0.0113982169485556,0.161497642004867));
#12406=CARTESIAN_POINT('',(0.0193598855435848,0.0118312296504479,0.161497642004867));
#12407=CARTESIAN_POINT('',(0.0193598855435848,0.00923315343909454,0.161497642004867));
#12408=CARTESIAN_POINT('',(0.0176098855435848,0.0105321915447712,0.161497642004867));
#12409=CARTESIAN_POINT('',(0.0176098855435848,0.0113982169485556,0.161497642004867));
#12410=CARTESIAN_POINT('',(0.0176098855435848,0.00966616614098676,0.161497642004867));
#12411=CARTESIAN_POINT('',(0.0168598855435849,0.0118312296504479,0.161497642004867));
#12412=CARTESIAN_POINT('',(0.0161098855435849,0.0122642423523401,0.161497642004867));
#12413=CARTESIAN_POINT('',(0.0153598855435848,0.0118312296504479,0.161497642004867));
#12414=CARTESIAN_POINT('',(0.0146098855435848,0.0113982169485556,0.161497642004867));
#12415=CARTESIAN_POINT('',(0.0146098855435848,0.0105321915447712,0.161497642004867));
#12416=CARTESIAN_POINT('',(0.0146098855435848,0.00966616614098676,0.161497642004867));
#12417=CARTESIAN_POINT('',(0.0153598855435848,0.00923315343909454,0.161497642004867));
#12418=CARTESIAN_POINT('',(0.0161098855435849,0.00880014073720232,0.161497642004867));
#12419=CARTESIAN_POINT('',(0.0168598855435849,0.00923315343909454,0.161497642004867));
#12420=CARTESIAN_POINT('',(0.0136098855435848,0.0105321915447712,0.161497642004867));
#12421=CARTESIAN_POINT('',(0.0136098855435848,0.0113982169485556,0.161497642004867));
#12422=CARTESIAN_POINT('',(0.0136098855435848,0.00966616614098676,0.161497642004867));
#12423=CARTESIAN_POINT('',(0.0128598855435848,0.0118312296504479,0.161497642004867));
#12424=CARTESIAN_POINT('',(0.0121098855435848,0.0122642423523401,0.161497642004867));
#12425=CARTESIAN_POINT('',(0.0113598855435848,0.0118312296504479,0.161497642004867));
#12426=CARTESIAN_POINT('',(0.0106098855435848,0.0113982169485556,0.161497642004867));
#12427=CARTESIAN_POINT('',(0.0106098855435848,0.0105321915447712,0.161497642004867));
#12428=CARTESIAN_POINT('',(0.0106098855435848,0.00966616614098676,0.161497642004867));
#12429=CARTESIAN_POINT('',(0.0113598855435848,0.00923315343909454,0.161497642004867));
#12430=CARTESIAN_POINT('',(0.0121098855435848,0.00880014073720232,0.161497642004867));
#12431=CARTESIAN_POINT('',(0.0128598855435848,0.00923315343909454,0.161497642004867));
#12432=CARTESIAN_POINT('',(-0.0103901144564152,0.0105321915447712,0.161497642004867));
#12433=CARTESIAN_POINT('',(-0.0103901144564152,0.0113982169485556,0.161497642004867));
#12434=CARTESIAN_POINT('',(-0.0103901144564152,0.00966616614098676,0.161497642004867));
#12435=CARTESIAN_POINT('',(-0.0111401144564152,0.0118312296504479,0.161497642004867));
#12436=CARTESIAN_POINT('',(-0.0111401144564152,0.00923315343909454,0.161497642004867));
#12437=CARTESIAN_POINT('',(-0.00639011445641518,0.0105321915447712,0.161497642004867));
#12438=CARTESIAN_POINT('',(-0.00639011445641518,0.0113982169485556,0.161497642004867));
#12439=CARTESIAN_POINT('',(-0.00639011445641518,0.00966616614098676,0.161497642004867));
#12440=CARTESIAN_POINT('',(-0.00714011445641518,0.0118312296504479,0.161497642004867));
#12441=CARTESIAN_POINT('',(-0.00789011445641518,0.0122642423523401,0.161497642004867));
#12442=CARTESIAN_POINT('',(-0.00864011445641518,0.0118312296504479,0.161497642004867));
#12443=CARTESIAN_POINT('',(-0.00939011445641518,0.0113982169485556,0.161497642004867));
#12444=CARTESIAN_POINT('',(-0.00939011445641518,0.0105321915447712,0.161497642004867));
#12445=CARTESIAN_POINT('',(-0.00939011445641518,0.00966616614098676,0.161497642004867));
#12446=CARTESIAN_POINT('',(-0.00864011445641518,0.00923315343909454,0.161497642004867));
#12447=CARTESIAN_POINT('',(-0.00789011445641518,0.00880014073720232,0.161497642004867));
#12448=CARTESIAN_POINT('',(-0.00714011445641518,0.00923315343909454,0.161497642004867));
#12449=CARTESIAN_POINT('',(-0.00239011445641517,0.0105321915447712,0.161497642004867));
#12450=CARTESIAN_POINT('',(-0.00239011445641517,0.0113982169485556,0.161497642004867));
#12451=CARTESIAN_POINT('',(-0.00239011445641517,0.00966616614098676,0.161497642004867));
#12452=CARTESIAN_POINT('',(-0.00314011445641518,0.0118312296504479,0.161497642004867));
#12453=CARTESIAN_POINT('',(-0.00389011445641517,0.0122642423523401,0.161497642004867));
#12454=CARTESIAN_POINT('',(-0.00464011445641518,0.0118312296504479,0.161497642004867));
#12455=CARTESIAN_POINT('',(-0.00539011445641518,0.0113982169485556,0.161497642004867));
#12456=CARTESIAN_POINT('',(-0.00539011445641518,0.0105321915447712,0.161497642004867));
#12457=CARTESIAN_POINT('',(-0.00539011445641518,0.00966616614098676,0.161497642004867));
#12458=CARTESIAN_POINT('',(-0.00464011445641518,0.00923315343909454,0.161497642004867));
#12459=CARTESIAN_POINT('',(-0.00389011445641518,0.00880014073720232,0.161497642004867));
#12460=CARTESIAN_POINT('',(-0.00314011445641518,0.00923315343909454,0.161497642004867));
#12461=CARTESIAN_POINT('',(0.00160988554358482,0.0105321915447712,0.161497642004867));
#12462=CARTESIAN_POINT('',(0.00160988554358482,0.0113982169485556,0.161497642004867));
#12463=CARTESIAN_POINT('',(0.00160988554358482,0.00966616614098676,0.161497642004867));
#12464=CARTESIAN_POINT('',(0.000859885543584823,0.0118312296504479,0.161497642004867));
#12465=CARTESIAN_POINT('',(0.000109885543584823,0.0122642423523401,0.161497642004867));
#12466=CARTESIAN_POINT('',(-0.000640114456415176,0.0118312296504479,0.161497642004867));
#12467=CARTESIAN_POINT('',(-0.00139011445641518,0.0113982169485556,0.161497642004867));
#12468=CARTESIAN_POINT('',(-0.00139011445641518,0.0105321915447712,0.161497642004867));
#12469=CARTESIAN_POINT('',(-0.00139011445641518,0.00966616614098676,0.161497642004867));
#12470=CARTESIAN_POINT('',(-0.000640114456415177,0.00923315343909454,0.161497642004867));
#12471=CARTESIAN_POINT('',(0.000109885543584823,0.00880014073720232,0.161497642004867));
#12472=CARTESIAN_POINT('',(0.000859885543584823,0.00923315343909454,0.161497642004867));
#12473=CARTESIAN_POINT('',(0.00960988554358482,0.0105321915447712,0.161497642004867));
#12474=CARTESIAN_POINT('',(0.00960988554358482,0.0113982169485556,0.161497642004867));
#12475=CARTESIAN_POINT('',(0.00960988554358482,0.00966616614098676,0.161497642004867));
#12476=CARTESIAN_POINT('',(0.00885988554358482,0.0118312296504479,0.161497642004867));
#12477=CARTESIAN_POINT('',(0.00810988554358482,0.0122642423523401,0.161497642004867));
#12478=CARTESIAN_POINT('',(0.00735988554358483,0.0118312296504479,0.161497642004867));
#12479=CARTESIAN_POINT('',(0.00660988554358482,0.0113982169485556,0.161497642004867));
#12480=CARTESIAN_POINT('',(0.00660988554358482,0.0105321915447712,0.161497642004867));
#12481=CARTESIAN_POINT('',(0.00660988554358482,0.00966616614098676,0.161497642004867));
#12482=CARTESIAN_POINT('',(0.00735988554358482,0.00923315343909454,0.161497642004867));
#12483=CARTESIAN_POINT('',(0.00810988554358482,0.00880014073720232,0.161497642004867));
#12484=CARTESIAN_POINT('',(0.00885988554358482,0.00923315343909454,0.161497642004867));
#12485=CARTESIAN_POINT('',(0.0153598855435848,0.0187594328807233,0.161497642004867));
#12486=CARTESIAN_POINT('',(0.0146098855435848,0.0183264201788312,0.161497642004867));
#12487=CARTESIAN_POINT('',(0.0161098855435849,0.0191924455826156,0.161497642004867));
#12488=CARTESIAN_POINT('',(0.0146098855435848,0.0174603947750467,0.161497642004867));
#12489=CARTESIAN_POINT('',(0.0146098855435848,0.0165943693712623,0.161497642004867));
#12490=CARTESIAN_POINT('',(0.0153598855435848,0.0161613566693701,0.161497642004867));
#12491=CARTESIAN_POINT('',(0.0161098855435849,0.0157283439674779,0.161497642004867));
#12492=CARTESIAN_POINT('',(0.0168598855435849,0.0161613566693701,0.161497642004867));
#12493=CARTESIAN_POINT('',(0.0176098855435848,0.0165943693712623,0.161497642004867));
#12494=CARTESIAN_POINT('',(0.0176098855435848,0.0174603947750467,0.161497642004867));
#12495=CARTESIAN_POINT('',(0.0168598855435849,0.0187594328807233,0.161497642004867));
#12496=CARTESIAN_POINT('',(0.0136098855435848,0.0174603947750467,0.161497642004867));
#12497=CARTESIAN_POINT('',(0.0136098855435848,0.0183264201788312,0.161497642004867));
#12498=CARTESIAN_POINT('',(0.0136098855435848,0.0165943693712623,0.161497642004867));
#12499=CARTESIAN_POINT('',(0.0128598855435848,0.0187594328807233,0.161497642004867));
#12500=CARTESIAN_POINT('',(0.0121098855435848,0.0191924455826156,0.161497642004867));
#12501=CARTESIAN_POINT('',(0.0113598855435848,0.0187594328807233,0.161497642004867));
#12502=CARTESIAN_POINT('',(0.0106098855435848,0.0183264201788312,0.161497642004867));
#12503=CARTESIAN_POINT('',(0.0106098855435848,0.0174603947750467,0.161497642004867));
#12504=CARTESIAN_POINT('',(0.0106098855435848,0.0165943693712623,0.161497642004867));
#12505=CARTESIAN_POINT('',(0.0113598855435848,0.0161613566693701,0.161497642004867));
#12506=CARTESIAN_POINT('',(0.0121098855435848,0.0157283439674779,0.161497642004867));
#12507=CARTESIAN_POINT('',(0.0128598855435848,0.0161613566693701,0.161497642004867));
#12508=CARTESIAN_POINT('',(0.00960988554358482,0.0174603947750467,0.161497642004867));
#12509=CARTESIAN_POINT('',(0.00960988554358482,0.0183264201788312,0.161497642004867));
#12510=CARTESIAN_POINT('',(0.00960988554358482,0.0165943693712623,0.161497642004867));
#12511=CARTESIAN_POINT('',(0.00885988554358482,0.0187594328807233,0.161497642004867));
#12512=CARTESIAN_POINT('',(0.00810988554358482,0.0191924455826156,0.161497642004867));
#12513=CARTESIAN_POINT('',(0.00735988554358483,0.0187594328807233,0.161497642004867));
#12514=CARTESIAN_POINT('',(0.00660988554358482,0.0183264201788312,0.161497642004867));
#12515=CARTESIAN_POINT('',(0.00660988554358482,0.0174603947750467,0.161497642004867));
#12516=CARTESIAN_POINT('',(0.00660988554358482,0.0165943693712623,0.161497642004867));
#12517=CARTESIAN_POINT('',(0.00735988554358482,0.0161613566693701,0.161497642004867));
#12518=CARTESIAN_POINT('',(0.00810988554358482,0.0157283439674779,0.161497642004867));
#12519=CARTESIAN_POINT('',(0.00885988554358482,0.0161613566693701,0.161497642004867));
#12520=CARTESIAN_POINT('',(0.00560988554358482,0.0174603947750467,0.161497642004867));
#12521=CARTESIAN_POINT('',(0.00560988554358482,0.0183264201788312,0.161497642004867));
#12522=CARTESIAN_POINT('',(0.00560988554358482,0.0165943693712623,0.161497642004867));
#12523=CARTESIAN_POINT('',(0.00485988554358482,0.0187594328807233,0.161497642004867));
#12524=CARTESIAN_POINT('',(0.00410988554358483,0.0191924455826156,0.161497642004867));
#12525=CARTESIAN_POINT('',(0.00335988554358483,0.0187594328807233,0.161497642004867));
#12526=CARTESIAN_POINT('',(0.00260988554358483,0.0183264201788312,0.161497642004867));
#12527=CARTESIAN_POINT('',(0.00260988554358483,0.0174603947750467,0.161497642004867));
#12528=CARTESIAN_POINT('',(0.00260988554358483,0.0165943693712623,0.161497642004867));
#12529=CARTESIAN_POINT('',(0.00335988554358483,0.0161613566693701,0.161497642004867));
#12530=CARTESIAN_POINT('',(0.00410988554358483,0.0157283439674779,0.161497642004867));
#12531=CARTESIAN_POINT('',(0.00485988554358482,0.0161613566693701,0.161497642004867));
#12532=CARTESIAN_POINT('',(0.00160988554358482,0.0174603947750467,0.161497642004867));
#12533=CARTESIAN_POINT('',(0.00160988554358482,0.0183264201788312,0.161497642004867));
#12534=CARTESIAN_POINT('',(0.00160988554358482,0.0165943693712623,0.161497642004867));
#12535=CARTESIAN_POINT('',(0.000859885543584823,0.0187594328807233,0.161497642004867));
#12536=CARTESIAN_POINT('',(0.000109885543584823,0.0191924455826156,0.161497642004867));
#12537=CARTESIAN_POINT('',(-0.000640114456415176,0.0187594328807233,0.161497642004867));
#12538=CARTESIAN_POINT('',(-0.00139011445641518,0.0183264201788312,0.161497642004867));
#12539=CARTESIAN_POINT('',(-0.00139011445641518,0.0174603947750467,0.161497642004867));
#12540=CARTESIAN_POINT('',(-0.00139011445641518,0.0165943693712623,0.161497642004867));
#12541=CARTESIAN_POINT('',(-0.000640114456415177,0.0161613566693701,0.161497642004867));
#12542=CARTESIAN_POINT('',(0.000109885543584823,0.0157283439674779,0.161497642004867));
#12543=CARTESIAN_POINT('',(0.000859885543584823,0.0161613566693701,0.161497642004867));
#12544=CARTESIAN_POINT('',(-0.00239011445641517,0.0174603947750467,0.161497642004867));
#12545=CARTESIAN_POINT('',(-0.00239011445641517,0.0183264201788312,0.161497642004867));
#12546=CARTESIAN_POINT('',(-0.00239011445641517,0.0165943693712623,0.161497642004867));
#12547=CARTESIAN_POINT('',(-0.00314011445641518,0.0187594328807233,0.161497642004867));
#12548=CARTESIAN_POINT('',(-0.00389011445641517,0.0191924455826156,0.161497642004867));
#12549=CARTESIAN_POINT('',(-0.00464011445641518,0.0187594328807233,0.161497642004867));
#12550=CARTESIAN_POINT('',(-0.00539011445641518,0.0183264201788312,0.161497642004867));
#12551=CARTESIAN_POINT('',(-0.00539011445641518,0.0174603947750467,0.161497642004867));
#12552=CARTESIAN_POINT('',(-0.00539011445641518,0.0165943693712623,0.161497642004867));
#12553=CARTESIAN_POINT('',(-0.00464011445641518,0.0161613566693701,0.161497642004867));
#12554=CARTESIAN_POINT('',(-0.00389011445641518,0.0157283439674779,0.161497642004867));
#12555=CARTESIAN_POINT('',(-0.00314011445641518,0.0161613566693701,0.161497642004867));
#12556=CARTESIAN_POINT('',(-0.00639011445641518,0.0174603947750467,0.161497642004867));
#12557=CARTESIAN_POINT('',(-0.00639011445641518,0.0183264201788312,0.161497642004867));
#12558=CARTESIAN_POINT('',(-0.00639011445641518,0.0165943693712623,0.161497642004867));
#12559=CARTESIAN_POINT('',(-0.00714011445641518,0.0187594328807233,0.161497642004867));
#12560=CARTESIAN_POINT('',(-0.00789011445641518,0.0191924455826156,0.161497642004867));
#12561=CARTESIAN_POINT('',(-0.00864011445641518,0.0161613566693701,0.161497642004867));
#12562=CARTESIAN_POINT('',(-0.00789011445641518,0.0157283439674779,0.161497642004867));
#12563=CARTESIAN_POINT('',(-0.00939011445641518,0.0165943693712623,0.161497642004867));
#12564=CARTESIAN_POINT('',(-0.00714011445641518,0.0161613566693701,0.161497642004867));
#12565=CARTESIAN_POINT('',(-0.00864011445641518,0.0187594328807233,0.161497642004867));
#12566=CARTESIAN_POINT('',(-0.00939011445641518,0.0174603947750467,0.161497642004867));
#12567=CARTESIAN_POINT('',(0.00360988554358483,0.013996293159909,0.161497642004867));
#12568=CARTESIAN_POINT('',(0.00360988554358483,0.0148623185636934,0.161497642004867));
#12569=CARTESIAN_POINT('',(0.00360988554358483,0.0131302677561245,0.161497642004867));
#12570=CARTESIAN_POINT('',(0.00285988554358483,0.0152953312655856,0.161497642004867));
#12571=CARTESIAN_POINT('',(0.00210988554358483,0.0157283439674779,0.161497642004867));
#12572=CARTESIAN_POINT('',(0.00135988554358482,0.0152953312655856,0.161497642004867));
#12573=CARTESIAN_POINT('',(0.000609885543584824,0.0148623185636934,0.161497642004867));
#12574=CARTESIAN_POINT('',(0.000609885543584824,0.013996293159909,0.161497642004867));
#12575=CARTESIAN_POINT('',(0.000609885543584823,0.0131302677561245,0.161497642004867));
#12576=CARTESIAN_POINT('',(0.00135988554358482,0.0126972550542323,0.161497642004867));
#12577=CARTESIAN_POINT('',(0.00210988554358483,0.0122642423523401,0.161497642004867));
#12578=CARTESIAN_POINT('',(0.00285988554358483,0.0126972550542323,0.161497642004867));
#12579=CARTESIAN_POINT('',(0.00760988554358482,0.013996293159909,0.161497642004867));
#12580=CARTESIAN_POINT('',(0.00760988554358482,0.0148623185636934,0.161497642004867));
#12581=CARTESIAN_POINT('',(0.00760988554358482,0.0131302677561245,0.161497642004867));
#12582=CARTESIAN_POINT('',(0.00685988554358482,0.0152953312655856,0.161497642004867));
#12583=CARTESIAN_POINT('',(0.00610988554358482,0.0157283439674779,0.161497642004867));
#12584=CARTESIAN_POINT('',(0.00535988554358483,0.0152953312655856,0.161497642004867));
#12585=CARTESIAN_POINT('',(0.00460988554358482,0.0148623185636934,0.161497642004867));
#12586=CARTESIAN_POINT('',(0.00460988554358482,0.013996293159909,0.161497642004867));
#12587=CARTESIAN_POINT('',(0.00460988554358482,0.0131302677561245,0.161497642004867));
#12588=CARTESIAN_POINT('',(0.00535988554358482,0.0126972550542323,0.161497642004867));
#12589=CARTESIAN_POINT('',(0.00610988554358482,0.0122642423523401,0.161497642004867));
#12590=CARTESIAN_POINT('',(0.00685988554358482,0.0126972550542323,0.161497642004867));
#12591=CARTESIAN_POINT('',(0.0116098855435848,0.013996293159909,0.161497642004867));
#12592=CARTESIAN_POINT('',(0.0116098855435848,0.0148623185636934,0.161497642004867));
#12593=CARTESIAN_POINT('',(0.0116098855435848,0.0131302677561245,0.161497642004867));
#12594=CARTESIAN_POINT('',(0.0108598855435848,0.0152953312655856,0.161497642004867));
#12595=CARTESIAN_POINT('',(0.0101098855435848,0.0157283439674779,0.161497642004867));
#12596=CARTESIAN_POINT('',(0.00935988554358482,0.0152953312655856,0.161497642004867));
#12597=CARTESIAN_POINT('',(0.00860988554358482,0.0148623185636934,0.161497642004867));
#12598=CARTESIAN_POINT('',(0.00860988554358482,0.013996293159909,0.161497642004867));
#12599=CARTESIAN_POINT('',(0.00860988554358482,0.0131302677561245,0.161497642004867));
#12600=CARTESIAN_POINT('',(0.00935988554358482,0.0126972550542323,0.161497642004867));
#12601=CARTESIAN_POINT('',(0.0101098855435848,0.0122642423523401,0.161497642004867));
#12602=CARTESIAN_POINT('',(0.0108598855435848,0.0126972550542323,0.161497642004867));
#12603=CARTESIAN_POINT('',(0.0156098855435848,0.013996293159909,0.161497642004867));
#12604=CARTESIAN_POINT('',(0.0156098855435848,0.0148623185636934,0.161497642004867));
#12605=CARTESIAN_POINT('',(0.0156098855435848,0.0131302677561245,0.161497642004867));
#12606=CARTESIAN_POINT('',(0.0148598855435848,0.0152953312655856,0.161497642004867));
#12607=CARTESIAN_POINT('',(0.0141098855435848,0.0157283439674779,0.161497642004867));
#12608=CARTESIAN_POINT('',(0.0133598855435848,0.0152953312655856,0.161497642004867));
#12609=CARTESIAN_POINT('',(0.0126098855435848,0.0148623185636934,0.161497642004867));
#12610=CARTESIAN_POINT('',(0.0126098855435848,0.013996293159909,0.161497642004867));
#12611=CARTESIAN_POINT('',(0.0126098855435848,0.0131302677561245,0.161497642004867));
#12612=CARTESIAN_POINT('',(0.0133598855435848,0.0126972550542323,0.161497642004867));
#12613=CARTESIAN_POINT('',(0.0141098855435848,0.0122642423523401,0.161497642004867));
#12614=CARTESIAN_POINT('',(0.0148598855435848,0.0126972550542323,0.161497642004867));
#12615=CARTESIAN_POINT('',(0.0173598855435848,0.0152953312655856,0.161497642004867));
#12616=CARTESIAN_POINT('',(0.0166098855435849,0.0148623185636934,0.161497642004867));
#12617=CARTESIAN_POINT('',(0.0181098855435848,0.0157283439674779,0.161497642004867));
#12618=CARTESIAN_POINT('',(0.0166098855435848,0.013996293159909,0.161497642004867));
#12619=CARTESIAN_POINT('',(0.0166098855435848,0.0131302677561245,0.161497642004867));
#12620=CARTESIAN_POINT('',(0.0173598855435848,0.0126972550542323,0.161497642004867));
#12621=CARTESIAN_POINT('',(0.0181098855435848,0.0122642423523401,0.161497642004867));
#12622=CARTESIAN_POINT('',(0.0188598855435848,0.0152953312655856,0.161497642004867));
#12623=CARTESIAN_POINT('',(0.0188598855435848,0.0126972550542323,0.161497642004867));
#12624=MECHANICAL_DESIGN_GEOMETRIC_PRESENTATION_REPRESENTATION('',(#8017),
#12625);
#12625=(
GEOMETRIC_REPRESENTATION_CONTEXT(3)
GLOBAL_UNCERTAINTY_ASSIGNED_CONTEXT((#12626))
GLOBAL_UNIT_ASSIGNED_CONTEXT((#12629,#12628,#12627))
REPRESENTATION_CONTEXT('top case','TOP_LEVEL_ASSEMBLY_PART')
);
#12626=UNCERTAINTY_MEASURE_WITH_UNIT(LENGTH_MEASURE(1.E-8),#12629,
'DISTANCE_ACCURACY_VALUE','Maximum Tolerance applied to model');
#12627=(
NAMED_UNIT(*)
SI_UNIT($,.STERADIAN.)
SOLID_ANGLE_UNIT()
);
#12628=(
NAMED_UNIT(*)
PLANE_ANGLE_UNIT()
SI_UNIT($,.RADIAN.)
);
#12629=(
LENGTH_UNIT()
NAMED_UNIT(*)
SI_UNIT($,.METRE.)
);
#12630=PRODUCT_DEFINITION_SHAPE('','',#12631);
#12631=PRODUCT_DEFINITION('','',#12633,#12632);
#12632=PRODUCT_DEFINITION_CONTEXT('',#12639,'design');
#12633=PRODUCT_DEFINITION_FORMATION_WITH_SPECIFIED_SOURCE('','',#12635,
 .NOT_KNOWN.);
#12634=PRODUCT_RELATED_PRODUCT_CATEGORY('','',(#12635));
#12635=PRODUCT('top case','top case','top case',(#12637));
#12636=PRODUCT_CATEGORY('','');
#12637=PRODUCT_CONTEXT('',#12639,'mechanical');
#12638=APPLICATION_PROTOCOL_DEFINITION('international standard',
'ap242_managed_model_based_3d_engineering',2020,#12639);
#12639=APPLICATION_CONTEXT('managed model based 3d engineering');
ENDSEC;
END-ISO-10303-21;
