ISO-10303-21;
HEADER;
/* Generated by software containing ST-Developer
 * from STEP Tools, Inc. (www.steptools.com) 
 */
/* OPTION: using custom renumber hook */

FILE_DESCRIPTION(
/* description */ ('STEP AP242 Edition 2',
'CAx-IF Rec.Pracs.---Representation and Presentation of Product Manufa
cturing Information (PMI)---4.0---2014-10-13',
'CAx-IF Rec.Pracs.---3D Tessellated Geometry---0.4---2014-09-14','2;1',
'CAx-IF Rec.Pracs.---User Defined Attributes---1.5---2016-08-15'),
/* implementation_level */ '2;1');

FILE_NAME(
/* name */ 'Part Studio 1 - bottom case',
/* time_stamp */ '2026-06-07T12:33:51Z',
/* author */ (''),
/* organization */ (''),
/* preprocessor_version */ 'ST-DEVELOPER v20',
/* originating_system */ 'ONSHAPE BY PTC INC, 1.216',
/* authorisation */ '  ');

FILE_SCHEMA (('AP242_MANAGED_MODEL_BASED_3D_ENGINEERING_MIM_LF { 1 0 10303 442 3 1 4 }'));
ENDSEC;

DATA;
#10=SHAPE_REPRESENTATION_RELATIONSHIP('','',#2153,#11);
#11=ADVANCED_BREP_SHAPE_REPRESENTATION('',(#2151),#3633);
#12=CYLINDRICAL_SURFACE('',#2203,0.0016);
#13=CYLINDRICAL_SURFACE('',#2206,0.0026);
#14=CYLINDRICAL_SURFACE('',#2209,0.00125);
#15=CYLINDRICAL_SURFACE('',#2212,0.00225);
#16=CYLINDRICAL_SURFACE('',#2215,0.00125);
#17=CYLINDRICAL_SURFACE('',#2218,0.00225);
#18=CYLINDRICAL_SURFACE('',#2221,0.00125);
#19=CYLINDRICAL_SURFACE('',#2224,0.00225);
#20=CYLINDRICAL_SURFACE('',#2227,0.00125);
#21=CYLINDRICAL_SURFACE('',#2230,0.00225);
#22=CYLINDRICAL_SURFACE('',#2233,0.0016);
#23=CYLINDRICAL_SURFACE('',#2236,0.0026);
#24=CYLINDRICAL_SURFACE('',#2239,0.0016);
#25=CYLINDRICAL_SURFACE('',#2242,0.0026);
#26=CYLINDRICAL_SURFACE('',#2245,0.0016);
#27=CYLINDRICAL_SURFACE('',#2248,0.0026);
#28=CYLINDRICAL_SURFACE('',#2260,0.005);
#29=CYLINDRICAL_SURFACE('',#2263,0.005);
#30=CYLINDRICAL_SURFACE('',#2267,0.005);
#31=CYLINDRICAL_SURFACE('',#2295,0.005);
#32=CYLINDRICAL_SURFACE('',#2304,0.00095);
#33=CYLINDRICAL_SURFACE('',#2307,0.00095);
#34=CYLINDRICAL_SURFACE('',#2310,0.00095);
#35=CYLINDRICAL_SURFACE('',#2313,0.00095);
#36=CYLINDRICAL_SURFACE('',#2317,0.001);
#37=CYLINDRICAL_SURFACE('',#2319,0.001);
#38=CYLINDRICAL_SURFACE('',#2321,0.001);
#39=CYLINDRICAL_SURFACE('',#2323,0.001);
#40=CYLINDRICAL_SURFACE('',#2332,0.0032);
#41=CYLINDRICAL_SURFACE('',#2338,0.00100000000000001);
#42=CYLINDRICAL_SURFACE('',#2340,0.00100000000000001);
#43=CYLINDRICAL_SURFACE('',#2342,0.001);
#44=CYLINDRICAL_SURFACE('',#2344,0.00100000000000002);
#45=CYLINDRICAL_SURFACE('',#2346,0.00100000000000001);
#46=CYLINDRICAL_SURFACE('',#2348,0.00100000000000001);
#47=CYLINDRICAL_SURFACE('',#2350,0.001);
#48=CYLINDRICAL_SURFACE('',#2352,0.00100000000000001);
#49=CYLINDRICAL_SURFACE('',#2354,0.00100000000000001);
#50=CYLINDRICAL_SURFACE('',#2356,0.00100000000000001);
#51=CYLINDRICAL_SURFACE('',#2358,0.001);
#52=CYLINDRICAL_SURFACE('',#2360,0.00100000000000001);
#53=CYLINDRICAL_SURFACE('',#2362,0.00100000000000001);
#54=CYLINDRICAL_SURFACE('',#2364,0.00100000000000002);
#55=CYLINDRICAL_SURFACE('',#2366,0.001);
#56=CYLINDRICAL_SURFACE('',#2368,0.00100000000000001);
#57=CYLINDRICAL_SURFACE('',#2370,0.001);
#58=CYLINDRICAL_SURFACE('',#2372,0.00100000000000001);
#59=CYLINDRICAL_SURFACE('',#2374,0.001);
#60=CYLINDRICAL_SURFACE('',#2376,0.00100000000000001);
#61=CYLINDRICAL_SURFACE('',#2378,0.00100000000000001);
#62=CYLINDRICAL_SURFACE('',#2380,0.00100000000000001);
#63=CYLINDRICAL_SURFACE('',#2382,0.001);
#64=CYLINDRICAL_SURFACE('',#2384,0.00100000000000001);
#65=CIRCLE('',#2156,0.001);
#66=CIRCLE('',#2157,0.00100000000000001);
#67=CIRCLE('',#2158,0.001);
#68=CIRCLE('',#2159,0.00100000000000001);
#69=CIRCLE('',#2160,0.00100000000000001);
#70=CIRCLE('',#2161,0.00100000000000001);
#71=CIRCLE('',#2162,0.001);
#72=CIRCLE('',#2163,0.00100000000000001);
#73=CIRCLE('',#2164,0.00100000000000001);
#74=CIRCLE('',#2165,0.00100000000000001);
#75=CIRCLE('',#2166,0.001);
#76=CIRCLE('',#2167,0.00100000000000002);
#77=CIRCLE('',#2168,0.00100000000000001);
#78=CIRCLE('',#2169,0.00100000000000001);
#79=CIRCLE('',#2170,0.001);
#80=CIRCLE('',#2171,0.00100000000000001);
#81=CIRCLE('',#2172,0.00100000000000001);
#82=CIRCLE('',#2173,0.00100000000000002);
#83=CIRCLE('',#2174,0.001);
#84=CIRCLE('',#2175,0.00100000000000001);
#85=CIRCLE('',#2176,0.00100000000000001);
#86=CIRCLE('',#2177,0.00100000000000001);
#87=CIRCLE('',#2178,0.001);
#88=CIRCLE('',#2179,0.00100000000000001);
#89=CIRCLE('',#2181,0.0032);
#90=CIRCLE('',#2183,0.0032);
#91=CIRCLE('',#2185,0.001);
#92=CIRCLE('',#2186,0.001);
#93=CIRCLE('',#2187,0.001);
#94=CIRCLE('',#2188,0.001);
#95=CIRCLE('',#2190,0.001);
#96=CIRCLE('',#2191,0.001);
#97=CIRCLE('',#2192,0.001);
#98=CIRCLE('',#2193,0.001);
#99=CIRCLE('',#2195,0.0026);
#100=CIRCLE('',#2196,0.0026);
#101=CIRCLE('',#2197,0.0026);
#102=CIRCLE('',#2198,0.0026);
#103=CIRCLE('',#2199,0.00225);
#104=CIRCLE('',#2200,0.00225);
#105=CIRCLE('',#2201,0.00225);
#106=CIRCLE('',#2202,0.00225);
#107=CIRCLE('',#2204,0.0016);
#108=CIRCLE('',#2205,0.0016);
#109=CIRCLE('',#2207,0.0026);
#110=CIRCLE('',#2210,0.00125);
#111=CIRCLE('',#2211,0.00125);
#112=CIRCLE('',#2213,0.00225);
#113=CIRCLE('',#2216,0.00125);
#114=CIRCLE('',#2217,0.00125);
#115=CIRCLE('',#2219,0.00225);
#116=CIRCLE('',#2222,0.00125);
#117=CIRCLE('',#2223,0.00125);
#118=CIRCLE('',#2225,0.00225);
#119=CIRCLE('',#2228,0.00125);
#120=CIRCLE('',#2229,0.00125);
#121=CIRCLE('',#2231,0.00225);
#122=CIRCLE('',#2234,0.0016);
#123=CIRCLE('',#2235,0.0016);
#124=CIRCLE('',#2237,0.0026);
#125=CIRCLE('',#2240,0.0016);
#126=CIRCLE('',#2241,0.0016);
#127=CIRCLE('',#2243,0.0026);
#128=CIRCLE('',#2246,0.0016);
#129=CIRCLE('',#2247,0.0016);
#130=CIRCLE('',#2249,0.0026);
#131=CIRCLE('',#2261,0.005);
#132=CIRCLE('',#2262,0.005);
#133=CIRCLE('',#2264,0.005);
#134=CIRCLE('',#2265,0.005);
#135=CIRCLE('',#2268,0.005);
#136=CIRCLE('',#2269,0.005);
#137=CIRCLE('',#2271,0.00100000000000001);
#138=CIRCLE('',#2272,0.00100000000000001);
#139=CIRCLE('',#2273,0.001);
#140=CIRCLE('',#2274,0.00100000000000001);
#141=CIRCLE('',#2275,0.001);
#142=CIRCLE('',#2276,0.00100000000000001);
#143=CIRCLE('',#2277,0.001);
#144=CIRCLE('',#2278,0.00100000000000001);
#145=CIRCLE('',#2279,0.00100000000000001);
#146=CIRCLE('',#2280,0.00100000000000001);
#147=CIRCLE('',#2281,0.001);
#148=CIRCLE('',#2282,0.00100000000000002);
#149=CIRCLE('',#2283,0.00100000000000001);
#150=CIRCLE('',#2284,0.00100000000000001);
#151=CIRCLE('',#2285,0.001);
#152=CIRCLE('',#2286,0.00100000000000001);
#153=CIRCLE('',#2287,0.00100000000000001);
#154=CIRCLE('',#2288,0.00100000000000001);
#155=CIRCLE('',#2289,0.001);
#156=CIRCLE('',#2290,0.00100000000000001);
#157=CIRCLE('',#2291,0.00100000000000001);
#158=CIRCLE('',#2292,0.00100000000000002);
#159=CIRCLE('',#2293,0.001);
#160=CIRCLE('',#2294,0.00100000000000001);
#161=CIRCLE('',#2296,0.005);
#162=CIRCLE('',#2297,0.005);
#163=CIRCLE('',#2299,0.00095);
#164=CIRCLE('',#2300,0.00095);
#165=CIRCLE('',#2301,0.00095);
#166=CIRCLE('',#2302,0.00095);
#167=CIRCLE('',#2305,0.00095);
#168=CIRCLE('',#2308,0.00095);
#169=CIRCLE('',#2311,0.00095);
#170=CIRCLE('',#2314,0.00095);
#171=ORIENTED_EDGE('',*,*,#735,.F.);
#172=ORIENTED_EDGE('',*,*,#736,.T.);
#173=ORIENTED_EDGE('',*,*,#737,.T.);
#174=ORIENTED_EDGE('',*,*,#738,.T.);
#175=ORIENTED_EDGE('',*,*,#739,.T.);
#176=ORIENTED_EDGE('',*,*,#740,.T.);
#177=ORIENTED_EDGE('',*,*,#741,.F.);
#178=ORIENTED_EDGE('',*,*,#742,.T.);
#179=ORIENTED_EDGE('',*,*,#743,.F.);
#180=ORIENTED_EDGE('',*,*,#744,.T.);
#181=ORIENTED_EDGE('',*,*,#745,.T.);
#182=ORIENTED_EDGE('',*,*,#746,.T.);
#183=ORIENTED_EDGE('',*,*,#747,.T.);
#184=ORIENTED_EDGE('',*,*,#748,.T.);
#185=ORIENTED_EDGE('',*,*,#749,.F.);
#186=ORIENTED_EDGE('',*,*,#750,.T.);
#187=ORIENTED_EDGE('',*,*,#751,.F.);
#188=ORIENTED_EDGE('',*,*,#752,.T.);
#189=ORIENTED_EDGE('',*,*,#753,.T.);
#190=ORIENTED_EDGE('',*,*,#754,.T.);
#191=ORIENTED_EDGE('',*,*,#755,.T.);
#192=ORIENTED_EDGE('',*,*,#756,.T.);
#193=ORIENTED_EDGE('',*,*,#757,.F.);
#194=ORIENTED_EDGE('',*,*,#758,.T.);
#195=ORIENTED_EDGE('',*,*,#759,.T.);
#196=ORIENTED_EDGE('',*,*,#760,.T.);
#197=ORIENTED_EDGE('',*,*,#761,.F.);
#198=ORIENTED_EDGE('',*,*,#762,.F.);
#199=ORIENTED_EDGE('',*,*,#763,.F.);
#200=ORIENTED_EDGE('',*,*,#764,.T.);
#201=ORIENTED_EDGE('',*,*,#765,.T.);
#202=ORIENTED_EDGE('',*,*,#766,.T.);
#203=ORIENTED_EDGE('',*,*,#767,.T.);
#204=ORIENTED_EDGE('',*,*,#768,.T.);
#205=ORIENTED_EDGE('',*,*,#769,.F.);
#206=ORIENTED_EDGE('',*,*,#770,.T.);
#207=ORIENTED_EDGE('',*,*,#771,.F.);
#208=ORIENTED_EDGE('',*,*,#772,.T.);
#209=ORIENTED_EDGE('',*,*,#773,.T.);
#210=ORIENTED_EDGE('',*,*,#774,.T.);
#211=ORIENTED_EDGE('',*,*,#775,.T.);
#212=ORIENTED_EDGE('',*,*,#776,.T.);
#213=ORIENTED_EDGE('',*,*,#777,.F.);
#214=ORIENTED_EDGE('',*,*,#778,.T.);
#215=ORIENTED_EDGE('',*,*,#779,.F.);
#216=ORIENTED_EDGE('',*,*,#780,.T.);
#217=ORIENTED_EDGE('',*,*,#781,.T.);
#218=ORIENTED_EDGE('',*,*,#782,.T.);
#219=ORIENTED_EDGE('',*,*,#783,.T.);
#220=ORIENTED_EDGE('',*,*,#784,.T.);
#221=ORIENTED_EDGE('',*,*,#785,.F.);
#222=ORIENTED_EDGE('',*,*,#786,.T.);
#223=ORIENTED_EDGE('',*,*,#787,.F.);
#224=ORIENTED_EDGE('',*,*,#788,.F.);
#225=ORIENTED_EDGE('',*,*,#759,.F.);
#226=ORIENTED_EDGE('',*,*,#789,.T.);
#227=ORIENTED_EDGE('',*,*,#790,.T.);
#228=ORIENTED_EDGE('',*,*,#791,.T.);
#229=ORIENTED_EDGE('',*,*,#792,.T.);
#230=ORIENTED_EDGE('',*,*,#793,.F.);
#231=ORIENTED_EDGE('',*,*,#794,.F.);
#232=ORIENTED_EDGE('',*,*,#795,.T.);
#233=ORIENTED_EDGE('',*,*,#796,.F.);
#234=ORIENTED_EDGE('',*,*,#797,.F.);
#235=ORIENTED_EDGE('',*,*,#798,.T.);
#236=ORIENTED_EDGE('',*,*,#799,.F.);
#237=ORIENTED_EDGE('',*,*,#800,.T.);
#238=ORIENTED_EDGE('',*,*,#801,.T.);
#239=ORIENTED_EDGE('',*,*,#802,.F.);
#240=ORIENTED_EDGE('',*,*,#803,.F.);
#241=ORIENTED_EDGE('',*,*,#804,.F.);
#242=ORIENTED_EDGE('',*,*,#805,.F.);
#243=ORIENTED_EDGE('',*,*,#806,.F.);
#244=ORIENTED_EDGE('',*,*,#807,.F.);
#245=ORIENTED_EDGE('',*,*,#808,.T.);
#246=ORIENTED_EDGE('',*,*,#809,.F.);
#247=ORIENTED_EDGE('',*,*,#810,.T.);
#248=ORIENTED_EDGE('',*,*,#811,.F.);
#249=ORIENTED_EDGE('',*,*,#812,.F.);
#250=ORIENTED_EDGE('',*,*,#790,.F.);
#251=ORIENTED_EDGE('',*,*,#813,.T.);
#252=ORIENTED_EDGE('',*,*,#814,.T.);
#253=ORIENTED_EDGE('',*,*,#815,.T.);
#254=ORIENTED_EDGE('',*,*,#816,.T.);
#255=ORIENTED_EDGE('',*,*,#817,.F.);
#256=ORIENTED_EDGE('',*,*,#818,.F.);
#257=ORIENTED_EDGE('',*,*,#819,.T.);
#258=ORIENTED_EDGE('',*,*,#820,.T.);
#259=ORIENTED_EDGE('',*,*,#821,.F.);
#260=ORIENTED_EDGE('',*,*,#822,.F.);
#261=ORIENTED_EDGE('',*,*,#823,.T.);
#262=ORIENTED_EDGE('',*,*,#824,.T.);
#263=ORIENTED_EDGE('',*,*,#825,.F.);
#264=ORIENTED_EDGE('',*,*,#826,.F.);
#265=ORIENTED_EDGE('',*,*,#827,.T.);
#266=ORIENTED_EDGE('',*,*,#828,.F.);
#267=ORIENTED_EDGE('',*,*,#829,.F.);
#268=ORIENTED_EDGE('',*,*,#830,.T.);
#269=ORIENTED_EDGE('',*,*,#831,.T.);
#270=ORIENTED_EDGE('',*,*,#832,.T.);
#271=ORIENTED_EDGE('',*,*,#833,.F.);
#272=ORIENTED_EDGE('',*,*,#834,.F.);
#273=ORIENTED_EDGE('',*,*,#835,.F.);
#274=ORIENTED_EDGE('',*,*,#836,.F.);
#275=ORIENTED_EDGE('',*,*,#837,.F.);
#276=ORIENTED_EDGE('',*,*,#838,.T.);
#277=ORIENTED_EDGE('',*,*,#839,.F.);
#278=ORIENTED_EDGE('',*,*,#840,.T.);
#279=ORIENTED_EDGE('',*,*,#841,.F.);
#280=ORIENTED_EDGE('',*,*,#842,.F.);
#281=ORIENTED_EDGE('',*,*,#843,.F.);
#282=ORIENTED_EDGE('',*,*,#844,.F.);
#283=ORIENTED_EDGE('',*,*,#845,.F.);
#284=ORIENTED_EDGE('',*,*,#846,.F.);
#285=ORIENTED_EDGE('',*,*,#847,.F.);
#286=ORIENTED_EDGE('',*,*,#848,.F.);
#287=ORIENTED_EDGE('',*,*,#849,.F.);
#288=ORIENTED_EDGE('',*,*,#850,.F.);
#289=ORIENTED_EDGE('',*,*,#760,.F.);
#290=ORIENTED_EDGE('',*,*,#788,.T.);
#291=ORIENTED_EDGE('',*,*,#812,.T.);
#292=ORIENTED_EDGE('',*,*,#851,.F.);
#293=ORIENTED_EDGE('',*,*,#852,.F.);
#294=ORIENTED_EDGE('',*,*,#853,.T.);
#295=ORIENTED_EDGE('',*,*,#843,.T.);
#296=ORIENTED_EDGE('',*,*,#854,.F.);
#297=ORIENTED_EDGE('',*,*,#853,.F.);
#298=ORIENTED_EDGE('',*,*,#854,.T.);
#299=ORIENTED_EDGE('',*,*,#855,.F.);
#300=ORIENTED_EDGE('',*,*,#856,.T.);
#301=ORIENTED_EDGE('',*,*,#848,.T.);
#302=ORIENTED_EDGE('',*,*,#857,.F.);
#303=ORIENTED_EDGE('',*,*,#856,.F.);
#304=ORIENTED_EDGE('',*,*,#857,.T.);
#305=ORIENTED_EDGE('',*,*,#858,.F.);
#306=ORIENTED_EDGE('',*,*,#859,.T.);
#307=ORIENTED_EDGE('',*,*,#849,.T.);
#308=ORIENTED_EDGE('',*,*,#860,.F.);
#309=ORIENTED_EDGE('',*,*,#859,.F.);
#310=ORIENTED_EDGE('',*,*,#860,.T.);
#311=ORIENTED_EDGE('',*,*,#861,.F.);
#312=ORIENTED_EDGE('',*,*,#862,.T.);
#313=ORIENTED_EDGE('',*,*,#850,.T.);
#314=ORIENTED_EDGE('',*,*,#863,.F.);
#315=ORIENTED_EDGE('',*,*,#862,.F.);
#316=ORIENTED_EDGE('',*,*,#863,.T.);
#317=ORIENTED_EDGE('',*,*,#864,.F.);
#318=ORIENTED_EDGE('',*,*,#865,.T.);
#319=ORIENTED_EDGE('',*,*,#847,.T.);
#320=ORIENTED_EDGE('',*,*,#866,.F.);
#321=ORIENTED_EDGE('',*,*,#865,.F.);
#322=ORIENTED_EDGE('',*,*,#866,.T.);
#323=ORIENTED_EDGE('',*,*,#867,.F.);
#324=ORIENTED_EDGE('',*,*,#868,.T.);
#325=ORIENTED_EDGE('',*,*,#846,.T.);
#326=ORIENTED_EDGE('',*,*,#869,.F.);
#327=ORIENTED_EDGE('',*,*,#868,.F.);
#328=ORIENTED_EDGE('',*,*,#869,.T.);
#329=ORIENTED_EDGE('',*,*,#870,.F.);
#330=ORIENTED_EDGE('',*,*,#871,.T.);
#331=ORIENTED_EDGE('',*,*,#845,.T.);
#332=ORIENTED_EDGE('',*,*,#872,.F.);
#333=ORIENTED_EDGE('',*,*,#871,.F.);
#334=ORIENTED_EDGE('',*,*,#872,.T.);
#335=ORIENTED_EDGE('',*,*,#873,.F.);
#336=ORIENTED_EDGE('',*,*,#874,.T.);
#337=ORIENTED_EDGE('',*,*,#844,.T.);
#338=ORIENTED_EDGE('',*,*,#875,.F.);
#339=ORIENTED_EDGE('',*,*,#874,.F.);
#340=ORIENTED_EDGE('',*,*,#875,.T.);
#341=ORIENTED_EDGE('',*,*,#873,.T.);
#342=ORIENTED_EDGE('',*,*,#870,.T.);
#343=ORIENTED_EDGE('',*,*,#867,.T.);
#344=ORIENTED_EDGE('',*,*,#864,.T.);
#345=ORIENTED_EDGE('',*,*,#861,.T.);
#346=ORIENTED_EDGE('',*,*,#858,.T.);
#347=ORIENTED_EDGE('',*,*,#855,.T.);
#348=ORIENTED_EDGE('',*,*,#852,.T.);
#349=ORIENTED_EDGE('',*,*,#761,.T.);
#350=ORIENTED_EDGE('',*,*,#851,.T.);
#351=ORIENTED_EDGE('',*,*,#814,.F.);
#352=ORIENTED_EDGE('',*,*,#876,.F.);
#353=ORIENTED_EDGE('',*,*,#877,.T.);
#354=ORIENTED_EDGE('',*,*,#830,.F.);
#355=ORIENTED_EDGE('',*,*,#878,.F.);
#356=ORIENTED_EDGE('',*,*,#796,.T.);
#357=ORIENTED_EDGE('',*,*,#879,.T.);
#358=ORIENTED_EDGE('',*,*,#880,.F.);
#359=ORIENTED_EDGE('',*,*,#881,.F.);
#360=ORIENTED_EDGE('',*,*,#828,.T.);
#361=ORIENTED_EDGE('',*,*,#882,.F.);
#362=ORIENTED_EDGE('',*,*,#883,.F.);
#363=ORIENTED_EDGE('',*,*,#884,.T.);
#364=ORIENTED_EDGE('',*,*,#880,.T.);
#365=ORIENTED_EDGE('',*,*,#885,.T.);
#366=ORIENTED_EDGE('',*,*,#886,.F.);
#367=ORIENTED_EDGE('',*,*,#887,.F.);
#368=ORIENTED_EDGE('',*,*,#883,.T.);
#369=ORIENTED_EDGE('',*,*,#888,.F.);
#370=ORIENTED_EDGE('',*,*,#889,.T.);
#371=ORIENTED_EDGE('',*,*,#890,.F.);
#372=ORIENTED_EDGE('',*,*,#891,.T.);
#373=ORIENTED_EDGE('',*,*,#892,.F.);
#374=ORIENTED_EDGE('',*,*,#893,.F.);
#375=ORIENTED_EDGE('',*,*,#894,.F.);
#376=ORIENTED_EDGE('',*,*,#895,.F.);
#377=ORIENTED_EDGE('',*,*,#896,.F.);
#378=ORIENTED_EDGE('',*,*,#897,.T.);
#379=ORIENTED_EDGE('',*,*,#898,.F.);
#380=ORIENTED_EDGE('',*,*,#899,.T.);
#381=ORIENTED_EDGE('',*,*,#900,.F.);
#382=ORIENTED_EDGE('',*,*,#901,.F.);
#383=ORIENTED_EDGE('',*,*,#902,.F.);
#384=ORIENTED_EDGE('',*,*,#903,.F.);
#385=ORIENTED_EDGE('',*,*,#904,.F.);
#386=ORIENTED_EDGE('',*,*,#905,.T.);
#387=ORIENTED_EDGE('',*,*,#906,.F.);
#388=ORIENTED_EDGE('',*,*,#907,.T.);
#389=ORIENTED_EDGE('',*,*,#908,.F.);
#390=ORIENTED_EDGE('',*,*,#909,.F.);
#391=ORIENTED_EDGE('',*,*,#910,.F.);
#392=ORIENTED_EDGE('',*,*,#911,.F.);
#393=ORIENTED_EDGE('',*,*,#912,.F.);
#394=ORIENTED_EDGE('',*,*,#913,.T.);
#395=ORIENTED_EDGE('',*,*,#914,.F.);
#396=ORIENTED_EDGE('',*,*,#915,.T.);
#397=ORIENTED_EDGE('',*,*,#916,.F.);
#398=ORIENTED_EDGE('',*,*,#917,.F.);
#399=ORIENTED_EDGE('',*,*,#918,.F.);
#400=ORIENTED_EDGE('',*,*,#919,.F.);
#401=ORIENTED_EDGE('',*,*,#920,.F.);
#402=ORIENTED_EDGE('',*,*,#921,.T.);
#403=ORIENTED_EDGE('',*,*,#922,.F.);
#404=ORIENTED_EDGE('',*,*,#923,.T.);
#405=ORIENTED_EDGE('',*,*,#924,.F.);
#406=ORIENTED_EDGE('',*,*,#925,.F.);
#407=ORIENTED_EDGE('',*,*,#926,.F.);
#408=ORIENTED_EDGE('',*,*,#927,.F.);
#409=ORIENTED_EDGE('',*,*,#928,.F.);
#410=ORIENTED_EDGE('',*,*,#929,.T.);
#411=ORIENTED_EDGE('',*,*,#930,.F.);
#412=ORIENTED_EDGE('',*,*,#931,.T.);
#413=ORIENTED_EDGE('',*,*,#932,.F.);
#414=ORIENTED_EDGE('',*,*,#933,.F.);
#415=ORIENTED_EDGE('',*,*,#934,.F.);
#416=ORIENTED_EDGE('',*,*,#935,.F.);
#417=ORIENTED_EDGE('',*,*,#936,.F.);
#418=ORIENTED_EDGE('',*,*,#937,.F.);
#419=ORIENTED_EDGE('',*,*,#938,.T.);
#420=ORIENTED_EDGE('',*,*,#886,.T.);
#421=ORIENTED_EDGE('',*,*,#939,.T.);
#422=ORIENTED_EDGE('',*,*,#798,.F.);
#423=ORIENTED_EDGE('',*,*,#940,.F.);
#424=ORIENTED_EDGE('',*,*,#937,.T.);
#425=ORIENTED_EDGE('',*,*,#941,.F.);
#426=ORIENTED_EDGE('',*,*,#942,.F.);
#427=ORIENTED_EDGE('',*,*,#943,.F.);
#428=ORIENTED_EDGE('',*,*,#944,.F.);
#429=ORIENTED_EDGE('',*,*,#789,.F.);
#430=ORIENTED_EDGE('',*,*,#762,.T.);
#431=ORIENTED_EDGE('',*,*,#876,.T.);
#432=ORIENTED_EDGE('',*,*,#813,.F.);
#433=ORIENTED_EDGE('',*,*,#797,.T.);
#434=ORIENTED_EDGE('',*,*,#878,.T.);
#435=ORIENTED_EDGE('',*,*,#829,.T.);
#436=ORIENTED_EDGE('',*,*,#881,.T.);
#437=ORIENTED_EDGE('',*,*,#884,.F.);
#438=ORIENTED_EDGE('',*,*,#887,.T.);
#439=ORIENTED_EDGE('',*,*,#938,.F.);
#440=ORIENTED_EDGE('',*,*,#940,.T.);
#441=ORIENTED_EDGE('',*,*,#795,.F.);
#442=ORIENTED_EDGE('',*,*,#939,.F.);
#443=ORIENTED_EDGE('',*,*,#936,.T.);
#444=ORIENTED_EDGE('',*,*,#885,.F.);
#445=ORIENTED_EDGE('',*,*,#882,.T.);
#446=ORIENTED_EDGE('',*,*,#879,.F.);
#447=ORIENTED_EDGE('',*,*,#827,.F.);
#448=ORIENTED_EDGE('',*,*,#877,.F.);
#449=ORIENTED_EDGE('',*,*,#945,.F.);
#450=ORIENTED_EDGE('',*,*,#944,.T.);
#451=ORIENTED_EDGE('',*,*,#945,.T.);
#452=ORIENTED_EDGE('',*,*,#946,.F.);
#453=ORIENTED_EDGE('',*,*,#943,.T.);
#454=ORIENTED_EDGE('',*,*,#946,.T.);
#455=ORIENTED_EDGE('',*,*,#947,.F.);
#456=ORIENTED_EDGE('',*,*,#942,.T.);
#457=ORIENTED_EDGE('',*,*,#947,.T.);
#458=ORIENTED_EDGE('',*,*,#948,.F.);
#459=ORIENTED_EDGE('',*,*,#941,.T.);
#460=ORIENTED_EDGE('',*,*,#948,.T.);
#461=ORIENTED_EDGE('',*,*,#804,.T.);
#462=ORIENTED_EDGE('',*,*,#949,.T.);
#463=ORIENTED_EDGE('',*,*,#836,.T.);
#464=ORIENTED_EDGE('',*,*,#950,.F.);
#465=ORIENTED_EDGE('',*,*,#805,.T.);
#466=ORIENTED_EDGE('',*,*,#950,.T.);
#467=ORIENTED_EDGE('',*,*,#835,.T.);
#468=ORIENTED_EDGE('',*,*,#951,.F.);
#469=ORIENTED_EDGE('',*,*,#806,.T.);
#470=ORIENTED_EDGE('',*,*,#951,.T.);
#471=ORIENTED_EDGE('',*,*,#842,.T.);
#472=ORIENTED_EDGE('',*,*,#952,.F.);
#473=ORIENTED_EDGE('',*,*,#807,.T.);
#474=ORIENTED_EDGE('',*,*,#952,.T.);
#475=ORIENTED_EDGE('',*,*,#841,.T.);
#476=ORIENTED_EDGE('',*,*,#953,.F.);
#477=ORIENTED_EDGE('',*,*,#953,.T.);
#478=ORIENTED_EDGE('',*,*,#840,.F.);
#479=ORIENTED_EDGE('',*,*,#954,.F.);
#480=ORIENTED_EDGE('',*,*,#808,.F.);
#481=ORIENTED_EDGE('',*,*,#809,.T.);
#482=ORIENTED_EDGE('',*,*,#954,.T.);
#483=ORIENTED_EDGE('',*,*,#839,.T.);
#484=ORIENTED_EDGE('',*,*,#955,.F.);
#485=ORIENTED_EDGE('',*,*,#955,.T.);
#486=ORIENTED_EDGE('',*,*,#838,.F.);
#487=ORIENTED_EDGE('',*,*,#956,.F.);
#488=ORIENTED_EDGE('',*,*,#810,.F.);
#489=ORIENTED_EDGE('',*,*,#811,.T.);
#490=ORIENTED_EDGE('',*,*,#956,.T.);
#491=ORIENTED_EDGE('',*,*,#837,.T.);
#492=ORIENTED_EDGE('',*,*,#949,.F.);
#493=ORIENTED_EDGE('',*,*,#957,.T.);
#494=ORIENTED_EDGE('',*,*,#831,.F.);
#495=ORIENTED_EDGE('',*,*,#958,.F.);
#496=ORIENTED_EDGE('',*,*,#816,.F.);
#497=ORIENTED_EDGE('',*,*,#817,.T.);
#498=ORIENTED_EDGE('',*,*,#958,.T.);
#499=ORIENTED_EDGE('',*,*,#834,.T.);
#500=ORIENTED_EDGE('',*,*,#959,.F.);
#501=ORIENTED_EDGE('',*,*,#818,.T.);
#502=ORIENTED_EDGE('',*,*,#959,.T.);
#503=ORIENTED_EDGE('',*,*,#833,.T.);
#504=ORIENTED_EDGE('',*,*,#960,.F.);
#505=ORIENTED_EDGE('',*,*,#960,.T.);
#506=ORIENTED_EDGE('',*,*,#832,.F.);
#507=ORIENTED_EDGE('',*,*,#957,.F.);
#508=ORIENTED_EDGE('',*,*,#815,.F.);
#509=ORIENTED_EDGE('',*,*,#961,.T.);
#510=ORIENTED_EDGE('',*,*,#823,.F.);
#511=ORIENTED_EDGE('',*,*,#962,.F.);
#512=ORIENTED_EDGE('',*,*,#820,.F.);
#513=ORIENTED_EDGE('',*,*,#821,.T.);
#514=ORIENTED_EDGE('',*,*,#962,.T.);
#515=ORIENTED_EDGE('',*,*,#826,.T.);
#516=ORIENTED_EDGE('',*,*,#963,.F.);
#517=ORIENTED_EDGE('',*,*,#822,.T.);
#518=ORIENTED_EDGE('',*,*,#963,.T.);
#519=ORIENTED_EDGE('',*,*,#825,.T.);
#520=ORIENTED_EDGE('',*,*,#964,.F.);
#521=ORIENTED_EDGE('',*,*,#964,.T.);
#522=ORIENTED_EDGE('',*,*,#824,.F.);
#523=ORIENTED_EDGE('',*,*,#961,.F.);
#524=ORIENTED_EDGE('',*,*,#819,.F.);
#525=ORIENTED_EDGE('',*,*,#787,.T.);
#526=ORIENTED_EDGE('',*,*,#799,.T.);
#527=ORIENTED_EDGE('',*,*,#965,.T.);
#528=ORIENTED_EDGE('',*,*,#800,.F.);
#529=ORIENTED_EDGE('',*,*,#966,.F.);
#530=ORIENTED_EDGE('',*,*,#792,.F.);
#531=ORIENTED_EDGE('',*,*,#793,.T.);
#532=ORIENTED_EDGE('',*,*,#966,.T.);
#533=ORIENTED_EDGE('',*,*,#803,.T.);
#534=ORIENTED_EDGE('',*,*,#967,.F.);
#535=ORIENTED_EDGE('',*,*,#794,.T.);
#536=ORIENTED_EDGE('',*,*,#967,.T.);
#537=ORIENTED_EDGE('',*,*,#802,.T.);
#538=ORIENTED_EDGE('',*,*,#968,.F.);
#539=ORIENTED_EDGE('',*,*,#968,.T.);
#540=ORIENTED_EDGE('',*,*,#801,.F.);
#541=ORIENTED_EDGE('',*,*,#965,.F.);
#542=ORIENTED_EDGE('',*,*,#791,.F.);
#543=ORIENTED_EDGE('',*,*,#751,.T.);
#544=ORIENTED_EDGE('',*,*,#969,.T.);
#545=ORIENTED_EDGE('',*,*,#929,.F.);
#546=ORIENTED_EDGE('',*,*,#970,.F.);
#547=ORIENTED_EDGE('',*,*,#970,.T.);
#548=ORIENTED_EDGE('',*,*,#928,.T.);
#549=ORIENTED_EDGE('',*,*,#971,.F.);
#550=ORIENTED_EDGE('',*,*,#752,.F.);
#551=ORIENTED_EDGE('',*,*,#971,.T.);
#552=ORIENTED_EDGE('',*,*,#935,.T.);
#553=ORIENTED_EDGE('',*,*,#972,.F.);
#554=ORIENTED_EDGE('',*,*,#753,.F.);
#555=ORIENTED_EDGE('',*,*,#972,.T.);
#556=ORIENTED_EDGE('',*,*,#934,.T.);
#557=ORIENTED_EDGE('',*,*,#973,.F.);
#558=ORIENTED_EDGE('',*,*,#754,.F.);
#559=ORIENTED_EDGE('',*,*,#973,.T.);
#560=ORIENTED_EDGE('',*,*,#933,.T.);
#561=ORIENTED_EDGE('',*,*,#974,.F.);
#562=ORIENTED_EDGE('',*,*,#755,.F.);
#563=ORIENTED_EDGE('',*,*,#974,.T.);
#564=ORIENTED_EDGE('',*,*,#932,.T.);
#565=ORIENTED_EDGE('',*,*,#975,.F.);
#566=ORIENTED_EDGE('',*,*,#756,.F.);
#567=ORIENTED_EDGE('',*,*,#757,.T.);
#568=ORIENTED_EDGE('',*,*,#975,.T.);
#569=ORIENTED_EDGE('',*,*,#931,.F.);
#570=ORIENTED_EDGE('',*,*,#976,.F.);
#571=ORIENTED_EDGE('',*,*,#976,.T.);
#572=ORIENTED_EDGE('',*,*,#930,.T.);
#573=ORIENTED_EDGE('',*,*,#969,.F.);
#574=ORIENTED_EDGE('',*,*,#758,.F.);
#575=ORIENTED_EDGE('',*,*,#763,.T.);
#576=ORIENTED_EDGE('',*,*,#977,.T.);
#577=ORIENTED_EDGE('',*,*,#921,.F.);
#578=ORIENTED_EDGE('',*,*,#978,.F.);
#579=ORIENTED_EDGE('',*,*,#978,.T.);
#580=ORIENTED_EDGE('',*,*,#920,.T.);
#581=ORIENTED_EDGE('',*,*,#979,.F.);
#582=ORIENTED_EDGE('',*,*,#764,.F.);
#583=ORIENTED_EDGE('',*,*,#979,.T.);
#584=ORIENTED_EDGE('',*,*,#927,.T.);
#585=ORIENTED_EDGE('',*,*,#980,.F.);
#586=ORIENTED_EDGE('',*,*,#765,.F.);
#587=ORIENTED_EDGE('',*,*,#980,.T.);
#588=ORIENTED_EDGE('',*,*,#926,.T.);
#589=ORIENTED_EDGE('',*,*,#981,.F.);
#590=ORIENTED_EDGE('',*,*,#766,.F.);
#591=ORIENTED_EDGE('',*,*,#981,.T.);
#592=ORIENTED_EDGE('',*,*,#925,.T.);
#593=ORIENTED_EDGE('',*,*,#982,.F.);
#594=ORIENTED_EDGE('',*,*,#767,.F.);
#595=ORIENTED_EDGE('',*,*,#982,.T.);
#596=ORIENTED_EDGE('',*,*,#924,.T.);
#597=ORIENTED_EDGE('',*,*,#983,.F.);
#598=ORIENTED_EDGE('',*,*,#768,.F.);
#599=ORIENTED_EDGE('',*,*,#769,.T.);
#600=ORIENTED_EDGE('',*,*,#983,.T.);
#601=ORIENTED_EDGE('',*,*,#923,.F.);
#602=ORIENTED_EDGE('',*,*,#984,.F.);
#603=ORIENTED_EDGE('',*,*,#984,.T.);
#604=ORIENTED_EDGE('',*,*,#922,.T.);
#605=ORIENTED_EDGE('',*,*,#977,.F.);
#606=ORIENTED_EDGE('',*,*,#770,.F.);
#607=ORIENTED_EDGE('',*,*,#743,.T.);
#608=ORIENTED_EDGE('',*,*,#985,.T.);
#609=ORIENTED_EDGE('',*,*,#913,.F.);
#610=ORIENTED_EDGE('',*,*,#986,.F.);
#611=ORIENTED_EDGE('',*,*,#986,.T.);
#612=ORIENTED_EDGE('',*,*,#912,.T.);
#613=ORIENTED_EDGE('',*,*,#987,.F.);
#614=ORIENTED_EDGE('',*,*,#744,.F.);
#615=ORIENTED_EDGE('',*,*,#987,.T.);
#616=ORIENTED_EDGE('',*,*,#919,.T.);
#617=ORIENTED_EDGE('',*,*,#988,.F.);
#618=ORIENTED_EDGE('',*,*,#745,.F.);
#619=ORIENTED_EDGE('',*,*,#988,.T.);
#620=ORIENTED_EDGE('',*,*,#918,.T.);
#621=ORIENTED_EDGE('',*,*,#989,.F.);
#622=ORIENTED_EDGE('',*,*,#746,.F.);
#623=ORIENTED_EDGE('',*,*,#989,.T.);
#624=ORIENTED_EDGE('',*,*,#917,.T.);
#625=ORIENTED_EDGE('',*,*,#990,.F.);
#626=ORIENTED_EDGE('',*,*,#747,.F.);
#627=ORIENTED_EDGE('',*,*,#990,.T.);
#628=ORIENTED_EDGE('',*,*,#916,.T.);
#629=ORIENTED_EDGE('',*,*,#991,.F.);
#630=ORIENTED_EDGE('',*,*,#748,.F.);
#631=ORIENTED_EDGE('',*,*,#749,.T.);
#632=ORIENTED_EDGE('',*,*,#991,.T.);
#633=ORIENTED_EDGE('',*,*,#915,.F.);
#634=ORIENTED_EDGE('',*,*,#992,.F.);
#635=ORIENTED_EDGE('',*,*,#992,.T.);
#636=ORIENTED_EDGE('',*,*,#914,.T.);
#637=ORIENTED_EDGE('',*,*,#985,.F.);
#638=ORIENTED_EDGE('',*,*,#750,.F.);
#639=ORIENTED_EDGE('',*,*,#771,.T.);
#640=ORIENTED_EDGE('',*,*,#993,.T.);
#641=ORIENTED_EDGE('',*,*,#905,.F.);
#642=ORIENTED_EDGE('',*,*,#994,.F.);
#643=ORIENTED_EDGE('',*,*,#994,.T.);
#644=ORIENTED_EDGE('',*,*,#904,.T.);
#645=ORIENTED_EDGE('',*,*,#995,.F.);
#646=ORIENTED_EDGE('',*,*,#772,.F.);
#647=ORIENTED_EDGE('',*,*,#995,.T.);
#648=ORIENTED_EDGE('',*,*,#911,.T.);
#649=ORIENTED_EDGE('',*,*,#996,.F.);
#650=ORIENTED_EDGE('',*,*,#773,.F.);
#651=ORIENTED_EDGE('',*,*,#996,.T.);
#652=ORIENTED_EDGE('',*,*,#910,.T.);
#653=ORIENTED_EDGE('',*,*,#997,.F.);
#654=ORIENTED_EDGE('',*,*,#774,.F.);
#655=ORIENTED_EDGE('',*,*,#997,.T.);
#656=ORIENTED_EDGE('',*,*,#909,.T.);
#657=ORIENTED_EDGE('',*,*,#998,.F.);
#658=ORIENTED_EDGE('',*,*,#775,.F.);
#659=ORIENTED_EDGE('',*,*,#998,.T.);
#660=ORIENTED_EDGE('',*,*,#908,.T.);
#661=ORIENTED_EDGE('',*,*,#999,.F.);
#662=ORIENTED_EDGE('',*,*,#776,.F.);
#663=ORIENTED_EDGE('',*,*,#777,.T.);
#664=ORIENTED_EDGE('',*,*,#999,.T.);
#665=ORIENTED_EDGE('',*,*,#907,.F.);
#666=ORIENTED_EDGE('',*,*,#1000,.F.);
#667=ORIENTED_EDGE('',*,*,#1000,.T.);
#668=ORIENTED_EDGE('',*,*,#906,.T.);
#669=ORIENTED_EDGE('',*,*,#993,.F.);
#670=ORIENTED_EDGE('',*,*,#778,.F.);
#671=ORIENTED_EDGE('',*,*,#735,.T.);
#672=ORIENTED_EDGE('',*,*,#1001,.T.);
#673=ORIENTED_EDGE('',*,*,#897,.F.);
#674=ORIENTED_EDGE('',*,*,#1002,.F.);
#675=ORIENTED_EDGE('',*,*,#1002,.T.);
#676=ORIENTED_EDGE('',*,*,#896,.T.);
#677=ORIENTED_EDGE('',*,*,#1003,.F.);
#678=ORIENTED_EDGE('',*,*,#736,.F.);
#679=ORIENTED_EDGE('',*,*,#1003,.T.);
#680=ORIENTED_EDGE('',*,*,#903,.T.);
#681=ORIENTED_EDGE('',*,*,#1004,.F.);
#682=ORIENTED_EDGE('',*,*,#737,.F.);
#683=ORIENTED_EDGE('',*,*,#1004,.T.);
#684=ORIENTED_EDGE('',*,*,#902,.T.);
#685=ORIENTED_EDGE('',*,*,#1005,.F.);
#686=ORIENTED_EDGE('',*,*,#738,.F.);
#687=ORIENTED_EDGE('',*,*,#1005,.T.);
#688=ORIENTED_EDGE('',*,*,#901,.T.);
#689=ORIENTED_EDGE('',*,*,#1006,.F.);
#690=ORIENTED_EDGE('',*,*,#739,.F.);
#691=ORIENTED_EDGE('',*,*,#1006,.T.);
#692=ORIENTED_EDGE('',*,*,#900,.T.);
#693=ORIENTED_EDGE('',*,*,#1007,.F.);
#694=ORIENTED_EDGE('',*,*,#740,.F.);
#695=ORIENTED_EDGE('',*,*,#741,.T.);
#696=ORIENTED_EDGE('',*,*,#1007,.T.);
#697=ORIENTED_EDGE('',*,*,#899,.F.);
#698=ORIENTED_EDGE('',*,*,#1008,.F.);
#699=ORIENTED_EDGE('',*,*,#1008,.T.);
#700=ORIENTED_EDGE('',*,*,#898,.T.);
#701=ORIENTED_EDGE('',*,*,#1001,.F.);
#702=ORIENTED_EDGE('',*,*,#742,.F.);
#703=ORIENTED_EDGE('',*,*,#779,.T.);
#704=ORIENTED_EDGE('',*,*,#1009,.T.);
#705=ORIENTED_EDGE('',*,*,#889,.F.);
#706=ORIENTED_EDGE('',*,*,#1010,.F.);
#707=ORIENTED_EDGE('',*,*,#1010,.T.);
#708=ORIENTED_EDGE('',*,*,#888,.T.);
#709=ORIENTED_EDGE('',*,*,#1011,.F.);
#710=ORIENTED_EDGE('',*,*,#780,.F.);
#711=ORIENTED_EDGE('',*,*,#1011,.T.);
#712=ORIENTED_EDGE('',*,*,#895,.T.);
#713=ORIENTED_EDGE('',*,*,#1012,.F.);
#714=ORIENTED_EDGE('',*,*,#781,.F.);
#715=ORIENTED_EDGE('',*,*,#1012,.T.);
#716=ORIENTED_EDGE('',*,*,#894,.T.);
#717=ORIENTED_EDGE('',*,*,#1013,.F.);
#718=ORIENTED_EDGE('',*,*,#782,.F.);
#719=ORIENTED_EDGE('',*,*,#1013,.T.);
#720=ORIENTED_EDGE('',*,*,#893,.T.);
#721=ORIENTED_EDGE('',*,*,#1014,.F.);
#722=ORIENTED_EDGE('',*,*,#783,.F.);
#723=ORIENTED_EDGE('',*,*,#1014,.T.);
#724=ORIENTED_EDGE('',*,*,#892,.T.);
#725=ORIENTED_EDGE('',*,*,#1015,.F.);
#726=ORIENTED_EDGE('',*,*,#784,.F.);
#727=ORIENTED_EDGE('',*,*,#785,.T.);
#728=ORIENTED_EDGE('',*,*,#1015,.T.);
#729=ORIENTED_EDGE('',*,*,#891,.F.);
#730=ORIENTED_EDGE('',*,*,#1016,.F.);
#731=ORIENTED_EDGE('',*,*,#1016,.T.);
#732=ORIENTED_EDGE('',*,*,#890,.T.);
#733=ORIENTED_EDGE('',*,*,#1009,.F.);
#734=ORIENTED_EDGE('',*,*,#786,.F.);
#735=EDGE_CURVE('',#1017,#1018,#1219,.T.);
#736=EDGE_CURVE('',#1017,#1019,#65,.T.);
#737=EDGE_CURVE('',#1019,#1020,#1220,.T.);
#738=EDGE_CURVE('',#1020,#1021,#66,.T.);
#739=EDGE_CURVE('',#1021,#1022,#1221,.T.);
#740=EDGE_CURVE('',#1022,#1023,#67,.T.);
#741=EDGE_CURVE('',#1024,#1023,#1222,.T.);
#742=EDGE_CURVE('',#1024,#1018,#68,.T.);
#743=EDGE_CURVE('',#1025,#1026,#1223,.T.);
#744=EDGE_CURVE('',#1025,#1027,#69,.T.);
#745=EDGE_CURVE('',#1027,#1028,#1224,.T.);
#746=EDGE_CURVE('',#1028,#1029,#70,.T.);
#747=EDGE_CURVE('',#1029,#1030,#1225,.T.);
#748=EDGE_CURVE('',#1030,#1031,#71,.T.);
#749=EDGE_CURVE('',#1032,#1031,#1226,.T.);
#750=EDGE_CURVE('',#1032,#1026,#72,.T.);
#751=EDGE_CURVE('',#1033,#1034,#1227,.T.);
#752=EDGE_CURVE('',#1033,#1035,#73,.T.);
#753=EDGE_CURVE('',#1035,#1036,#1228,.T.);
#754=EDGE_CURVE('',#1036,#1037,#74,.T.);
#755=EDGE_CURVE('',#1037,#1038,#1229,.T.);
#756=EDGE_CURVE('',#1038,#1039,#75,.T.);
#757=EDGE_CURVE('',#1040,#1039,#1230,.T.);
#758=EDGE_CURVE('',#1040,#1034,#76,.T.);
#759=EDGE_CURVE('',#1041,#1042,#1231,.T.);
#760=EDGE_CURVE('',#1042,#1043,#1232,.T.);
#761=EDGE_CURVE('',#1044,#1043,#1233,.T.);
#762=EDGE_CURVE('',#1041,#1044,#1234,.T.);
#763=EDGE_CURVE('',#1045,#1046,#1235,.T.);
#764=EDGE_CURVE('',#1045,#1047,#77,.T.);
#765=EDGE_CURVE('',#1047,#1048,#1236,.T.);
#766=EDGE_CURVE('',#1048,#1049,#78,.T.);
#767=EDGE_CURVE('',#1049,#1050,#1237,.T.);
#768=EDGE_CURVE('',#1050,#1051,#79,.T.);
#769=EDGE_CURVE('',#1052,#1051,#1238,.T.);
#770=EDGE_CURVE('',#1052,#1046,#80,.T.);
#771=EDGE_CURVE('',#1053,#1054,#1239,.T.);
#772=EDGE_CURVE('',#1053,#1055,#81,.T.);
#773=EDGE_CURVE('',#1055,#1056,#1240,.T.);
#774=EDGE_CURVE('',#1056,#1057,#82,.T.);
#775=EDGE_CURVE('',#1057,#1058,#1241,.T.);
#776=EDGE_CURVE('',#1058,#1059,#83,.T.);
#777=EDGE_CURVE('',#1060,#1059,#1242,.T.);
#778=EDGE_CURVE('',#1060,#1054,#84,.T.);
#779=EDGE_CURVE('',#1061,#1062,#1243,.T.);
#780=EDGE_CURVE('',#1061,#1063,#85,.T.);
#781=EDGE_CURVE('',#1063,#1064,#1244,.T.);
#782=EDGE_CURVE('',#1064,#1065,#86,.T.);
#783=EDGE_CURVE('',#1065,#1066,#1245,.T.);
#784=EDGE_CURVE('',#1066,#1067,#87,.T.);
#785=EDGE_CURVE('',#1068,#1067,#1246,.T.);
#786=EDGE_CURVE('',#1068,#1062,#88,.T.);
#787=EDGE_CURVE('',#1069,#1069,#89,.T.);
#788=EDGE_CURVE('',#1042,#1070,#1247,.T.);
#789=EDGE_CURVE('',#1041,#1071,#1248,.T.);
#790=EDGE_CURVE('',#1071,#1070,#1249,.T.);
#791=EDGE_CURVE('',#1072,#1073,#1250,.T.);
#792=EDGE_CURVE('',#1073,#1074,#1251,.T.);
#793=EDGE_CURVE('',#1075,#1074,#1252,.T.);
#794=EDGE_CURVE('',#1072,#1075,#1253,.T.);
#795=EDGE_CURVE('',#1076,#1077,#1254,.T.);
#796=EDGE_CURVE('',#1078,#1077,#1255,.T.);
#797=EDGE_CURVE('',#1079,#1078,#1256,.T.);
#798=EDGE_CURVE('',#1079,#1076,#1257,.T.);
#799=EDGE_CURVE('',#1080,#1080,#90,.T.);
#800=EDGE_CURVE('',#1081,#1082,#1258,.T.);
#801=EDGE_CURVE('',#1082,#1083,#1259,.T.);
#802=EDGE_CURVE('',#1084,#1083,#1260,.T.);
#803=EDGE_CURVE('',#1081,#1084,#1261,.T.);
#804=EDGE_CURVE('',#1085,#1086,#1262,.T.);
#805=EDGE_CURVE('',#1087,#1085,#91,.T.);
#806=EDGE_CURVE('',#1088,#1087,#1263,.T.);
#807=EDGE_CURVE('',#1089,#1088,#92,.T.);
#808=EDGE_CURVE('',#1089,#1090,#1264,.T.);
#809=EDGE_CURVE('',#1091,#1090,#93,.T.);
#810=EDGE_CURVE('',#1091,#1092,#1265,.T.);
#811=EDGE_CURVE('',#1086,#1092,#94,.T.);
#812=EDGE_CURVE('',#1070,#1093,#1266,.T.);
#813=EDGE_CURVE('',#1071,#1094,#1267,.T.);
#814=EDGE_CURVE('',#1094,#1093,#1268,.T.);
#815=EDGE_CURVE('',#1095,#1096,#1269,.T.);
#816=EDGE_CURVE('',#1096,#1097,#1270,.T.);
#817=EDGE_CURVE('',#1098,#1097,#1271,.T.);
#818=EDGE_CURVE('',#1095,#1098,#1272,.T.);
#819=EDGE_CURVE('',#1099,#1100,#1273,.T.);
#820=EDGE_CURVE('',#1100,#1101,#1274,.T.);
#821=EDGE_CURVE('',#1102,#1101,#1275,.T.);
#822=EDGE_CURVE('',#1099,#1102,#1276,.T.);
#823=EDGE_CURVE('',#1103,#1104,#1277,.T.);
#824=EDGE_CURVE('',#1104,#1105,#1278,.T.);
#825=EDGE_CURVE('',#1106,#1105,#1279,.T.);
#826=EDGE_CURVE('',#1103,#1106,#1280,.T.);
#827=EDGE_CURVE('',#1107,#1108,#1281,.T.);
#828=EDGE_CURVE('',#1109,#1108,#1282,.T.);
#829=EDGE_CURVE('',#1110,#1109,#1283,.T.);
#830=EDGE_CURVE('',#1110,#1107,#1284,.T.);
#831=EDGE_CURVE('',#1111,#1112,#1285,.T.);
#832=EDGE_CURVE('',#1112,#1113,#1286,.T.);
#833=EDGE_CURVE('',#1114,#1113,#1287,.T.);
#834=EDGE_CURVE('',#1111,#1114,#1288,.T.);
#835=EDGE_CURVE('',#1115,#1116,#95,.T.);
#836=EDGE_CURVE('',#1117,#1115,#1289,.T.);
#837=EDGE_CURVE('',#1118,#1117,#96,.T.);
#838=EDGE_CURVE('',#1118,#1119,#1290,.T.);
#839=EDGE_CURVE('',#1120,#1119,#97,.T.);
#840=EDGE_CURVE('',#1120,#1121,#1291,.T.);
#841=EDGE_CURVE('',#1122,#1121,#98,.T.);
#842=EDGE_CURVE('',#1116,#1122,#1292,.T.);
#843=EDGE_CURVE('',#1123,#1123,#99,.T.);
#844=EDGE_CURVE('',#1124,#1124,#100,.T.);
#845=EDGE_CURVE('',#1125,#1125,#101,.T.);
#846=EDGE_CURVE('',#1126,#1126,#102,.T.);
#847=EDGE_CURVE('',#1127,#1127,#103,.T.);
#848=EDGE_CURVE('',#1128,#1128,#104,.T.);
#849=EDGE_CURVE('',#1129,#1129,#105,.T.);
#850=EDGE_CURVE('',#1130,#1130,#106,.T.);
#851=EDGE_CURVE('',#1043,#1093,#1293,.T.);
#852=EDGE_CURVE('',#1131,#1131,#107,.T.);
#853=EDGE_CURVE('',#1132,#1132,#108,.T.);
#854=EDGE_CURVE('',#1133,#1133,#109,.T.);
#855=EDGE_CURVE('',#1134,#1134,#110,.T.);
#856=EDGE_CURVE('',#1135,#1135,#111,.T.);
#857=EDGE_CURVE('',#1136,#1136,#112,.T.);
#858=EDGE_CURVE('',#1137,#1137,#113,.T.);
#859=EDGE_CURVE('',#1138,#1138,#114,.T.);
#860=EDGE_CURVE('',#1139,#1139,#115,.T.);
#861=EDGE_CURVE('',#1140,#1140,#116,.T.);
#862=EDGE_CURVE('',#1141,#1141,#117,.T.);
#863=EDGE_CURVE('',#1142,#1142,#118,.T.);
#864=EDGE_CURVE('',#1143,#1143,#119,.T.);
#865=EDGE_CURVE('',#1144,#1144,#120,.T.);
#866=EDGE_CURVE('',#1145,#1145,#121,.T.);
#867=EDGE_CURVE('',#1146,#1146,#122,.T.);
#868=EDGE_CURVE('',#1147,#1147,#123,.T.);
#869=EDGE_CURVE('',#1148,#1148,#124,.T.);
#870=EDGE_CURVE('',#1149,#1149,#125,.T.);
#871=EDGE_CURVE('',#1150,#1150,#126,.T.);
#872=EDGE_CURVE('',#1151,#1151,#127,.T.);
#873=EDGE_CURVE('',#1152,#1152,#128,.T.);
#874=EDGE_CURVE('',#1153,#1153,#129,.T.);
#875=EDGE_CURVE('',#1154,#1154,#130,.T.);
#876=EDGE_CURVE('',#1044,#1094,#1294,.T.);
#877=EDGE_CURVE('',#1077,#1107,#131,.T.);
#878=EDGE_CURVE('',#1078,#1110,#132,.T.);
#879=EDGE_CURVE('',#1108,#1155,#133,.T.);
#880=EDGE_CURVE('',#1156,#1155,#1295,.T.);
#881=EDGE_CURVE('',#1109,#1156,#134,.T.);
#882=EDGE_CURVE('',#1157,#1155,#1296,.T.);
#883=EDGE_CURVE('',#1158,#1157,#1297,.T.);
#884=EDGE_CURVE('',#1158,#1156,#1298,.T.);
#885=EDGE_CURVE('',#1157,#1159,#135,.T.);
#886=EDGE_CURVE('',#1160,#1159,#1299,.T.);
#887=EDGE_CURVE('',#1158,#1160,#136,.T.);
#888=EDGE_CURVE('',#1161,#1162,#137,.T.);
#889=EDGE_CURVE('',#1161,#1163,#1300,.T.);
#890=EDGE_CURVE('',#1164,#1163,#138,.T.);
#891=EDGE_CURVE('',#1164,#1165,#1301,.T.);
#892=EDGE_CURVE('',#1166,#1165,#139,.T.);
#893=EDGE_CURVE('',#1167,#1166,#1302,.T.);
#894=EDGE_CURVE('',#1168,#1167,#140,.T.);
#895=EDGE_CURVE('',#1162,#1168,#1303,.T.);
#896=EDGE_CURVE('',#1169,#1170,#141,.T.);
#897=EDGE_CURVE('',#1169,#1171,#1304,.T.);
#898=EDGE_CURVE('',#1172,#1171,#142,.T.);
#899=EDGE_CURVE('',#1172,#1173,#1305,.T.);
#900=EDGE_CURVE('',#1174,#1173,#143,.T.);
#901=EDGE_CURVE('',#1175,#1174,#1306,.T.);
#902=EDGE_CURVE('',#1176,#1175,#144,.T.);
#903=EDGE_CURVE('',#1170,#1176,#1307,.T.);
#904=EDGE_CURVE('',#1177,#1178,#145,.T.);
#905=EDGE_CURVE('',#1177,#1179,#1308,.T.);
#906=EDGE_CURVE('',#1180,#1179,#146,.T.);
#907=EDGE_CURVE('',#1180,#1181,#1309,.T.);
#908=EDGE_CURVE('',#1182,#1181,#147,.T.);
#909=EDGE_CURVE('',#1183,#1182,#1310,.T.);
#910=EDGE_CURVE('',#1184,#1183,#148,.T.);
#911=EDGE_CURVE('',#1178,#1184,#1311,.T.);
#912=EDGE_CURVE('',#1185,#1186,#149,.T.);
#913=EDGE_CURVE('',#1185,#1187,#1312,.T.);
#914=EDGE_CURVE('',#1188,#1187,#150,.T.);
#915=EDGE_CURVE('',#1188,#1189,#1313,.T.);
#916=EDGE_CURVE('',#1190,#1189,#151,.T.);
#917=EDGE_CURVE('',#1191,#1190,#1314,.T.);
#918=EDGE_CURVE('',#1192,#1191,#152,.T.);
#919=EDGE_CURVE('',#1186,#1192,#1315,.T.);
#920=EDGE_CURVE('',#1193,#1194,#153,.T.);
#921=EDGE_CURVE('',#1193,#1195,#1316,.T.);
#922=EDGE_CURVE('',#1196,#1195,#154,.T.);
#923=EDGE_CURVE('',#1196,#1197,#1317,.T.);
#924=EDGE_CURVE('',#1198,#1197,#155,.T.);
#925=EDGE_CURVE('',#1199,#1198,#1318,.T.);
#926=EDGE_CURVE('',#1200,#1199,#156,.T.);
#927=EDGE_CURVE('',#1194,#1200,#1319,.T.);
#928=EDGE_CURVE('',#1201,#1202,#157,.T.);
#929=EDGE_CURVE('',#1201,#1203,#1320,.T.);
#930=EDGE_CURVE('',#1204,#1203,#158,.T.);
#931=EDGE_CURVE('',#1204,#1205,#1321,.T.);
#932=EDGE_CURVE('',#1206,#1205,#159,.T.);
#933=EDGE_CURVE('',#1207,#1206,#1322,.T.);
#934=EDGE_CURVE('',#1208,#1207,#160,.T.);
#935=EDGE_CURVE('',#1202,#1208,#1323,.T.);
#936=EDGE_CURVE('',#1209,#1159,#1324,.T.);
#937=EDGE_CURVE('',#1210,#1209,#1325,.T.);
#938=EDGE_CURVE('',#1210,#1160,#1326,.T.);
#939=EDGE_CURVE('',#1209,#1076,#161,.T.);
#940=EDGE_CURVE('',#1210,#1079,#162,.T.);
#941=EDGE_CURVE('',#1211,#1211,#163,.T.);
#942=EDGE_CURVE('',#1212,#1212,#164,.T.);
#943=EDGE_CURVE('',#1213,#1213,#165,.T.);
#944=EDGE_CURVE('',#1214,#1214,#166,.T.);
#945=EDGE_CURVE('',#1215,#1215,#167,.T.);
#946=EDGE_CURVE('',#1216,#1216,#168,.T.);
#947=EDGE_CURVE('',#1217,#1217,#169,.T.);
#948=EDGE_CURVE('',#1218,#1218,#170,.T.);
#949=EDGE_CURVE('',#1086,#1117,#1327,.T.);
#950=EDGE_CURVE('',#1085,#1115,#1328,.T.);
#951=EDGE_CURVE('',#1087,#1116,#1329,.T.);
#952=EDGE_CURVE('',#1088,#1122,#1330,.T.);
#953=EDGE_CURVE('',#1089,#1121,#1331,.T.);
#954=EDGE_CURVE('',#1090,#1120,#1332,.T.);
#955=EDGE_CURVE('',#1091,#1119,#1333,.T.);
#956=EDGE_CURVE('',#1092,#1118,#1334,.T.);
#957=EDGE_CURVE('',#1096,#1112,#1335,.T.);
#958=EDGE_CURVE('',#1097,#1111,#1336,.T.);
#959=EDGE_CURVE('',#1098,#1114,#1337,.T.);
#960=EDGE_CURVE('',#1095,#1113,#1338,.T.);
#961=EDGE_CURVE('',#1100,#1104,#1339,.T.);
#962=EDGE_CURVE('',#1101,#1103,#1340,.T.);
#963=EDGE_CURVE('',#1102,#1106,#1341,.T.);
#964=EDGE_CURVE('',#1099,#1105,#1342,.T.);
#965=EDGE_CURVE('',#1073,#1082,#1343,.T.);
#966=EDGE_CURVE('',#1074,#1081,#1344,.T.);
#967=EDGE_CURVE('',#1075,#1084,#1345,.T.);
#968=EDGE_CURVE('',#1072,#1083,#1346,.T.);
#969=EDGE_CURVE('',#1034,#1203,#1347,.T.);
#970=EDGE_CURVE('',#1033,#1201,#1348,.T.);
#971=EDGE_CURVE('',#1035,#1202,#1349,.T.);
#972=EDGE_CURVE('',#1036,#1208,#1350,.T.);
#973=EDGE_CURVE('',#1037,#1207,#1351,.T.);
#974=EDGE_CURVE('',#1038,#1206,#1352,.T.);
#975=EDGE_CURVE('',#1039,#1205,#1353,.T.);
#976=EDGE_CURVE('',#1040,#1204,#1354,.T.);
#977=EDGE_CURVE('',#1046,#1195,#1355,.T.);
#978=EDGE_CURVE('',#1045,#1193,#1356,.T.);
#979=EDGE_CURVE('',#1047,#1194,#1357,.T.);
#980=EDGE_CURVE('',#1048,#1200,#1358,.T.);
#981=EDGE_CURVE('',#1049,#1199,#1359,.T.);
#982=EDGE_CURVE('',#1050,#1198,#1360,.T.);
#983=EDGE_CURVE('',#1051,#1197,#1361,.T.);
#984=EDGE_CURVE('',#1052,#1196,#1362,.T.);
#985=EDGE_CURVE('',#1026,#1187,#1363,.T.);
#986=EDGE_CURVE('',#1025,#1185,#1364,.T.);
#987=EDGE_CURVE('',#1027,#1186,#1365,.T.);
#988=EDGE_CURVE('',#1028,#1192,#1366,.T.);
#989=EDGE_CURVE('',#1029,#1191,#1367,.T.);
#990=EDGE_CURVE('',#1030,#1190,#1368,.T.);
#991=EDGE_CURVE('',#1031,#1189,#1369,.T.);
#992=EDGE_CURVE('',#1032,#1188,#1370,.T.);
#993=EDGE_CURVE('',#1054,#1179,#1371,.T.);
#994=EDGE_CURVE('',#1053,#1177,#1372,.T.);
#995=EDGE_CURVE('',#1055,#1178,#1373,.T.);
#996=EDGE_CURVE('',#1056,#1184,#1374,.T.);
#997=EDGE_CURVE('',#1057,#1183,#1375,.T.);
#998=EDGE_CURVE('',#1058,#1182,#1376,.T.);
#999=EDGE_CURVE('',#1059,#1181,#1377,.T.);
#1000=EDGE_CURVE('',#1060,#1180,#1378,.T.);
#1001=EDGE_CURVE('',#1018,#1171,#1379,.T.);
#1002=EDGE_CURVE('',#1017,#1169,#1380,.T.);
#1003=EDGE_CURVE('',#1019,#1170,#1381,.T.);
#1004=EDGE_CURVE('',#1020,#1176,#1382,.T.);
#1005=EDGE_CURVE('',#1021,#1175,#1383,.T.);
#1006=EDGE_CURVE('',#1022,#1174,#1384,.T.);
#1007=EDGE_CURVE('',#1023,#1173,#1385,.T.);
#1008=EDGE_CURVE('',#1024,#1172,#1386,.T.);
#1009=EDGE_CURVE('',#1062,#1163,#1387,.T.);
#1010=EDGE_CURVE('',#1061,#1161,#1388,.T.);
#1011=EDGE_CURVE('',#1063,#1162,#1389,.T.);
#1012=EDGE_CURVE('',#1064,#1168,#1390,.T.);
#1013=EDGE_CURVE('',#1065,#1167,#1391,.T.);
#1014=EDGE_CURVE('',#1066,#1166,#1392,.T.);
#1015=EDGE_CURVE('',#1067,#1165,#1393,.T.);
#1016=EDGE_CURVE('',#1068,#1164,#1394,.T.);
#1017=VERTEX_POINT('',#3026);
#1018=VERTEX_POINT('',#3027);
#1019=VERTEX_POINT('',#3029);
#1020=VERTEX_POINT('',#3031);
#1021=VERTEX_POINT('',#3033);
#1022=VERTEX_POINT('',#3035);
#1023=VERTEX_POINT('',#3037);
#1024=VERTEX_POINT('',#3039);
#1025=VERTEX_POINT('',#3042);
#1026=VERTEX_POINT('',#3043);
#1027=VERTEX_POINT('',#3045);
#1028=VERTEX_POINT('',#3047);
#1029=VERTEX_POINT('',#3049);
#1030=VERTEX_POINT('',#3051);
#1031=VERTEX_POINT('',#3053);
#1032=VERTEX_POINT('',#3055);
#1033=VERTEX_POINT('',#3058);
#1034=VERTEX_POINT('',#3059);
#1035=VERTEX_POINT('',#3061);
#1036=VERTEX_POINT('',#3063);
#1037=VERTEX_POINT('',#3065);
#1038=VERTEX_POINT('',#3067);
#1039=VERTEX_POINT('',#3069);
#1040=VERTEX_POINT('',#3071);
#1041=VERTEX_POINT('',#3074);
#1042=VERTEX_POINT('',#3075);
#1043=VERTEX_POINT('',#3077);
#1044=VERTEX_POINT('',#3079);
#1045=VERTEX_POINT('',#3082);
#1046=VERTEX_POINT('',#3083);
#1047=VERTEX_POINT('',#3085);
#1048=VERTEX_POINT('',#3087);
#1049=VERTEX_POINT('',#3089);
#1050=VERTEX_POINT('',#3091);
#1051=VERTEX_POINT('',#3093);
#1052=VERTEX_POINT('',#3095);
#1053=VERTEX_POINT('',#3098);
#1054=VERTEX_POINT('',#3099);
#1055=VERTEX_POINT('',#3101);
#1056=VERTEX_POINT('',#3103);
#1057=VERTEX_POINT('',#3105);
#1058=VERTEX_POINT('',#3107);
#1059=VERTEX_POINT('',#3109);
#1060=VERTEX_POINT('',#3111);
#1061=VERTEX_POINT('',#3114);
#1062=VERTEX_POINT('',#3115);
#1063=VERTEX_POINT('',#3117);
#1064=VERTEX_POINT('',#3119);
#1065=VERTEX_POINT('',#3121);
#1066=VERTEX_POINT('',#3123);
#1067=VERTEX_POINT('',#3125);
#1068=VERTEX_POINT('',#3127);
#1069=VERTEX_POINT('',#3131);
#1070=VERTEX_POINT('',#3133);
#1071=VERTEX_POINT('',#3135);
#1072=VERTEX_POINT('',#3138);
#1073=VERTEX_POINT('',#3139);
#1074=VERTEX_POINT('',#3141);
#1075=VERTEX_POINT('',#3143);
#1076=VERTEX_POINT('',#3147);
#1077=VERTEX_POINT('',#3148);
#1078=VERTEX_POINT('',#3150);
#1079=VERTEX_POINT('',#3152);
#1080=VERTEX_POINT('',#3155);
#1081=VERTEX_POINT('',#3157);
#1082=VERTEX_POINT('',#3158);
#1083=VERTEX_POINT('',#3160);
#1084=VERTEX_POINT('',#3162);
#1085=VERTEX_POINT('',#3166);
#1086=VERTEX_POINT('',#3167);
#1087=VERTEX_POINT('',#3169);
#1088=VERTEX_POINT('',#3171);
#1089=VERTEX_POINT('',#3173);
#1090=VERTEX_POINT('',#3175);
#1091=VERTEX_POINT('',#3177);
#1092=VERTEX_POINT('',#3179);
#1093=VERTEX_POINT('',#3182);
#1094=VERTEX_POINT('',#3184);
#1095=VERTEX_POINT('',#3187);
#1096=VERTEX_POINT('',#3188);
#1097=VERTEX_POINT('',#3190);
#1098=VERTEX_POINT('',#3192);
#1099=VERTEX_POINT('',#3195);
#1100=VERTEX_POINT('',#3196);
#1101=VERTEX_POINT('',#3198);
#1102=VERTEX_POINT('',#3200);
#1103=VERTEX_POINT('',#3204);
#1104=VERTEX_POINT('',#3205);
#1105=VERTEX_POINT('',#3207);
#1106=VERTEX_POINT('',#3209);
#1107=VERTEX_POINT('',#3212);
#1108=VERTEX_POINT('',#3213);
#1109=VERTEX_POINT('',#3215);
#1110=VERTEX_POINT('',#3217);
#1111=VERTEX_POINT('',#3220);
#1112=VERTEX_POINT('',#3221);
#1113=VERTEX_POINT('',#3223);
#1114=VERTEX_POINT('',#3225);
#1115=VERTEX_POINT('',#3228);
#1116=VERTEX_POINT('',#3229);
#1117=VERTEX_POINT('',#3231);
#1118=VERTEX_POINT('',#3233);
#1119=VERTEX_POINT('',#3235);
#1120=VERTEX_POINT('',#3237);
#1121=VERTEX_POINT('',#3239);
#1122=VERTEX_POINT('',#3241);
#1123=VERTEX_POINT('',#3245);
#1124=VERTEX_POINT('',#3247);
#1125=VERTEX_POINT('',#3249);
#1126=VERTEX_POINT('',#3251);
#1127=VERTEX_POINT('',#3253);
#1128=VERTEX_POINT('',#3255);
#1129=VERTEX_POINT('',#3257);
#1130=VERTEX_POINT('',#3259);
#1131=VERTEX_POINT('',#3263);
#1132=VERTEX_POINT('',#3265);
#1133=VERTEX_POINT('',#3268);
#1134=VERTEX_POINT('',#3272);
#1135=VERTEX_POINT('',#3274);
#1136=VERTEX_POINT('',#3277);
#1137=VERTEX_POINT('',#3281);
#1138=VERTEX_POINT('',#3283);
#1139=VERTEX_POINT('',#3286);
#1140=VERTEX_POINT('',#3290);
#1141=VERTEX_POINT('',#3292);
#1142=VERTEX_POINT('',#3295);
#1143=VERTEX_POINT('',#3299);
#1144=VERTEX_POINT('',#3301);
#1145=VERTEX_POINT('',#3304);
#1146=VERTEX_POINT('',#3308);
#1147=VERTEX_POINT('',#3310);
#1148=VERTEX_POINT('',#3313);
#1149=VERTEX_POINT('',#3317);
#1150=VERTEX_POINT('',#3319);
#1151=VERTEX_POINT('',#3322);
#1152=VERTEX_POINT('',#3326);
#1153=VERTEX_POINT('',#3328);
#1154=VERTEX_POINT('',#3331);
#1155=VERTEX_POINT('',#3348);
#1156=VERTEX_POINT('',#3350);
#1157=VERTEX_POINT('',#3354);
#1158=VERTEX_POINT('',#3356);
#1159=VERTEX_POINT('',#3360);
#1160=VERTEX_POINT('',#3362);
#1161=VERTEX_POINT('',#3366);
#1162=VERTEX_POINT('',#3367);
#1163=VERTEX_POINT('',#3369);
#1164=VERTEX_POINT('',#3371);
#1165=VERTEX_POINT('',#3373);
#1166=VERTEX_POINT('',#3375);
#1167=VERTEX_POINT('',#3377);
#1168=VERTEX_POINT('',#3379);
#1169=VERTEX_POINT('',#3382);
#1170=VERTEX_POINT('',#3383);
#1171=VERTEX_POINT('',#3385);
#1172=VERTEX_POINT('',#3387);
#1173=VERTEX_POINT('',#3389);
#1174=VERTEX_POINT('',#3391);
#1175=VERTEX_POINT('',#3393);
#1176=VERTEX_POINT('',#3395);
#1177=VERTEX_POINT('',#3398);
#1178=VERTEX_POINT('',#3399);
#1179=VERTEX_POINT('',#3401);
#1180=VERTEX_POINT('',#3403);
#1181=VERTEX_POINT('',#3405);
#1182=VERTEX_POINT('',#3407);
#1183=VERTEX_POINT('',#3409);
#1184=VERTEX_POINT('',#3411);
#1185=VERTEX_POINT('',#3414);
#1186=VERTEX_POINT('',#3415);
#1187=VERTEX_POINT('',#3417);
#1188=VERTEX_POINT('',#3419);
#1189=VERTEX_POINT('',#3421);
#1190=VERTEX_POINT('',#3423);
#1191=VERTEX_POINT('',#3425);
#1192=VERTEX_POINT('',#3427);
#1193=VERTEX_POINT('',#3430);
#1194=VERTEX_POINT('',#3431);
#1195=VERTEX_POINT('',#3433);
#1196=VERTEX_POINT('',#3435);
#1197=VERTEX_POINT('',#3437);
#1198=VERTEX_POINT('',#3439);
#1199=VERTEX_POINT('',#3441);
#1200=VERTEX_POINT('',#3443);
#1201=VERTEX_POINT('',#3446);
#1202=VERTEX_POINT('',#3447);
#1203=VERTEX_POINT('',#3449);
#1204=VERTEX_POINT('',#3451);
#1205=VERTEX_POINT('',#3453);
#1206=VERTEX_POINT('',#3455);
#1207=VERTEX_POINT('',#3457);
#1208=VERTEX_POINT('',#3459);
#1209=VERTEX_POINT('',#3462);
#1210=VERTEX_POINT('',#3464);
#1211=VERTEX_POINT('',#3471);
#1212=VERTEX_POINT('',#3473);
#1213=VERTEX_POINT('',#3475);
#1214=VERTEX_POINT('',#3477);
#1215=VERTEX_POINT('',#3481);
#1216=VERTEX_POINT('',#3485);
#1217=VERTEX_POINT('',#3489);
#1218=VERTEX_POINT('',#3493);
#1219=LINE('',#3025,#1395);
#1220=LINE('',#3030,#1396);
#1221=LINE('',#3034,#1397);
#1222=LINE('',#3038,#1398);
#1223=LINE('',#3041,#1399);
#1224=LINE('',#3046,#1400);
#1225=LINE('',#3050,#1401);
#1226=LINE('',#3054,#1402);
#1227=LINE('',#3057,#1403);
#1228=LINE('',#3062,#1404);
#1229=LINE('',#3066,#1405);
#1230=LINE('',#3070,#1406);
#1231=LINE('',#3073,#1407);
#1232=LINE('',#3076,#1408);
#1233=LINE('',#3078,#1409);
#1234=LINE('',#3080,#1410);
#1235=LINE('',#3081,#1411);
#1236=LINE('',#3086,#1412);
#1237=LINE('',#3090,#1413);
#1238=LINE('',#3094,#1414);
#1239=LINE('',#3097,#1415);
#1240=LINE('',#3102,#1416);
#1241=LINE('',#3106,#1417);
#1242=LINE('',#3110,#1418);
#1243=LINE('',#3113,#1419);
#1244=LINE('',#3118,#1420);
#1245=LINE('',#3122,#1421);
#1246=LINE('',#3126,#1422);
#1247=LINE('',#3132,#1423);
#1248=LINE('',#3134,#1424);
#1249=LINE('',#3136,#1425);
#1250=LINE('',#3137,#1426);
#1251=LINE('',#3140,#1427);
#1252=LINE('',#3142,#1428);
#1253=LINE('',#3144,#1429);
#1254=LINE('',#3146,#1430);
#1255=LINE('',#3149,#1431);
#1256=LINE('',#3151,#1432);
#1257=LINE('',#3153,#1433);
#1258=LINE('',#3156,#1434);
#1259=LINE('',#3159,#1435);
#1260=LINE('',#3161,#1436);
#1261=LINE('',#3163,#1437);
#1262=LINE('',#3165,#1438);
#1263=LINE('',#3170,#1439);
#1264=LINE('',#3174,#1440);
#1265=LINE('',#3178,#1441);
#1266=LINE('',#3181,#1442);
#1267=LINE('',#3183,#1443);
#1268=LINE('',#3185,#1444);
#1269=LINE('',#3186,#1445);
#1270=LINE('',#3189,#1446);
#1271=LINE('',#3191,#1447);
#1272=LINE('',#3193,#1448);
#1273=LINE('',#3194,#1449);
#1274=LINE('',#3197,#1450);
#1275=LINE('',#3199,#1451);
#1276=LINE('',#3201,#1452);
#1277=LINE('',#3203,#1453);
#1278=LINE('',#3206,#1454);
#1279=LINE('',#3208,#1455);
#1280=LINE('',#3210,#1456);
#1281=LINE('',#3211,#1457);
#1282=LINE('',#3214,#1458);
#1283=LINE('',#3216,#1459);
#1284=LINE('',#3218,#1460);
#1285=LINE('',#3219,#1461);
#1286=LINE('',#3222,#1462);
#1287=LINE('',#3224,#1463);
#1288=LINE('',#3226,#1464);
#1289=LINE('',#3230,#1465);
#1290=LINE('',#3234,#1466);
#1291=LINE('',#3238,#1467);
#1292=LINE('',#3242,#1468);
#1293=LINE('',#3260,#1469);
#1294=LINE('',#3342,#1470);
#1295=LINE('',#3349,#1471);
#1296=LINE('',#3353,#1472);
#1297=LINE('',#3355,#1473);
#1298=LINE('',#3357,#1474);
#1299=LINE('',#3361,#1475);
#1300=LINE('',#3368,#1476);
#1301=LINE('',#3372,#1477);
#1302=LINE('',#3376,#1478);
#1303=LINE('',#3380,#1479);
#1304=LINE('',#3384,#1480);
#1305=LINE('',#3388,#1481);
#1306=LINE('',#3392,#1482);
#1307=LINE('',#3396,#1483);
#1308=LINE('',#3400,#1484);
#1309=LINE('',#3404,#1485);
#1310=LINE('',#3408,#1486);
#1311=LINE('',#3412,#1487);
#1312=LINE('',#3416,#1488);
#1313=LINE('',#3420,#1489);
#1314=LINE('',#3424,#1490);
#1315=LINE('',#3428,#1491);
#1316=LINE('',#3432,#1492);
#1317=LINE('',#3436,#1493);
#1318=LINE('',#3440,#1494);
#1319=LINE('',#3444,#1495);
#1320=LINE('',#3448,#1496);
#1321=LINE('',#3452,#1497);
#1322=LINE('',#3456,#1498);
#1323=LINE('',#3460,#1499);
#1324=LINE('',#3461,#1500);
#1325=LINE('',#3463,#1501);
#1326=LINE('',#3465,#1502);
#1327=LINE('',#3496,#1503);
#1328=LINE('',#3497,#1504);
#1329=LINE('',#3499,#1505);
#1330=LINE('',#3501,#1506);
#1331=LINE('',#3503,#1507);
#1332=LINE('',#3505,#1508);
#1333=LINE('',#3507,#1509);
#1334=LINE('',#3509,#1510);
#1335=LINE('',#3512,#1511);
#1336=LINE('',#3513,#1512);
#1337=LINE('',#3515,#1513);
#1338=LINE('',#3517,#1514);
#1339=LINE('',#3520,#1515);
#1340=LINE('',#3521,#1516);
#1341=LINE('',#3523,#1517);
#1342=LINE('',#3525,#1518);
#1343=LINE('',#3529,#1519);
#1344=LINE('',#3530,#1520);
#1345=LINE('',#3532,#1521);
#1346=LINE('',#3534,#1522);
#1347=LINE('',#3537,#1523);
#1348=LINE('',#3538,#1524);
#1349=LINE('',#3540,#1525);
#1350=LINE('',#3542,#1526);
#1351=LINE('',#3544,#1527);
#1352=LINE('',#3546,#1528);
#1353=LINE('',#3548,#1529);
#1354=LINE('',#3550,#1530);
#1355=LINE('',#3553,#1531);
#1356=LINE('',#3554,#1532);
#1357=LINE('',#3556,#1533);
#1358=LINE('',#3558,#1534);
#1359=LINE('',#3560,#1535);
#1360=LINE('',#3562,#1536);
#1361=LINE('',#3564,#1537);
#1362=LINE('',#3566,#1538);
#1363=LINE('',#3569,#1539);
#1364=LINE('',#3570,#1540);
#1365=LINE('',#3572,#1541);
#1366=LINE('',#3574,#1542);
#1367=LINE('',#3576,#1543);
#1368=LINE('',#3578,#1544);
#1369=LINE('',#3580,#1545);
#1370=LINE('',#3582,#1546);
#1371=LINE('',#3585,#1547);
#1372=LINE('',#3586,#1548);
#1373=LINE('',#3588,#1549);
#1374=LINE('',#3590,#1550);
#1375=LINE('',#3592,#1551);
#1376=LINE('',#3594,#1552);
#1377=LINE('',#3596,#1553);
#1378=LINE('',#3598,#1554);
#1379=LINE('',#3601,#1555);
#1380=LINE('',#3602,#1556);
#1381=LINE('',#3604,#1557);
#1382=LINE('',#3606,#1558);
#1383=LINE('',#3608,#1559);
#1384=LINE('',#3610,#1560);
#1385=LINE('',#3612,#1561);
#1386=LINE('',#3614,#1562);
#1387=LINE('',#3617,#1563);
#1388=LINE('',#3618,#1564);
#1389=LINE('',#3620,#1565);
#1390=LINE('',#3622,#1566);
#1391=LINE('',#3624,#1567);
#1392=LINE('',#3626,#1568);
#1393=LINE('',#3628,#1569);
#1394=LINE('',#3630,#1570);
#1395=VECTOR('',#2389,1.);
#1396=VECTOR('',#2392,1.);
#1397=VECTOR('',#2395,1.);
#1398=VECTOR('',#2398,1.);
#1399=VECTOR('',#2401,1.);
#1400=VECTOR('',#2404,1.);
#1401=VECTOR('',#2407,1.);
#1402=VECTOR('',#2410,1.);
#1403=VECTOR('',#2413,1.);
#1404=VECTOR('',#2416,1.);
#1405=VECTOR('',#2419,1.);
#1406=VECTOR('',#2422,1.);
#1407=VECTOR('',#2425,1.);
#1408=VECTOR('',#2426,1.);
#1409=VECTOR('',#2427,1.);
#1410=VECTOR('',#2428,1.);
#1411=VECTOR('',#2429,1.);
#1412=VECTOR('',#2432,1.);
#1413=VECTOR('',#2435,1.);
#1414=VECTOR('',#2438,1.);
#1415=VECTOR('',#2441,1.);
#1416=VECTOR('',#2444,1.);
#1417=VECTOR('',#2447,1.);
#1418=VECTOR('',#2450,1.);
#1419=VECTOR('',#2453,1.);
#1420=VECTOR('',#2456,1.);
#1421=VECTOR('',#2459,1.);
#1422=VECTOR('',#2462,1.);
#1423=VECTOR('',#2469,1.);
#1424=VECTOR('',#2470,1.);
#1425=VECTOR('',#2471,1.);
#1426=VECTOR('',#2472,1.);
#1427=VECTOR('',#2473,1.);
#1428=VECTOR('',#2474,1.);
#1429=VECTOR('',#2475,1.);
#1430=VECTOR('',#2478,1.);
#1431=VECTOR('',#2479,1.);
#1432=VECTOR('',#2480,1.);
#1433=VECTOR('',#2481,1.);
#1434=VECTOR('',#2484,1.);
#1435=VECTOR('',#2485,1.);
#1436=VECTOR('',#2486,1.);
#1437=VECTOR('',#2487,1.);
#1438=VECTOR('',#2490,1.);
#1439=VECTOR('',#2493,1.);
#1440=VECTOR('',#2496,1.);
#1441=VECTOR('',#2499,1.);
#1442=VECTOR('',#2502,1.);
#1443=VECTOR('',#2503,1.);
#1444=VECTOR('',#2504,1.);
#1445=VECTOR('',#2505,1.);
#1446=VECTOR('',#2506,1.);
#1447=VECTOR('',#2507,1.);
#1448=VECTOR('',#2508,1.);
#1449=VECTOR('',#2509,1.);
#1450=VECTOR('',#2510,1.);
#1451=VECTOR('',#2511,1.);
#1452=VECTOR('',#2512,1.);
#1453=VECTOR('',#2515,1.);
#1454=VECTOR('',#2516,1.);
#1455=VECTOR('',#2517,1.);
#1456=VECTOR('',#2518,1.);
#1457=VECTOR('',#2519,1.);
#1458=VECTOR('',#2520,1.);
#1459=VECTOR('',#2521,1.);
#1460=VECTOR('',#2522,1.);
#1461=VECTOR('',#2523,1.);
#1462=VECTOR('',#2524,1.);
#1463=VECTOR('',#2525,1.);
#1464=VECTOR('',#2526,1.);
#1465=VECTOR('',#2529,1.);
#1466=VECTOR('',#2532,1.);
#1467=VECTOR('',#2535,1.);
#1468=VECTOR('',#2538,1.);
#1469=VECTOR('',#2557,1.);
#1470=VECTOR('',#2672,1.);
#1471=VECTOR('',#2683,1.);
#1472=VECTOR('',#2688,1.);
#1473=VECTOR('',#2689,1.);
#1474=VECTOR('',#2690,1.);
#1475=VECTOR('',#2695,1.);
#1476=VECTOR('',#2702,1.);
#1477=VECTOR('',#2705,1.);
#1478=VECTOR('',#2708,1.);
#1479=VECTOR('',#2711,1.);
#1480=VECTOR('',#2714,1.);
#1481=VECTOR('',#2717,1.);
#1482=VECTOR('',#2720,1.);
#1483=VECTOR('',#2723,1.);
#1484=VECTOR('',#2726,1.);
#1485=VECTOR('',#2729,1.);
#1486=VECTOR('',#2732,1.);
#1487=VECTOR('',#2735,1.);
#1488=VECTOR('',#2738,1.);
#1489=VECTOR('',#2741,1.);
#1490=VECTOR('',#2744,1.);
#1491=VECTOR('',#2747,1.);
#1492=VECTOR('',#2750,1.);
#1493=VECTOR('',#2753,1.);
#1494=VECTOR('',#2756,1.);
#1495=VECTOR('',#2759,1.);
#1496=VECTOR('',#2762,1.);
#1497=VECTOR('',#2765,1.);
#1498=VECTOR('',#2768,1.);
#1499=VECTOR('',#2771,1.);
#1500=VECTOR('',#2772,1.);
#1501=VECTOR('',#2773,1.);
#1502=VECTOR('',#2774,1.);
#1503=VECTOR('',#2819,1.);
#1504=VECTOR('',#2820,1.);
#1505=VECTOR('',#2823,1.);
#1506=VECTOR('',#2826,1.);
#1507=VECTOR('',#2829,1.);
#1508=VECTOR('',#2832,1.);
#1509=VECTOR('',#2835,1.);
#1510=VECTOR('',#2838,1.);
#1511=VECTOR('',#2843,1.);
#1512=VECTOR('',#2844,1.);
#1513=VECTOR('',#2847,1.);
#1514=VECTOR('',#2850,1.);
#1515=VECTOR('',#2855,1.);
#1516=VECTOR('',#2856,1.);
#1517=VECTOR('',#2859,1.);
#1518=VECTOR('',#2862,1.);
#1519=VECTOR('',#2869,1.);
#1520=VECTOR('',#2870,1.);
#1521=VECTOR('',#2873,1.);
#1522=VECTOR('',#2876,1.);
#1523=VECTOR('',#2881,1.);
#1524=VECTOR('',#2882,1.);
#1525=VECTOR('',#2885,1.);
#1526=VECTOR('',#2888,1.);
#1527=VECTOR('',#2891,1.);
#1528=VECTOR('',#2894,1.);
#1529=VECTOR('',#2897,1.);
#1530=VECTOR('',#2900,1.);
#1531=VECTOR('',#2905,1.);
#1532=VECTOR('',#2906,1.);
#1533=VECTOR('',#2909,1.);
#1534=VECTOR('',#2912,1.);
#1535=VECTOR('',#2915,1.);
#1536=VECTOR('',#2918,1.);
#1537=VECTOR('',#2921,1.);
#1538=VECTOR('',#2924,1.);
#1539=VECTOR('',#2929,1.);
#1540=VECTOR('',#2930,1.);
#1541=VECTOR('',#2933,1.);
#1542=VECTOR('',#2936,1.);
#1543=VECTOR('',#2939,1.);
#1544=VECTOR('',#2942,1.);
#1545=VECTOR('',#2945,1.);
#1546=VECTOR('',#2948,1.);
#1547=VECTOR('',#2953,1.);
#1548=VECTOR('',#2954,1.);
#1549=VECTOR('',#2957,1.);
#1550=VECTOR('',#2960,1.);
#1551=VECTOR('',#2963,1.);
#1552=VECTOR('',#2966,1.);
#1553=VECTOR('',#2969,1.);
#1554=VECTOR('',#2972,1.);
#1555=VECTOR('',#2977,1.);
#1556=VECTOR('',#2978,1.);
#1557=VECTOR('',#2981,1.);
#1558=VECTOR('',#2984,1.);
#1559=VECTOR('',#2987,1.);
#1560=VECTOR('',#2990,1.);
#1561=VECTOR('',#2993,1.);
#1562=VECTOR('',#2996,1.);
#1563=VECTOR('',#3001,1.);
#1564=VECTOR('',#3002,1.);
#1565=VECTOR('',#3005,1.);
#1566=VECTOR('',#3008,1.);
#1567=VECTOR('',#3011,1.);
#1568=VECTOR('',#3014,1.);
#1569=VECTOR('',#3017,1.);
#1570=VECTOR('',#3020,1.);
#1571=EDGE_LOOP('',(#171,#172,#173,#174,#175,#176,#177,#178));
#1572=EDGE_LOOP('',(#179,#180,#181,#182,#183,#184,#185,#186));
#1573=EDGE_LOOP('',(#187,#188,#189,#190,#191,#192,#193,#194));
#1574=EDGE_LOOP('',(#195,#196,#197,#198));
#1575=EDGE_LOOP('',(#199,#200,#201,#202,#203,#204,#205,#206));
#1576=EDGE_LOOP('',(#207,#208,#209,#210,#211,#212,#213,#214));
#1577=EDGE_LOOP('',(#215,#216,#217,#218,#219,#220,#221,#222));
#1578=EDGE_LOOP('',(#223));
#1579=EDGE_LOOP('',(#224,#225,#226,#227));
#1580=EDGE_LOOP('',(#228,#229,#230,#231));
#1581=EDGE_LOOP('',(#232,#233,#234,#235));
#1582=EDGE_LOOP('',(#236));
#1583=EDGE_LOOP('',(#237,#238,#239,#240));
#1584=EDGE_LOOP('',(#241,#242,#243,#244,#245,#246,#247,#248));
#1585=EDGE_LOOP('',(#249,#250,#251,#252));
#1586=EDGE_LOOP('',(#253,#254,#255,#256));
#1587=EDGE_LOOP('',(#257,#258,#259,#260));
#1588=EDGE_LOOP('',(#261,#262,#263,#264));
#1589=EDGE_LOOP('',(#265,#266,#267,#268));
#1590=EDGE_LOOP('',(#269,#270,#271,#272));
#1591=EDGE_LOOP('',(#273,#274,#275,#276,#277,#278,#279,#280));
#1592=EDGE_LOOP('',(#281));
#1593=EDGE_LOOP('',(#282));
#1594=EDGE_LOOP('',(#283));
#1595=EDGE_LOOP('',(#284));
#1596=EDGE_LOOP('',(#285));
#1597=EDGE_LOOP('',(#286));
#1598=EDGE_LOOP('',(#287));
#1599=EDGE_LOOP('',(#288));
#1600=EDGE_LOOP('',(#289,#290,#291,#292));
#1601=EDGE_LOOP('',(#293));
#1602=EDGE_LOOP('',(#294));
#1603=EDGE_LOOP('',(#295));
#1604=EDGE_LOOP('',(#296));
#1605=EDGE_LOOP('',(#297));
#1606=EDGE_LOOP('',(#298));
#1607=EDGE_LOOP('',(#299));
#1608=EDGE_LOOP('',(#300));
#1609=EDGE_LOOP('',(#301));
#1610=EDGE_LOOP('',(#302));
#1611=EDGE_LOOP('',(#303));
#1612=EDGE_LOOP('',(#304));
#1613=EDGE_LOOP('',(#305));
#1614=EDGE_LOOP('',(#306));
#1615=EDGE_LOOP('',(#307));
#1616=EDGE_LOOP('',(#308));
#1617=EDGE_LOOP('',(#309));
#1618=EDGE_LOOP('',(#310));
#1619=EDGE_LOOP('',(#311));
#1620=EDGE_LOOP('',(#312));
#1621=EDGE_LOOP('',(#313));
#1622=EDGE_LOOP('',(#314));
#1623=EDGE_LOOP('',(#315));
#1624=EDGE_LOOP('',(#316));
#1625=EDGE_LOOP('',(#317));
#1626=EDGE_LOOP('',(#318));
#1627=EDGE_LOOP('',(#319));
#1628=EDGE_LOOP('',(#320));
#1629=EDGE_LOOP('',(#321));
#1630=EDGE_LOOP('',(#322));
#1631=EDGE_LOOP('',(#323));
#1632=EDGE_LOOP('',(#324));
#1633=EDGE_LOOP('',(#325));
#1634=EDGE_LOOP('',(#326));
#1635=EDGE_LOOP('',(#327));
#1636=EDGE_LOOP('',(#328));
#1637=EDGE_LOOP('',(#329));
#1638=EDGE_LOOP('',(#330));
#1639=EDGE_LOOP('',(#331));
#1640=EDGE_LOOP('',(#332));
#1641=EDGE_LOOP('',(#333));
#1642=EDGE_LOOP('',(#334));
#1643=EDGE_LOOP('',(#335));
#1644=EDGE_LOOP('',(#336));
#1645=EDGE_LOOP('',(#337));
#1646=EDGE_LOOP('',(#338));
#1647=EDGE_LOOP('',(#339));
#1648=EDGE_LOOP('',(#340));
#1649=EDGE_LOOP('',(#341));
#1650=EDGE_LOOP('',(#342));
#1651=EDGE_LOOP('',(#343));
#1652=EDGE_LOOP('',(#344));
#1653=EDGE_LOOP('',(#345));
#1654=EDGE_LOOP('',(#346));
#1655=EDGE_LOOP('',(#347));
#1656=EDGE_LOOP('',(#348));
#1657=EDGE_LOOP('',(#349,#350,#351,#352));
#1658=EDGE_LOOP('',(#353,#354,#355,#356));
#1659=EDGE_LOOP('',(#357,#358,#359,#360));
#1660=EDGE_LOOP('',(#361,#362,#363,#364));
#1661=EDGE_LOOP('',(#365,#366,#367,#368));
#1662=EDGE_LOOP('',(#369,#370,#371,#372,#373,#374,#375,#376));
#1663=EDGE_LOOP('',(#377,#378,#379,#380,#381,#382,#383,#384));
#1664=EDGE_LOOP('',(#385,#386,#387,#388,#389,#390,#391,#392));
#1665=EDGE_LOOP('',(#393,#394,#395,#396,#397,#398,#399,#400));
#1666=EDGE_LOOP('',(#401,#402,#403,#404,#405,#406,#407,#408));
#1667=EDGE_LOOP('',(#409,#410,#411,#412,#413,#414,#415,#416));
#1668=EDGE_LOOP('',(#417,#418,#419,#420));
#1669=EDGE_LOOP('',(#421,#422,#423,#424));
#1670=EDGE_LOOP('',(#425));
#1671=EDGE_LOOP('',(#426));
#1672=EDGE_LOOP('',(#427));
#1673=EDGE_LOOP('',(#428));
#1674=EDGE_LOOP('',(#429,#430,#431,#432));
#1675=EDGE_LOOP('',(#433,#434,#435,#436,#437,#438,#439,#440));
#1676=EDGE_LOOP('',(#441,#442,#443,#444,#445,#446,#447,#448));
#1677=EDGE_LOOP('',(#449));
#1678=EDGE_LOOP('',(#450));
#1679=EDGE_LOOP('',(#451));
#1680=EDGE_LOOP('',(#452));
#1681=EDGE_LOOP('',(#453));
#1682=EDGE_LOOP('',(#454));
#1683=EDGE_LOOP('',(#455));
#1684=EDGE_LOOP('',(#456));
#1685=EDGE_LOOP('',(#457));
#1686=EDGE_LOOP('',(#458));
#1687=EDGE_LOOP('',(#459));
#1688=EDGE_LOOP('',(#460));
#1689=EDGE_LOOP('',(#461,#462,#463,#464));
#1690=EDGE_LOOP('',(#465,#466,#467,#468));
#1691=EDGE_LOOP('',(#469,#470,#471,#472));
#1692=EDGE_LOOP('',(#473,#474,#475,#476));
#1693=EDGE_LOOP('',(#477,#478,#479,#480));
#1694=EDGE_LOOP('',(#481,#482,#483,#484));
#1695=EDGE_LOOP('',(#485,#486,#487,#488));
#1696=EDGE_LOOP('',(#489,#490,#491,#492));
#1697=EDGE_LOOP('',(#493,#494,#495,#496));
#1698=EDGE_LOOP('',(#497,#498,#499,#500));
#1699=EDGE_LOOP('',(#501,#502,#503,#504));
#1700=EDGE_LOOP('',(#505,#506,#507,#508));
#1701=EDGE_LOOP('',(#509,#510,#511,#512));
#1702=EDGE_LOOP('',(#513,#514,#515,#516));
#1703=EDGE_LOOP('',(#517,#518,#519,#520));
#1704=EDGE_LOOP('',(#521,#522,#523,#524));
#1705=EDGE_LOOP('',(#525));
#1706=EDGE_LOOP('',(#526));
#1707=EDGE_LOOP('',(#527,#528,#529,#530));
#1708=EDGE_LOOP('',(#531,#532,#533,#534));
#1709=EDGE_LOOP('',(#535,#536,#537,#538));
#1710=EDGE_LOOP('',(#539,#540,#541,#542));
#1711=EDGE_LOOP('',(#543,#544,#545,#546));
#1712=EDGE_LOOP('',(#547,#548,#549,#550));
#1713=EDGE_LOOP('',(#551,#552,#553,#554));
#1714=EDGE_LOOP('',(#555,#556,#557,#558));
#1715=EDGE_LOOP('',(#559,#560,#561,#562));
#1716=EDGE_LOOP('',(#563,#564,#565,#566));
#1717=EDGE_LOOP('',(#567,#568,#569,#570));
#1718=EDGE_LOOP('',(#571,#572,#573,#574));
#1719=EDGE_LOOP('',(#575,#576,#577,#578));
#1720=EDGE_LOOP('',(#579,#580,#581,#582));
#1721=EDGE_LOOP('',(#583,#584,#585,#586));
#1722=EDGE_LOOP('',(#587,#588,#589,#590));
#1723=EDGE_LOOP('',(#591,#592,#593,#594));
#1724=EDGE_LOOP('',(#595,#596,#597,#598));
#1725=EDGE_LOOP('',(#599,#600,#601,#602));
#1726=EDGE_LOOP('',(#603,#604,#605,#606));
#1727=EDGE_LOOP('',(#607,#608,#609,#610));
#1728=EDGE_LOOP('',(#611,#612,#613,#614));
#1729=EDGE_LOOP('',(#615,#616,#617,#618));
#1730=EDGE_LOOP('',(#619,#620,#621,#622));
#1731=EDGE_LOOP('',(#623,#624,#625,#626));
#1732=EDGE_LOOP('',(#627,#628,#629,#630));
#1733=EDGE_LOOP('',(#631,#632,#633,#634));
#1734=EDGE_LOOP('',(#635,#636,#637,#638));
#1735=EDGE_LOOP('',(#639,#640,#641,#642));
#1736=EDGE_LOOP('',(#643,#644,#645,#646));
#1737=EDGE_LOOP('',(#647,#648,#649,#650));
#1738=EDGE_LOOP('',(#651,#652,#653,#654));
#1739=EDGE_LOOP('',(#655,#656,#657,#658));
#1740=EDGE_LOOP('',(#659,#660,#661,#662));
#1741=EDGE_LOOP('',(#663,#664,#665,#666));
#1742=EDGE_LOOP('',(#667,#668,#669,#670));
#1743=EDGE_LOOP('',(#671,#672,#673,#674));
#1744=EDGE_LOOP('',(#675,#676,#677,#678));
#1745=EDGE_LOOP('',(#679,#680,#681,#682));
#1746=EDGE_LOOP('',(#683,#684,#685,#686));
#1747=EDGE_LOOP('',(#687,#688,#689,#690));
#1748=EDGE_LOOP('',(#691,#692,#693,#694));
#1749=EDGE_LOOP('',(#695,#696,#697,#698));
#1750=EDGE_LOOP('',(#699,#700,#701,#702));
#1751=EDGE_LOOP('',(#703,#704,#705,#706));
#1752=EDGE_LOOP('',(#707,#708,#709,#710));
#1753=EDGE_LOOP('',(#711,#712,#713,#714));
#1754=EDGE_LOOP('',(#715,#716,#717,#718));
#1755=EDGE_LOOP('',(#719,#720,#721,#722));
#1756=EDGE_LOOP('',(#723,#724,#725,#726));
#1757=EDGE_LOOP('',(#727,#728,#729,#730));
#1758=EDGE_LOOP('',(#731,#732,#733,#734));
#1759=FACE_BOUND('',#1571,.T.);
#1760=FACE_BOUND('',#1572,.T.);
#1761=FACE_BOUND('',#1573,.T.);
#1762=FACE_BOUND('',#1574,.T.);
#1763=FACE_BOUND('',#1575,.T.);
#1764=FACE_BOUND('',#1576,.T.);
#1765=FACE_BOUND('',#1577,.T.);
#1766=FACE_BOUND('',#1578,.T.);
#1767=FACE_BOUND('',#1579,.T.);
#1768=FACE_BOUND('',#1580,.T.);
#1769=FACE_BOUND('',#1581,.T.);
#1770=FACE_BOUND('',#1582,.T.);
#1771=FACE_BOUND('',#1583,.T.);
#1772=FACE_BOUND('',#1584,.T.);
#1773=FACE_BOUND('',#1585,.T.);
#1774=FACE_BOUND('',#1586,.T.);
#1775=FACE_BOUND('',#1587,.T.);
#1776=FACE_BOUND('',#1588,.T.);
#1777=FACE_BOUND('',#1589,.T.);
#1778=FACE_BOUND('',#1590,.T.);
#1779=FACE_BOUND('',#1591,.T.);
#1780=FACE_BOUND('',#1592,.T.);
#1781=FACE_BOUND('',#1593,.T.);
#1782=FACE_BOUND('',#1594,.T.);
#1783=FACE_BOUND('',#1595,.T.);
#1784=FACE_BOUND('',#1596,.T.);
#1785=FACE_BOUND('',#1597,.T.);
#1786=FACE_BOUND('',#1598,.T.);
#1787=FACE_BOUND('',#1599,.T.);
#1788=FACE_BOUND('',#1600,.T.);
#1789=FACE_BOUND('',#1601,.T.);
#1790=FACE_BOUND('',#1602,.T.);
#1791=FACE_BOUND('',#1603,.T.);
#1792=FACE_BOUND('',#1604,.T.);
#1793=FACE_BOUND('',#1605,.T.);
#1794=FACE_BOUND('',#1606,.T.);
#1795=FACE_BOUND('',#1607,.T.);
#1796=FACE_BOUND('',#1608,.T.);
#1797=FACE_BOUND('',#1609,.T.);
#1798=FACE_BOUND('',#1610,.T.);
#1799=FACE_BOUND('',#1611,.T.);
#1800=FACE_BOUND('',#1612,.T.);
#1801=FACE_BOUND('',#1613,.T.);
#1802=FACE_BOUND('',#1614,.T.);
#1803=FACE_BOUND('',#1615,.T.);
#1804=FACE_BOUND('',#1616,.T.);
#1805=FACE_BOUND('',#1617,.T.);
#1806=FACE_BOUND('',#1618,.T.);
#1807=FACE_BOUND('',#1619,.T.);
#1808=FACE_BOUND('',#1620,.T.);
#1809=FACE_BOUND('',#1621,.T.);
#1810=FACE_BOUND('',#1622,.T.);
#1811=FACE_BOUND('',#1623,.T.);
#1812=FACE_BOUND('',#1624,.T.);
#1813=FACE_BOUND('',#1625,.T.);
#1814=FACE_BOUND('',#1626,.T.);
#1815=FACE_BOUND('',#1627,.T.);
#1816=FACE_BOUND('',#1628,.T.);
#1817=FACE_BOUND('',#1629,.T.);
#1818=FACE_BOUND('',#1630,.T.);
#1819=FACE_BOUND('',#1631,.T.);
#1820=FACE_BOUND('',#1632,.T.);
#1821=FACE_BOUND('',#1633,.T.);
#1822=FACE_BOUND('',#1634,.T.);
#1823=FACE_BOUND('',#1635,.T.);
#1824=FACE_BOUND('',#1636,.T.);
#1825=FACE_BOUND('',#1637,.T.);
#1826=FACE_BOUND('',#1638,.T.);
#1827=FACE_BOUND('',#1639,.T.);
#1828=FACE_BOUND('',#1640,.T.);
#1829=FACE_BOUND('',#1641,.T.);
#1830=FACE_BOUND('',#1642,.T.);
#1831=FACE_BOUND('',#1643,.T.);
#1832=FACE_BOUND('',#1644,.T.);
#1833=FACE_BOUND('',#1645,.T.);
#1834=FACE_BOUND('',#1646,.T.);
#1835=FACE_BOUND('',#1647,.T.);
#1836=FACE_BOUND('',#1648,.T.);
#1837=FACE_BOUND('',#1649,.T.);
#1838=FACE_BOUND('',#1650,.T.);
#1839=FACE_BOUND('',#1651,.T.);
#1840=FACE_BOUND('',#1652,.T.);
#1841=FACE_BOUND('',#1653,.T.);
#1842=FACE_BOUND('',#1654,.T.);
#1843=FACE_BOUND('',#1655,.T.);
#1844=FACE_BOUND('',#1656,.T.);
#1845=FACE_BOUND('',#1657,.T.);
#1846=FACE_BOUND('',#1658,.T.);
#1847=FACE_BOUND('',#1659,.T.);
#1848=FACE_BOUND('',#1660,.T.);
#1849=FACE_BOUND('',#1661,.T.);
#1850=FACE_BOUND('',#1662,.T.);
#1851=FACE_BOUND('',#1663,.T.);
#1852=FACE_BOUND('',#1664,.T.);
#1853=FACE_BOUND('',#1665,.T.);
#1854=FACE_BOUND('',#1666,.T.);
#1855=FACE_BOUND('',#1667,.T.);
#1856=FACE_BOUND('',#1668,.T.);
#1857=FACE_BOUND('',#1669,.T.);
#1858=FACE_BOUND('',#1670,.T.);
#1859=FACE_BOUND('',#1671,.T.);
#1860=FACE_BOUND('',#1672,.T.);
#1861=FACE_BOUND('',#1673,.T.);
#1862=FACE_BOUND('',#1674,.T.);
#1863=FACE_BOUND('',#1675,.T.);
#1864=FACE_BOUND('',#1676,.T.);
#1865=FACE_BOUND('',#1677,.T.);
#1866=FACE_BOUND('',#1678,.T.);
#1867=FACE_BOUND('',#1679,.T.);
#1868=FACE_BOUND('',#1680,.T.);
#1869=FACE_BOUND('',#1681,.T.);
#1870=FACE_BOUND('',#1682,.T.);
#1871=FACE_BOUND('',#1683,.T.);
#1872=FACE_BOUND('',#1684,.T.);
#1873=FACE_BOUND('',#1685,.T.);
#1874=FACE_BOUND('',#1686,.T.);
#1875=FACE_BOUND('',#1687,.T.);
#1876=FACE_BOUND('',#1688,.T.);
#1877=FACE_BOUND('',#1689,.T.);
#1878=FACE_BOUND('',#1690,.T.);
#1879=FACE_BOUND('',#1691,.T.);
#1880=FACE_BOUND('',#1692,.T.);
#1881=FACE_BOUND('',#1693,.T.);
#1882=FACE_BOUND('',#1694,.T.);
#1883=FACE_BOUND('',#1695,.T.);
#1884=FACE_BOUND('',#1696,.T.);
#1885=FACE_BOUND('',#1697,.T.);
#1886=FACE_BOUND('',#1698,.T.);
#1887=FACE_BOUND('',#1699,.T.);
#1888=FACE_BOUND('',#1700,.T.);
#1889=FACE_BOUND('',#1701,.T.);
#1890=FACE_BOUND('',#1702,.T.);
#1891=FACE_BOUND('',#1703,.T.);
#1892=FACE_BOUND('',#1704,.T.);
#1893=FACE_BOUND('',#1705,.T.);
#1894=FACE_BOUND('',#1706,.T.);
#1895=FACE_BOUND('',#1707,.T.);
#1896=FACE_BOUND('',#1708,.T.);
#1897=FACE_BOUND('',#1709,.T.);
#1898=FACE_BOUND('',#1710,.T.);
#1899=FACE_BOUND('',#1711,.T.);
#1900=FACE_BOUND('',#1712,.T.);
#1901=FACE_BOUND('',#1713,.T.);
#1902=FACE_BOUND('',#1714,.T.);
#1903=FACE_BOUND('',#1715,.T.);
#1904=FACE_BOUND('',#1716,.T.);
#1905=FACE_BOUND('',#1717,.T.);
#1906=FACE_BOUND('',#1718,.T.);
#1907=FACE_BOUND('',#1719,.T.);
#1908=FACE_BOUND('',#1720,.T.);
#1909=FACE_BOUND('',#1721,.T.);
#1910=FACE_BOUND('',#1722,.T.);
#1911=FACE_BOUND('',#1723,.T.);
#1912=FACE_BOUND('',#1724,.T.);
#1913=FACE_BOUND('',#1725,.T.);
#1914=FACE_BOUND('',#1726,.T.);
#1915=FACE_BOUND('',#1727,.T.);
#1916=FACE_BOUND('',#1728,.T.);
#1917=FACE_BOUND('',#1729,.T.);
#1918=FACE_BOUND('',#1730,.T.);
#1919=FACE_BOUND('',#1731,.T.);
#1920=FACE_BOUND('',#1732,.T.);
#1921=FACE_BOUND('',#1733,.T.);
#1922=FACE_BOUND('',#1734,.T.);
#1923=FACE_BOUND('',#1735,.T.);
#1924=FACE_BOUND('',#1736,.T.);
#1925=FACE_BOUND('',#1737,.T.);
#1926=FACE_BOUND('',#1738,.T.);
#1927=FACE_BOUND('',#1739,.T.);
#1928=FACE_BOUND('',#1740,.T.);
#1929=FACE_BOUND('',#1741,.T.);
#1930=FACE_BOUND('',#1742,.T.);
#1931=FACE_BOUND('',#1743,.T.);
#1932=FACE_BOUND('',#1744,.T.);
#1933=FACE_BOUND('',#1745,.T.);
#1934=FACE_BOUND('',#1746,.T.);
#1935=FACE_BOUND('',#1747,.T.);
#1936=FACE_BOUND('',#1748,.T.);
#1937=FACE_BOUND('',#1749,.T.);
#1938=FACE_BOUND('',#1750,.T.);
#1939=FACE_BOUND('',#1751,.T.);
#1940=FACE_BOUND('',#1752,.T.);
#1941=FACE_BOUND('',#1753,.T.);
#1942=FACE_BOUND('',#1754,.T.);
#1943=FACE_BOUND('',#1755,.T.);
#1944=FACE_BOUND('',#1756,.T.);
#1945=FACE_BOUND('',#1757,.T.);
#1946=FACE_BOUND('',#1758,.T.);
#1947=PLANE('',#2155);
#1948=PLANE('',#2180);
#1949=PLANE('',#2182);
#1950=PLANE('',#2184);
#1951=PLANE('',#2189);
#1952=PLANE('',#2194);
#1953=PLANE('',#2208);
#1954=PLANE('',#2214);
#1955=PLANE('',#2220);
#1956=PLANE('',#2226);
#1957=PLANE('',#2232);
#1958=PLANE('',#2238);
#1959=PLANE('',#2244);
#1960=PLANE('',#2250);
#1961=PLANE('',#2251);
#1962=PLANE('',#2252);
#1963=PLANE('',#2253);
#1964=PLANE('',#2254);
#1965=PLANE('',#2255);
#1966=PLANE('',#2256);
#1967=PLANE('',#2257);
#1968=PLANE('',#2258);
#1969=PLANE('',#2259);
#1970=PLANE('',#2266);
#1971=PLANE('',#2270);
#1972=PLANE('',#2298);
#1973=PLANE('',#2303);
#1974=PLANE('',#2306);
#1975=PLANE('',#2309);
#1976=PLANE('',#2312);
#1977=PLANE('',#2315);
#1978=PLANE('',#2316);
#1979=PLANE('',#2318);
#1980=PLANE('',#2320);
#1981=PLANE('',#2322);
#1982=PLANE('',#2324);
#1983=PLANE('',#2325);
#1984=PLANE('',#2326);
#1985=PLANE('',#2327);
#1986=PLANE('',#2328);
#1987=PLANE('',#2329);
#1988=PLANE('',#2330);
#1989=PLANE('',#2331);
#1990=PLANE('',#2333);
#1991=PLANE('',#2334);
#1992=PLANE('',#2335);
#1993=PLANE('',#2336);
#1994=PLANE('',#2337);
#1995=PLANE('',#2339);
#1996=PLANE('',#2341);
#1997=PLANE('',#2343);
#1998=PLANE('',#2345);
#1999=PLANE('',#2347);
#2000=PLANE('',#2349);
#2001=PLANE('',#2351);
#2002=PLANE('',#2353);
#2003=PLANE('',#2355);
#2004=PLANE('',#2357);
#2005=PLANE('',#2359);
#2006=PLANE('',#2361);
#2007=PLANE('',#2363);
#2008=PLANE('',#2365);
#2009=PLANE('',#2367);
#2010=PLANE('',#2369);
#2011=PLANE('',#2371);
#2012=PLANE('',#2373);
#2013=PLANE('',#2375);
#2014=PLANE('',#2377);
#2015=PLANE('',#2379);
#2016=PLANE('',#2381);
#2017=PLANE('',#2383);
#2018=ADVANCED_FACE('',(#1759,#1760,#1761,#1762,#1763,#1764,#1765),#1947,
 .F.);
#2019=ADVANCED_FACE('',(#1766,#1767,#1768),#1948,.T.);
#2020=ADVANCED_FACE('',(#1769,#1770,#1771),#1949,.F.);
#2021=ADVANCED_FACE('',(#1772,#1773,#1774,#1775),#1950,.T.);
#2022=ADVANCED_FACE('',(#1776,#1777,#1778,#1779),#1951,.F.);
#2023=ADVANCED_FACE('',(#1780,#1781,#1782,#1783,#1784,#1785,#1786,#1787,
#1788),#1952,.T.);
#2024=ADVANCED_FACE('',(#1789,#1790),#12,.F.);
#2025=ADVANCED_FACE('',(#1791,#1792),#13,.T.);
#2026=ADVANCED_FACE('',(#1793,#1794),#1953,.T.);
#2027=ADVANCED_FACE('',(#1795,#1796),#14,.F.);
#2028=ADVANCED_FACE('',(#1797,#1798),#15,.T.);
#2029=ADVANCED_FACE('',(#1799,#1800),#1954,.T.);
#2030=ADVANCED_FACE('',(#1801,#1802),#16,.F.);
#2031=ADVANCED_FACE('',(#1803,#1804),#17,.T.);
#2032=ADVANCED_FACE('',(#1805,#1806),#1955,.T.);
#2033=ADVANCED_FACE('',(#1807,#1808),#18,.F.);
#2034=ADVANCED_FACE('',(#1809,#1810),#19,.T.);
#2035=ADVANCED_FACE('',(#1811,#1812),#1956,.T.);
#2036=ADVANCED_FACE('',(#1813,#1814),#20,.F.);
#2037=ADVANCED_FACE('',(#1815,#1816),#21,.T.);
#2038=ADVANCED_FACE('',(#1817,#1818),#1957,.T.);
#2039=ADVANCED_FACE('',(#1819,#1820),#22,.F.);
#2040=ADVANCED_FACE('',(#1821,#1822),#23,.T.);
#2041=ADVANCED_FACE('',(#1823,#1824),#1958,.T.);
#2042=ADVANCED_FACE('',(#1825,#1826),#24,.F.);
#2043=ADVANCED_FACE('',(#1827,#1828),#25,.T.);
#2044=ADVANCED_FACE('',(#1829,#1830),#1959,.T.);
#2045=ADVANCED_FACE('',(#1831,#1832),#26,.F.);
#2046=ADVANCED_FACE('',(#1833,#1834),#27,.T.);
#2047=ADVANCED_FACE('',(#1835,#1836),#1960,.T.);
#2048=ADVANCED_FACE('',(#1837),#1961,.T.);
#2049=ADVANCED_FACE('',(#1838),#1962,.T.);
#2050=ADVANCED_FACE('',(#1839),#1963,.T.);
#2051=ADVANCED_FACE('',(#1840),#1964,.T.);
#2052=ADVANCED_FACE('',(#1841),#1965,.T.);
#2053=ADVANCED_FACE('',(#1842),#1966,.T.);
#2054=ADVANCED_FACE('',(#1843),#1967,.T.);
#2055=ADVANCED_FACE('',(#1844),#1968,.T.);
#2056=ADVANCED_FACE('',(#1845),#1969,.F.);
#2057=ADVANCED_FACE('',(#1846),#28,.T.);
#2058=ADVANCED_FACE('',(#1847),#29,.T.);
#2059=ADVANCED_FACE('',(#1848),#1970,.T.);
#2060=ADVANCED_FACE('',(#1849),#30,.T.);
#2061=ADVANCED_FACE('',(#1850,#1851,#1852,#1853,#1854,#1855,#1856),#1971,
 .T.);
#2062=ADVANCED_FACE('',(#1857),#31,.T.);
#2063=ADVANCED_FACE('',(#1858,#1859,#1860,#1861,#1862,#1863),#1972,.T.);
#2064=ADVANCED_FACE('',(#1864),#1973,.F.);
#2065=ADVANCED_FACE('',(#1865,#1866),#32,.F.);
#2066=ADVANCED_FACE('',(#1867),#1974,.T.);
#2067=ADVANCED_FACE('',(#1868,#1869),#33,.F.);
#2068=ADVANCED_FACE('',(#1870),#1975,.T.);
#2069=ADVANCED_FACE('',(#1871,#1872),#34,.F.);
#2070=ADVANCED_FACE('',(#1873),#1976,.T.);
#2071=ADVANCED_FACE('',(#1874,#1875),#35,.F.);
#2072=ADVANCED_FACE('',(#1876),#1977,.T.);
#2073=ADVANCED_FACE('',(#1877),#1978,.F.);
#2074=ADVANCED_FACE('',(#1878),#36,.F.);
#2075=ADVANCED_FACE('',(#1879),#1979,.F.);
#2076=ADVANCED_FACE('',(#1880),#37,.F.);
#2077=ADVANCED_FACE('',(#1881),#1980,.T.);
#2078=ADVANCED_FACE('',(#1882),#38,.F.);
#2079=ADVANCED_FACE('',(#1883),#1981,.T.);
#2080=ADVANCED_FACE('',(#1884),#39,.F.);
#2081=ADVANCED_FACE('',(#1885),#1982,.T.);
#2082=ADVANCED_FACE('',(#1886),#1983,.F.);
#2083=ADVANCED_FACE('',(#1887),#1984,.F.);
#2084=ADVANCED_FACE('',(#1888),#1985,.T.);
#2085=ADVANCED_FACE('',(#1889),#1986,.T.);
#2086=ADVANCED_FACE('',(#1890),#1987,.F.);
#2087=ADVANCED_FACE('',(#1891),#1988,.F.);
#2088=ADVANCED_FACE('',(#1892),#1989,.T.);
#2089=ADVANCED_FACE('',(#1893,#1894),#40,.F.);
#2090=ADVANCED_FACE('',(#1895),#1990,.T.);
#2091=ADVANCED_FACE('',(#1896),#1991,.F.);
#2092=ADVANCED_FACE('',(#1897),#1992,.F.);
#2093=ADVANCED_FACE('',(#1898),#1993,.T.);
#2094=ADVANCED_FACE('',(#1899),#1994,.T.);
#2095=ADVANCED_FACE('',(#1900),#41,.F.);
#2096=ADVANCED_FACE('',(#1901),#1995,.F.);
#2097=ADVANCED_FACE('',(#1902),#42,.F.);
#2098=ADVANCED_FACE('',(#1903),#1996,.F.);
#2099=ADVANCED_FACE('',(#1904),#43,.F.);
#2100=ADVANCED_FACE('',(#1905),#1997,.T.);
#2101=ADVANCED_FACE('',(#1906),#44,.F.);
#2102=ADVANCED_FACE('',(#1907),#1998,.T.);
#2103=ADVANCED_FACE('',(#1908),#45,.F.);
#2104=ADVANCED_FACE('',(#1909),#1999,.F.);
#2105=ADVANCED_FACE('',(#1910),#46,.F.);
#2106=ADVANCED_FACE('',(#1911),#2000,.F.);
#2107=ADVANCED_FACE('',(#1912),#47,.F.);
#2108=ADVANCED_FACE('',(#1913),#2001,.T.);
#2109=ADVANCED_FACE('',(#1914),#48,.F.);
#2110=ADVANCED_FACE('',(#1915),#2002,.T.);
#2111=ADVANCED_FACE('',(#1916),#49,.F.);
#2112=ADVANCED_FACE('',(#1917),#2003,.F.);
#2113=ADVANCED_FACE('',(#1918),#50,.F.);
#2114=ADVANCED_FACE('',(#1919),#2004,.F.);
#2115=ADVANCED_FACE('',(#1920),#51,.F.);
#2116=ADVANCED_FACE('',(#1921),#2005,.T.);
#2117=ADVANCED_FACE('',(#1922),#52,.F.);
#2118=ADVANCED_FACE('',(#1923),#2006,.T.);
#2119=ADVANCED_FACE('',(#1924),#53,.F.);
#2120=ADVANCED_FACE('',(#1925),#2007,.F.);
#2121=ADVANCED_FACE('',(#1926),#54,.F.);
#2122=ADVANCED_FACE('',(#1927),#2008,.F.);
#2123=ADVANCED_FACE('',(#1928),#55,.F.);
#2124=ADVANCED_FACE('',(#1929),#2009,.T.);
#2125=ADVANCED_FACE('',(#1930),#56,.F.);
#2126=ADVANCED_FACE('',(#1931),#2010,.T.);
#2127=ADVANCED_FACE('',(#1932),#57,.F.);
#2128=ADVANCED_FACE('',(#1933),#2011,.F.);
#2129=ADVANCED_FACE('',(#1934),#58,.F.);
#2130=ADVANCED_FACE('',(#1935),#2012,.F.);
#2131=ADVANCED_FACE('',(#1936),#59,.F.);
#2132=ADVANCED_FACE('',(#1937),#2013,.T.);
#2133=ADVANCED_FACE('',(#1938),#60,.F.);
#2134=ADVANCED_FACE('',(#1939),#2014,.T.);
#2135=ADVANCED_FACE('',(#1940),#61,.F.);
#2136=ADVANCED_FACE('',(#1941),#2015,.F.);
#2137=ADVANCED_FACE('',(#1942),#62,.F.);
#2138=ADVANCED_FACE('',(#1943),#2016,.F.);
#2139=ADVANCED_FACE('',(#1944),#63,.F.);
#2140=ADVANCED_FACE('',(#1945),#2017,.T.);
#2141=ADVANCED_FACE('',(#1946),#64,.F.);
#2142=CLOSED_SHELL('',(#2018,#2019,#2020,#2021,#2022,#2023,#2024,#2025,
#2026,#2027,#2028,#2029,#2030,#2031,#2032,#2033,#2034,#2035,#2036,#2037,
#2038,#2039,#2040,#2041,#2042,#2043,#2044,#2045,#2046,#2047,#2048,#2049,
#2050,#2051,#2052,#2053,#2054,#2055,#2056,#2057,#2058,#2059,#2060,#2061,
#2062,#2063,#2064,#2065,#2066,#2067,#2068,#2069,#2070,#2071,#2072,#2073,
#2074,#2075,#2076,#2077,#2078,#2079,#2080,#2081,#2082,#2083,#2084,#2085,
#2086,#2087,#2088,#2089,#2090,#2091,#2092,#2093,#2094,#2095,#2096,#2097,
#2098,#2099,#2100,#2101,#2102,#2103,#2104,#2105,#2106,#2107,#2108,#2109,
#2110,#2111,#2112,#2113,#2114,#2115,#2116,#2117,#2118,#2119,#2120,#2121,
#2122,#2123,#2124,#2125,#2126,#2127,#2128,#2129,#2130,#2131,#2132,#2133,
#2134,#2135,#2136,#2137,#2138,#2139,#2140,#2141));
#2143=STYLED_ITEM('',(#2144),#2151);
#2144=PRESENTATION_STYLE_ASSIGNMENT((#2145));
#2145=SURFACE_STYLE_USAGE(.BOTH.,#2146);
#2146=SURFACE_SIDE_STYLE('',(#2147));
#2147=SURFACE_STYLE_FILL_AREA(#2148);
#2148=FILL_AREA_STYLE('',(#2149));
#2149=FILL_AREA_STYLE_COLOUR('',#2150);
#2150=COLOUR_RGB('',0.2,0.2,0.2);
#2151=MANIFOLD_SOLID_BREP('bottom case',#2142);
#2152=SHAPE_DEFINITION_REPRESENTATION(#3638,#2153);
#2153=SHAPE_REPRESENTATION('bottom case',(#2154),#3633);
#2154=AXIS2_PLACEMENT_3D('',#3023,#2385,#2386);
#2155=AXIS2_PLACEMENT_3D('',#3024,#2387,#2388);
#2156=AXIS2_PLACEMENT_3D('',#3028,#2390,#2391);
#2157=AXIS2_PLACEMENT_3D('',#3032,#2393,#2394);
#2158=AXIS2_PLACEMENT_3D('',#3036,#2396,#2397);
#2159=AXIS2_PLACEMENT_3D('',#3040,#2399,#2400);
#2160=AXIS2_PLACEMENT_3D('',#3044,#2402,#2403);
#2161=AXIS2_PLACEMENT_3D('',#3048,#2405,#2406);
#2162=AXIS2_PLACEMENT_3D('',#3052,#2408,#2409);
#2163=AXIS2_PLACEMENT_3D('',#3056,#2411,#2412);
#2164=AXIS2_PLACEMENT_3D('',#3060,#2414,#2415);
#2165=AXIS2_PLACEMENT_3D('',#3064,#2417,#2418);
#2166=AXIS2_PLACEMENT_3D('',#3068,#2420,#2421);
#2167=AXIS2_PLACEMENT_3D('',#3072,#2423,#2424);
#2168=AXIS2_PLACEMENT_3D('',#3084,#2430,#2431);
#2169=AXIS2_PLACEMENT_3D('',#3088,#2433,#2434);
#2170=AXIS2_PLACEMENT_3D('',#3092,#2436,#2437);
#2171=AXIS2_PLACEMENT_3D('',#3096,#2439,#2440);
#2172=AXIS2_PLACEMENT_3D('',#3100,#2442,#2443);
#2173=AXIS2_PLACEMENT_3D('',#3104,#2445,#2446);
#2174=AXIS2_PLACEMENT_3D('',#3108,#2448,#2449);
#2175=AXIS2_PLACEMENT_3D('',#3112,#2451,#2452);
#2176=AXIS2_PLACEMENT_3D('',#3116,#2454,#2455);
#2177=AXIS2_PLACEMENT_3D('',#3120,#2457,#2458);
#2178=AXIS2_PLACEMENT_3D('',#3124,#2460,#2461);
#2179=AXIS2_PLACEMENT_3D('',#3128,#2463,#2464);
#2180=AXIS2_PLACEMENT_3D('',#3129,#2465,#2466);
#2181=AXIS2_PLACEMENT_3D('',#3130,#2467,#2468);
#2182=AXIS2_PLACEMENT_3D('',#3145,#2476,#2477);
#2183=AXIS2_PLACEMENT_3D('',#3154,#2482,#2483);
#2184=AXIS2_PLACEMENT_3D('',#3164,#2488,#2489);
#2185=AXIS2_PLACEMENT_3D('',#3168,#2491,#2492);
#2186=AXIS2_PLACEMENT_3D('',#3172,#2494,#2495);
#2187=AXIS2_PLACEMENT_3D('',#3176,#2497,#2498);
#2188=AXIS2_PLACEMENT_3D('',#3180,#2500,#2501);
#2189=AXIS2_PLACEMENT_3D('',#3202,#2513,#2514);
#2190=AXIS2_PLACEMENT_3D('',#3227,#2527,#2528);
#2191=AXIS2_PLACEMENT_3D('',#3232,#2530,#2531);
#2192=AXIS2_PLACEMENT_3D('',#3236,#2533,#2534);
#2193=AXIS2_PLACEMENT_3D('',#3240,#2536,#2537);
#2194=AXIS2_PLACEMENT_3D('',#3243,#2539,#2540);
#2195=AXIS2_PLACEMENT_3D('',#3244,#2541,#2542);
#2196=AXIS2_PLACEMENT_3D('',#3246,#2543,#2544);
#2197=AXIS2_PLACEMENT_3D('',#3248,#2545,#2546);
#2198=AXIS2_PLACEMENT_3D('',#3250,#2547,#2548);
#2199=AXIS2_PLACEMENT_3D('',#3252,#2549,#2550);
#2200=AXIS2_PLACEMENT_3D('',#3254,#2551,#2552);
#2201=AXIS2_PLACEMENT_3D('',#3256,#2553,#2554);
#2202=AXIS2_PLACEMENT_3D('',#3258,#2555,#2556);
#2203=AXIS2_PLACEMENT_3D('',#3261,#2558,#2559);
#2204=AXIS2_PLACEMENT_3D('',#3262,#2560,#2561);
#2205=AXIS2_PLACEMENT_3D('',#3264,#2562,#2563);
#2206=AXIS2_PLACEMENT_3D('',#3266,#2564,#2565);
#2207=AXIS2_PLACEMENT_3D('',#3267,#2566,#2567);
#2208=AXIS2_PLACEMENT_3D('',#3269,#2568,#2569);
#2209=AXIS2_PLACEMENT_3D('',#3270,#2570,#2571);
#2210=AXIS2_PLACEMENT_3D('',#3271,#2572,#2573);
#2211=AXIS2_PLACEMENT_3D('',#3273,#2574,#2575);
#2212=AXIS2_PLACEMENT_3D('',#3275,#2576,#2577);
#2213=AXIS2_PLACEMENT_3D('',#3276,#2578,#2579);
#2214=AXIS2_PLACEMENT_3D('',#3278,#2580,#2581);
#2215=AXIS2_PLACEMENT_3D('',#3279,#2582,#2583);
#2216=AXIS2_PLACEMENT_3D('',#3280,#2584,#2585);
#2217=AXIS2_PLACEMENT_3D('',#3282,#2586,#2587);
#2218=AXIS2_PLACEMENT_3D('',#3284,#2588,#2589);
#2219=AXIS2_PLACEMENT_3D('',#3285,#2590,#2591);
#2220=AXIS2_PLACEMENT_3D('',#3287,#2592,#2593);
#2221=AXIS2_PLACEMENT_3D('',#3288,#2594,#2595);
#2222=AXIS2_PLACEMENT_3D('',#3289,#2596,#2597);
#2223=AXIS2_PLACEMENT_3D('',#3291,#2598,#2599);
#2224=AXIS2_PLACEMENT_3D('',#3293,#2600,#2601);
#2225=AXIS2_PLACEMENT_3D('',#3294,#2602,#2603);
#2226=AXIS2_PLACEMENT_3D('',#3296,#2604,#2605);
#2227=AXIS2_PLACEMENT_3D('',#3297,#2606,#2607);
#2228=AXIS2_PLACEMENT_3D('',#3298,#2608,#2609);
#2229=AXIS2_PLACEMENT_3D('',#3300,#2610,#2611);
#2230=AXIS2_PLACEMENT_3D('',#3302,#2612,#2613);
#2231=AXIS2_PLACEMENT_3D('',#3303,#2614,#2615);
#2232=AXIS2_PLACEMENT_3D('',#3305,#2616,#2617);
#2233=AXIS2_PLACEMENT_3D('',#3306,#2618,#2619);
#2234=AXIS2_PLACEMENT_3D('',#3307,#2620,#2621);
#2235=AXIS2_PLACEMENT_3D('',#3309,#2622,#2623);
#2236=AXIS2_PLACEMENT_3D('',#3311,#2624,#2625);
#2237=AXIS2_PLACEMENT_3D('',#3312,#2626,#2627);
#2238=AXIS2_PLACEMENT_3D('',#3314,#2628,#2629);
#2239=AXIS2_PLACEMENT_3D('',#3315,#2630,#2631);
#2240=AXIS2_PLACEMENT_3D('',#3316,#2632,#2633);
#2241=AXIS2_PLACEMENT_3D('',#3318,#2634,#2635);
#2242=AXIS2_PLACEMENT_3D('',#3320,#2636,#2637);
#2243=AXIS2_PLACEMENT_3D('',#3321,#2638,#2639);
#2244=AXIS2_PLACEMENT_3D('',#3323,#2640,#2641);
#2245=AXIS2_PLACEMENT_3D('',#3324,#2642,#2643);
#2246=AXIS2_PLACEMENT_3D('',#3325,#2644,#2645);
#2247=AXIS2_PLACEMENT_3D('',#3327,#2646,#2647);
#2248=AXIS2_PLACEMENT_3D('',#3329,#2648,#2649);
#2249=AXIS2_PLACEMENT_3D('',#3330,#2650,#2651);
#2250=AXIS2_PLACEMENT_3D('',#3332,#2652,#2653);
#2251=AXIS2_PLACEMENT_3D('',#3333,#2654,#2655);
#2252=AXIS2_PLACEMENT_3D('',#3334,#2656,#2657);
#2253=AXIS2_PLACEMENT_3D('',#3335,#2658,#2659);
#2254=AXIS2_PLACEMENT_3D('',#3336,#2660,#2661);
#2255=AXIS2_PLACEMENT_3D('',#3337,#2662,#2663);
#2256=AXIS2_PLACEMENT_3D('',#3338,#2664,#2665);
#2257=AXIS2_PLACEMENT_3D('',#3339,#2666,#2667);
#2258=AXIS2_PLACEMENT_3D('',#3340,#2668,#2669);
#2259=AXIS2_PLACEMENT_3D('',#3341,#2670,#2671);
#2260=AXIS2_PLACEMENT_3D('',#3343,#2673,#2674);
#2261=AXIS2_PLACEMENT_3D('',#3344,#2675,#2676);
#2262=AXIS2_PLACEMENT_3D('',#3345,#2677,#2678);
#2263=AXIS2_PLACEMENT_3D('',#3346,#2679,#2680);
#2264=AXIS2_PLACEMENT_3D('',#3347,#2681,#2682);
#2265=AXIS2_PLACEMENT_3D('',#3351,#2684,#2685);
#2266=AXIS2_PLACEMENT_3D('',#3352,#2686,#2687);
#2267=AXIS2_PLACEMENT_3D('',#3358,#2691,#2692);
#2268=AXIS2_PLACEMENT_3D('',#3359,#2693,#2694);
#2269=AXIS2_PLACEMENT_3D('',#3363,#2696,#2697);
#2270=AXIS2_PLACEMENT_3D('',#3364,#2698,#2699);
#2271=AXIS2_PLACEMENT_3D('',#3365,#2700,#2701);
#2272=AXIS2_PLACEMENT_3D('',#3370,#2703,#2704);
#2273=AXIS2_PLACEMENT_3D('',#3374,#2706,#2707);
#2274=AXIS2_PLACEMENT_3D('',#3378,#2709,#2710);
#2275=AXIS2_PLACEMENT_3D('',#3381,#2712,#2713);
#2276=AXIS2_PLACEMENT_3D('',#3386,#2715,#2716);
#2277=AXIS2_PLACEMENT_3D('',#3390,#2718,#2719);
#2278=AXIS2_PLACEMENT_3D('',#3394,#2721,#2722);
#2279=AXIS2_PLACEMENT_3D('',#3397,#2724,#2725);
#2280=AXIS2_PLACEMENT_3D('',#3402,#2727,#2728);
#2281=AXIS2_PLACEMENT_3D('',#3406,#2730,#2731);
#2282=AXIS2_PLACEMENT_3D('',#3410,#2733,#2734);
#2283=AXIS2_PLACEMENT_3D('',#3413,#2736,#2737);
#2284=AXIS2_PLACEMENT_3D('',#3418,#2739,#2740);
#2285=AXIS2_PLACEMENT_3D('',#3422,#2742,#2743);
#2286=AXIS2_PLACEMENT_3D('',#3426,#2745,#2746);
#2287=AXIS2_PLACEMENT_3D('',#3429,#2748,#2749);
#2288=AXIS2_PLACEMENT_3D('',#3434,#2751,#2752);
#2289=AXIS2_PLACEMENT_3D('',#3438,#2754,#2755);
#2290=AXIS2_PLACEMENT_3D('',#3442,#2757,#2758);
#2291=AXIS2_PLACEMENT_3D('',#3445,#2760,#2761);
#2292=AXIS2_PLACEMENT_3D('',#3450,#2763,#2764);
#2293=AXIS2_PLACEMENT_3D('',#3454,#2766,#2767);
#2294=AXIS2_PLACEMENT_3D('',#3458,#2769,#2770);
#2295=AXIS2_PLACEMENT_3D('',#3466,#2775,#2776);
#2296=AXIS2_PLACEMENT_3D('',#3467,#2777,#2778);
#2297=AXIS2_PLACEMENT_3D('',#3468,#2779,#2780);
#2298=AXIS2_PLACEMENT_3D('',#3469,#2781,#2782);
#2299=AXIS2_PLACEMENT_3D('',#3470,#2783,#2784);
#2300=AXIS2_PLACEMENT_3D('',#3472,#2785,#2786);
#2301=AXIS2_PLACEMENT_3D('',#3474,#2787,#2788);
#2302=AXIS2_PLACEMENT_3D('',#3476,#2789,#2790);
#2303=AXIS2_PLACEMENT_3D('',#3478,#2791,#2792);
#2304=AXIS2_PLACEMENT_3D('',#3479,#2793,#2794);
#2305=AXIS2_PLACEMENT_3D('',#3480,#2795,#2796);
#2306=AXIS2_PLACEMENT_3D('',#3482,#2797,#2798);
#2307=AXIS2_PLACEMENT_3D('',#3483,#2799,#2800);
#2308=AXIS2_PLACEMENT_3D('',#3484,#2801,#2802);
#2309=AXIS2_PLACEMENT_3D('',#3486,#2803,#2804);
#2310=AXIS2_PLACEMENT_3D('',#3487,#2805,#2806);
#2311=AXIS2_PLACEMENT_3D('',#3488,#2807,#2808);
#2312=AXIS2_PLACEMENT_3D('',#3490,#2809,#2810);
#2313=AXIS2_PLACEMENT_3D('',#3491,#2811,#2812);
#2314=AXIS2_PLACEMENT_3D('',#3492,#2813,#2814);
#2315=AXIS2_PLACEMENT_3D('',#3494,#2815,#2816);
#2316=AXIS2_PLACEMENT_3D('',#3495,#2817,#2818);
#2317=AXIS2_PLACEMENT_3D('',#3498,#2821,#2822);
#2318=AXIS2_PLACEMENT_3D('',#3500,#2824,#2825);
#2319=AXIS2_PLACEMENT_3D('',#3502,#2827,#2828);
#2320=AXIS2_PLACEMENT_3D('',#3504,#2830,#2831);
#2321=AXIS2_PLACEMENT_3D('',#3506,#2833,#2834);
#2322=AXIS2_PLACEMENT_3D('',#3508,#2836,#2837);
#2323=AXIS2_PLACEMENT_3D('',#3510,#2839,#2840);
#2324=AXIS2_PLACEMENT_3D('',#3511,#2841,#2842);
#2325=AXIS2_PLACEMENT_3D('',#3514,#2845,#2846);
#2326=AXIS2_PLACEMENT_3D('',#3516,#2848,#2849);
#2327=AXIS2_PLACEMENT_3D('',#3518,#2851,#2852);
#2328=AXIS2_PLACEMENT_3D('',#3519,#2853,#2854);
#2329=AXIS2_PLACEMENT_3D('',#3522,#2857,#2858);
#2330=AXIS2_PLACEMENT_3D('',#3524,#2860,#2861);
#2331=AXIS2_PLACEMENT_3D('',#3526,#2863,#2864);
#2332=AXIS2_PLACEMENT_3D('',#3527,#2865,#2866);
#2333=AXIS2_PLACEMENT_3D('',#3528,#2867,#2868);
#2334=AXIS2_PLACEMENT_3D('',#3531,#2871,#2872);
#2335=AXIS2_PLACEMENT_3D('',#3533,#2874,#2875);
#2336=AXIS2_PLACEMENT_3D('',#3535,#2877,#2878);
#2337=AXIS2_PLACEMENT_3D('',#3536,#2879,#2880);
#2338=AXIS2_PLACEMENT_3D('',#3539,#2883,#2884);
#2339=AXIS2_PLACEMENT_3D('',#3541,#2886,#2887);
#2340=AXIS2_PLACEMENT_3D('',#3543,#2889,#2890);
#2341=AXIS2_PLACEMENT_3D('',#3545,#2892,#2893);
#2342=AXIS2_PLACEMENT_3D('',#3547,#2895,#2896);
#2343=AXIS2_PLACEMENT_3D('',#3549,#2898,#2899);
#2344=AXIS2_PLACEMENT_3D('',#3551,#2901,#2902);
#2345=AXIS2_PLACEMENT_3D('',#3552,#2903,#2904);
#2346=AXIS2_PLACEMENT_3D('',#3555,#2907,#2908);
#2347=AXIS2_PLACEMENT_3D('',#3557,#2910,#2911);
#2348=AXIS2_PLACEMENT_3D('',#3559,#2913,#2914);
#2349=AXIS2_PLACEMENT_3D('',#3561,#2916,#2917);
#2350=AXIS2_PLACEMENT_3D('',#3563,#2919,#2920);
#2351=AXIS2_PLACEMENT_3D('',#3565,#2922,#2923);
#2352=AXIS2_PLACEMENT_3D('',#3567,#2925,#2926);
#2353=AXIS2_PLACEMENT_3D('',#3568,#2927,#2928);
#2354=AXIS2_PLACEMENT_3D('',#3571,#2931,#2932);
#2355=AXIS2_PLACEMENT_3D('',#3573,#2934,#2935);
#2356=AXIS2_PLACEMENT_3D('',#3575,#2937,#2938);
#2357=AXIS2_PLACEMENT_3D('',#3577,#2940,#2941);
#2358=AXIS2_PLACEMENT_3D('',#3579,#2943,#2944);
#2359=AXIS2_PLACEMENT_3D('',#3581,#2946,#2947);
#2360=AXIS2_PLACEMENT_3D('',#3583,#2949,#2950);
#2361=AXIS2_PLACEMENT_3D('',#3584,#2951,#2952);
#2362=AXIS2_PLACEMENT_3D('',#3587,#2955,#2956);
#2363=AXIS2_PLACEMENT_3D('',#3589,#2958,#2959);
#2364=AXIS2_PLACEMENT_3D('',#3591,#2961,#2962);
#2365=AXIS2_PLACEMENT_3D('',#3593,#2964,#2965);
#2366=AXIS2_PLACEMENT_3D('',#3595,#2967,#2968);
#2367=AXIS2_PLACEMENT_3D('',#3597,#2970,#2971);
#2368=AXIS2_PLACEMENT_3D('',#3599,#2973,#2974);
#2369=AXIS2_PLACEMENT_3D('',#3600,#2975,#2976);
#2370=AXIS2_PLACEMENT_3D('',#3603,#2979,#2980);
#2371=AXIS2_PLACEMENT_3D('',#3605,#2982,#2983);
#2372=AXIS2_PLACEMENT_3D('',#3607,#2985,#2986);
#2373=AXIS2_PLACEMENT_3D('',#3609,#2988,#2989);
#2374=AXIS2_PLACEMENT_3D('',#3611,#2991,#2992);
#2375=AXIS2_PLACEMENT_3D('',#3613,#2994,#2995);
#2376=AXIS2_PLACEMENT_3D('',#3615,#2997,#2998);
#2377=AXIS2_PLACEMENT_3D('',#3616,#2999,#3000);
#2378=AXIS2_PLACEMENT_3D('',#3619,#3003,#3004);
#2379=AXIS2_PLACEMENT_3D('',#3621,#3006,#3007);
#2380=AXIS2_PLACEMENT_3D('',#3623,#3009,#3010);
#2381=AXIS2_PLACEMENT_3D('',#3625,#3012,#3013);
#2382=AXIS2_PLACEMENT_3D('',#3627,#3015,#3016);
#2383=AXIS2_PLACEMENT_3D('',#3629,#3018,#3019);
#2384=AXIS2_PLACEMENT_3D('',#3631,#3021,#3022);
#2385=DIRECTION('',(0.,0.,1.));
#2386=DIRECTION('',(1.,0.,0.));
#2387=DIRECTION('',(0.,1.,0.));
#2388=DIRECTION('',(0.,0.,1.));
#2389=DIRECTION('',(-1.,0.,0.));
#2390=DIRECTION('',(0.,1.,0.));
#2391=DIRECTION('',(0.,0.,1.));
#2392=DIRECTION('',(0.,0.,-1.));
#2393=DIRECTION('',(0.,1.,0.));
#2394=DIRECTION('',(0.,0.,1.));
#2395=DIRECTION('',(-1.,0.,0.));
#2396=DIRECTION('',(0.,1.,0.));
#2397=DIRECTION('',(0.,0.,1.));
#2398=DIRECTION('',(0.,0.,-1.));
#2399=DIRECTION('',(0.,1.,0.));
#2400=DIRECTION('',(0.,0.,1.));
#2401=DIRECTION('',(-1.,0.,0.));
#2402=DIRECTION('',(0.,1.,0.));
#2403=DIRECTION('',(0.,0.,1.));
#2404=DIRECTION('',(-6.19544098563147E-17,0.,-1.));
#2405=DIRECTION('',(0.,1.,0.));
#2406=DIRECTION('',(0.,0.,1.));
#2407=DIRECTION('',(-1.,0.,0.));
#2408=DIRECTION('',(0.,1.,0.));
#2409=DIRECTION('',(0.,0.,1.));
#2410=DIRECTION('',(-6.19544098563147E-17,0.,-1.));
#2411=DIRECTION('',(0.,1.,0.));
#2412=DIRECTION('',(0.,0.,1.));
#2413=DIRECTION('',(-1.,0.,0.));
#2414=DIRECTION('',(0.,1.,0.));
#2415=DIRECTION('',(0.,0.,1.));
#2416=DIRECTION('',(0.,0.,-1.));
#2417=DIRECTION('',(0.,1.,0.));
#2418=DIRECTION('',(0.,0.,1.));
#2419=DIRECTION('',(-1.,0.,0.));
#2420=DIRECTION('',(0.,1.,0.));
#2421=DIRECTION('',(0.,0.,1.));
#2422=DIRECTION('',(0.,0.,-1.));
#2423=DIRECTION('',(0.,1.,0.));
#2424=DIRECTION('',(0.,0.,1.));
#2425=DIRECTION('',(0.,0.,-1.));
#2426=DIRECTION('',(1.,0.,0.));
#2427=DIRECTION('',(0.,0.,-1.));
#2428=DIRECTION('',(1.,0.,0.));
#2429=DIRECTION('',(-1.,0.,0.));
#2430=DIRECTION('',(0.,1.,0.));
#2431=DIRECTION('',(0.,0.,1.));
#2432=DIRECTION('',(-6.19544098563147E-17,0.,-1.));
#2433=DIRECTION('',(0.,1.,0.));
#2434=DIRECTION('',(0.,0.,1.));
#2435=DIRECTION('',(-1.,0.,0.));
#2436=DIRECTION('',(0.,1.,0.));
#2437=DIRECTION('',(0.,0.,1.));
#2438=DIRECTION('',(-6.19544098563147E-17,0.,-1.));
#2439=DIRECTION('',(0.,1.,0.));
#2440=DIRECTION('',(0.,0.,1.));
#2441=DIRECTION('',(-1.,0.,0.));
#2442=DIRECTION('',(0.,1.,0.));
#2443=DIRECTION('',(0.,0.,1.));
#2444=DIRECTION('',(-6.19544098563147E-17,0.,-1.));
#2445=DIRECTION('',(0.,1.,0.));
#2446=DIRECTION('',(0.,0.,1.));
#2447=DIRECTION('',(-1.,0.,0.));
#2448=DIRECTION('',(0.,1.,0.));
#2449=DIRECTION('',(0.,0.,1.));
#2450=DIRECTION('',(-6.19544098563147E-17,0.,-1.));
#2451=DIRECTION('',(0.,1.,0.));
#2452=DIRECTION('',(0.,0.,1.));
#2453=DIRECTION('',(-1.,0.,0.));
#2454=DIRECTION('',(0.,1.,0.));
#2455=DIRECTION('',(0.,0.,1.));
#2456=DIRECTION('',(0.,0.,-1.));
#2457=DIRECTION('',(0.,1.,0.));
#2458=DIRECTION('',(0.,0.,1.));
#2459=DIRECTION('',(-1.,0.,0.));
#2460=DIRECTION('',(0.,1.,0.));
#2461=DIRECTION('',(0.,0.,1.));
#2462=DIRECTION('',(-1.23908819712629E-16,0.,-1.));
#2463=DIRECTION('',(0.,1.,0.));
#2464=DIRECTION('',(0.,0.,1.));
#2465=DIRECTION('',(1.,0.,0.));
#2466=DIRECTION('',(0.,0.,-1.));
#2467=DIRECTION('',(1.,0.,0.));
#2468=DIRECTION('',(0.,0.,-1.));
#2469=DIRECTION('',(0.,-1.,0.));
#2470=DIRECTION('',(0.,-1.,0.));
#2471=DIRECTION('',(0.,0.,-1.));
#2472=DIRECTION('',(0.,0.,1.));
#2473=DIRECTION('',(0.,1.,-1.87537673078574E-16));
#2474=DIRECTION('',(0.,0.,1.));
#2475=DIRECTION('',(0.,1.,-1.87537673078574E-16));
#2476=DIRECTION('',(1.,0.,0.));
#2477=DIRECTION('',(0.,0.,-1.));
#2478=DIRECTION('',(0.,-1.,0.));
#2479=DIRECTION('',(0.,0.,-1.));
#2480=DIRECTION('',(0.,-1.,0.));
#2481=DIRECTION('',(0.,0.,-1.));
#2482=DIRECTION('',(-1.,0.,0.));
#2483=DIRECTION('',(0.,0.,1.));
#2484=DIRECTION('',(0.,-1.,1.87537673078574E-16));
#2485=DIRECTION('',(0.,0.,-1.));
#2486=DIRECTION('',(0.,-1.,1.87537673078574E-16));
#2487=DIRECTION('',(0.,0.,-1.));
#2488=DIRECTION('',(0.,1.,0.));
#2489=DIRECTION('',(0.,0.,1.));
#2490=DIRECTION('',(0.,0.,1.));
#2491=DIRECTION('',(0.,1.,0.));
#2492=DIRECTION('',(0.,0.,1.));
#2493=DIRECTION('',(-1.,0.,-2.00778180089908E-16));
#2494=DIRECTION('',(0.,1.,0.));
#2495=DIRECTION('',(0.,0.,1.));
#2496=DIRECTION('',(0.,0.,1.));
#2497=DIRECTION('',(0.,1.,0.));
#2498=DIRECTION('',(0.,0.,1.));
#2499=DIRECTION('',(-1.,0.,-2.00778180089908E-16));
#2500=DIRECTION('',(0.,1.,0.));
#2501=DIRECTION('',(0.,0.,1.));
#2502=DIRECTION('',(1.,0.,0.));
#2503=DIRECTION('',(1.,0.,0.));
#2504=DIRECTION('',(0.,0.,-1.));
#2505=DIRECTION('',(-4.8186763221578E-17,0.,1.));
#2506=DIRECTION('',(-1.,0.,-2.10269512239613E-16));
#2507=DIRECTION('',(0.,0.,1.));
#2508=DIRECTION('',(-1.,0.,-2.62836890299516E-16));
#2509=DIRECTION('',(0.,0.,1.));
#2510=DIRECTION('',(-1.,0.,-2.10269512239613E-16));
#2511=DIRECTION('',(0.,0.,1.));
#2512=DIRECTION('',(-1.,0.,-2.62836890299516E-16));
#2513=DIRECTION('',(0.,1.,0.));
#2514=DIRECTION('',(0.,0.,1.));
#2515=DIRECTION('',(1.,0.,2.10269512239613E-16));
#2516=DIRECTION('',(0.,0.,-1.));
#2517=DIRECTION('',(1.,0.,2.62836890299516E-16));
#2518=DIRECTION('',(0.,0.,-1.));
#2519=DIRECTION('',(1.,0.,0.));
#2520=DIRECTION('',(0.,0.,-1.));
#2521=DIRECTION('',(1.,0.,0.));
#2522=DIRECTION('',(0.,0.,-1.));
#2523=DIRECTION('',(1.,0.,2.10269512239613E-16));
#2524=DIRECTION('',(4.8186763221578E-17,0.,-1.));
#2525=DIRECTION('',(1.,0.,2.62836890299516E-16));
#2526=DIRECTION('',(0.,0.,-1.));
#2527=DIRECTION('',(0.,-1.,0.));
#2528=DIRECTION('',(0.,0.,-1.));
#2529=DIRECTION('',(0.,0.,-1.));
#2530=DIRECTION('',(0.,-1.,0.));
#2531=DIRECTION('',(0.,0.,-1.));
#2532=DIRECTION('',(1.,0.,2.00778180089908E-16));
#2533=DIRECTION('',(0.,-1.,0.));
#2534=DIRECTION('',(0.,0.,-1.));
#2535=DIRECTION('',(0.,0.,-1.));
#2536=DIRECTION('',(0.,-1.,0.));
#2537=DIRECTION('',(0.,0.,-1.));
#2538=DIRECTION('',(1.,0.,2.00778180089908E-16));
#2539=DIRECTION('',(0.,0.,1.));
#2540=DIRECTION('',(1.,0.,0.));
#2541=DIRECTION('',(0.,0.,1.));
#2542=DIRECTION('',(1.,0.,0.));
#2543=DIRECTION('',(0.,0.,1.));
#2544=DIRECTION('',(1.,0.,0.));
#2545=DIRECTION('',(0.,0.,1.));
#2546=DIRECTION('',(1.,0.,0.));
#2547=DIRECTION('',(0.,0.,1.));
#2548=DIRECTION('',(1.,0.,0.));
#2549=DIRECTION('',(0.,0.,1.));
#2550=DIRECTION('',(1.,0.,0.));
#2551=DIRECTION('',(0.,0.,1.));
#2552=DIRECTION('',(1.,0.,0.));
#2553=DIRECTION('',(0.,0.,1.));
#2554=DIRECTION('',(1.,0.,0.));
#2555=DIRECTION('',(0.,0.,1.));
#2556=DIRECTION('',(1.,0.,0.));
#2557=DIRECTION('',(0.,-1.,0.));
#2558=DIRECTION('',(0.,0.,-1.));
#2559=DIRECTION('',(-1.,0.,0.));
#2560=DIRECTION('',(0.,0.,1.));
#2561=DIRECTION('',(1.,0.,0.));
#2562=DIRECTION('',(0.,0.,1.));
#2563=DIRECTION('',(1.,0.,0.));
#2564=DIRECTION('',(0.,0.,-1.));
#2565=DIRECTION('',(-1.,0.,0.));
#2566=DIRECTION('',(0.,0.,1.));
#2567=DIRECTION('',(1.,0.,0.));
#2568=DIRECTION('',(0.,0.,1.));
#2569=DIRECTION('',(1.,0.,0.));
#2570=DIRECTION('',(0.,0.,-1.));
#2571=DIRECTION('',(-1.,0.,0.));
#2572=DIRECTION('',(0.,0.,1.));
#2573=DIRECTION('',(1.,0.,0.));
#2574=DIRECTION('',(0.,0.,1.));
#2575=DIRECTION('',(1.,0.,0.));
#2576=DIRECTION('',(0.,0.,-1.));
#2577=DIRECTION('',(-1.,0.,0.));
#2578=DIRECTION('',(0.,0.,1.));
#2579=DIRECTION('',(1.,0.,0.));
#2580=DIRECTION('',(0.,0.,1.));
#2581=DIRECTION('',(1.,0.,0.));
#2582=DIRECTION('',(0.,0.,-1.));
#2583=DIRECTION('',(-1.,0.,0.));
#2584=DIRECTION('',(0.,0.,1.));
#2585=DIRECTION('',(1.,0.,0.));
#2586=DIRECTION('',(0.,0.,1.));
#2587=DIRECTION('',(1.,0.,0.));
#2588=DIRECTION('',(0.,0.,-1.));
#2589=DIRECTION('',(-1.,0.,0.));
#2590=DIRECTION('',(0.,0.,1.));
#2591=DIRECTION('',(1.,0.,0.));
#2592=DIRECTION('',(0.,0.,1.));
#2593=DIRECTION('',(1.,0.,0.));
#2594=DIRECTION('',(0.,0.,-1.));
#2595=DIRECTION('',(-1.,0.,0.));
#2596=DIRECTION('',(0.,0.,1.));
#2597=DIRECTION('',(1.,0.,0.));
#2598=DIRECTION('',(0.,0.,1.));
#2599=DIRECTION('',(1.,0.,0.));
#2600=DIRECTION('',(0.,0.,-1.));
#2601=DIRECTION('',(-1.,0.,0.));
#2602=DIRECTION('',(0.,0.,1.));
#2603=DIRECTION('',(1.,0.,0.));
#2604=DIRECTION('',(0.,0.,1.));
#2605=DIRECTION('',(1.,0.,0.));
#2606=DIRECTION('',(0.,0.,-1.));
#2607=DIRECTION('',(-1.,0.,0.));
#2608=DIRECTION('',(0.,0.,1.));
#2609=DIRECTION('',(1.,0.,0.));
#2610=DIRECTION('',(0.,0.,1.));
#2611=DIRECTION('',(1.,0.,0.));
#2612=DIRECTION('',(0.,0.,-1.));
#2613=DIRECTION('',(-1.,0.,0.));
#2614=DIRECTION('',(0.,0.,1.));
#2615=DIRECTION('',(1.,0.,0.));
#2616=DIRECTION('',(0.,0.,1.));
#2617=DIRECTION('',(1.,0.,0.));
#2618=DIRECTION('',(0.,0.,-1.));
#2619=DIRECTION('',(-1.,0.,0.));
#2620=DIRECTION('',(0.,0.,1.));
#2621=DIRECTION('',(1.,0.,0.));
#2622=DIRECTION('',(0.,0.,1.));
#2623=DIRECTION('',(1.,0.,0.));
#2624=DIRECTION('',(0.,0.,-1.));
#2625=DIRECTION('',(-1.,0.,0.));
#2626=DIRECTION('',(0.,0.,1.));
#2627=DIRECTION('',(1.,0.,0.));
#2628=DIRECTION('',(0.,0.,1.));
#2629=DIRECTION('',(1.,0.,0.));
#2630=DIRECTION('',(0.,0.,-1.));
#2631=DIRECTION('',(-1.,0.,0.));
#2632=DIRECTION('',(0.,0.,1.));
#2633=DIRECTION('',(1.,0.,0.));
#2634=DIRECTION('',(0.,0.,1.));
#2635=DIRECTION('',(1.,0.,0.));
#2636=DIRECTION('',(0.,0.,-1.));
#2637=DIRECTION('',(-1.,0.,0.));
#2638=DIRECTION('',(0.,0.,1.));
#2639=DIRECTION('',(1.,0.,0.));
#2640=DIRECTION('',(0.,0.,1.));
#2641=DIRECTION('',(1.,0.,0.));
#2642=DIRECTION('',(0.,0.,-1.));
#2643=DIRECTION('',(-1.,0.,0.));
#2644=DIRECTION('',(0.,0.,1.));
#2645=DIRECTION('',(1.,0.,0.));
#2646=DIRECTION('',(0.,0.,1.));
#2647=DIRECTION('',(1.,0.,0.));
#2648=DIRECTION('',(0.,0.,-1.));
#2649=DIRECTION('',(-1.,0.,0.));
#2650=DIRECTION('',(0.,0.,1.));
#2651=DIRECTION('',(1.,0.,0.));
#2652=DIRECTION('',(0.,0.,1.));
#2653=DIRECTION('',(1.,0.,0.));
#2654=DIRECTION('',(0.,0.,1.));
#2655=DIRECTION('',(1.,0.,0.));
#2656=DIRECTION('',(0.,0.,1.));
#2657=DIRECTION('',(1.,0.,0.));
#2658=DIRECTION('',(0.,0.,1.));
#2659=DIRECTION('',(1.,0.,0.));
#2660=DIRECTION('',(0.,0.,1.));
#2661=DIRECTION('',(1.,0.,0.));
#2662=DIRECTION('',(0.,0.,1.));
#2663=DIRECTION('',(1.,0.,0.));
#2664=DIRECTION('',(0.,0.,1.));
#2665=DIRECTION('',(1.,0.,0.));
#2666=DIRECTION('',(0.,0.,1.));
#2667=DIRECTION('',(1.,0.,0.));
#2668=DIRECTION('',(0.,0.,1.));
#2669=DIRECTION('',(1.,0.,0.));
#2670=DIRECTION('',(1.,0.,0.));
#2671=DIRECTION('',(0.,0.,-1.));
#2672=DIRECTION('',(0.,-1.,0.));
#2673=DIRECTION('',(0.,0.,-1.));
#2674=DIRECTION('',(-1.,0.,0.));
#2675=DIRECTION('',(0.,0.,1.));
#2676=DIRECTION('',(1.,0.,0.));
#2677=DIRECTION('',(0.,0.,1.));
#2678=DIRECTION('',(1.,0.,0.));
#2679=DIRECTION('',(0.,0.,-1.));
#2680=DIRECTION('',(-1.,0.,0.));
#2681=DIRECTION('',(0.,0.,1.));
#2682=DIRECTION('',(1.,0.,0.));
#2683=DIRECTION('',(0.,0.,-1.));
#2684=DIRECTION('',(0.,0.,1.));
#2685=DIRECTION('',(1.,0.,0.));
#2686=DIRECTION('',(1.,0.,0.));
#2687=DIRECTION('',(0.,0.,-1.));
#2688=DIRECTION('',(0.,-1.,0.));
#2689=DIRECTION('',(0.,0.,-1.));
#2690=DIRECTION('',(0.,-1.,0.));
#2691=DIRECTION('',(0.,0.,-1.));
#2692=DIRECTION('',(-1.,0.,0.));
#2693=DIRECTION('',(0.,0.,1.));
#2694=DIRECTION('',(1.,0.,0.));
#2695=DIRECTION('',(0.,0.,-1.));
#2696=DIRECTION('',(0.,0.,1.));
#2697=DIRECTION('',(1.,0.,0.));
#2698=DIRECTION('',(0.,1.,0.));
#2699=DIRECTION('',(0.,0.,1.));
#2700=DIRECTION('',(0.,1.,0.));
#2701=DIRECTION('',(0.,0.,1.));
#2702=DIRECTION('',(-1.,0.,0.));
#2703=DIRECTION('',(0.,1.,0.));
#2704=DIRECTION('',(0.,0.,1.));
#2705=DIRECTION('',(-1.23908819712629E-16,0.,-1.));
#2706=DIRECTION('',(0.,1.,0.));
#2707=DIRECTION('',(0.,0.,1.));
#2708=DIRECTION('',(-1.,0.,0.));
#2709=DIRECTION('',(0.,1.,0.));
#2710=DIRECTION('',(0.,0.,1.));
#2711=DIRECTION('',(0.,0.,-1.));
#2712=DIRECTION('',(0.,1.,0.));
#2713=DIRECTION('',(0.,0.,1.));
#2714=DIRECTION('',(-1.,0.,0.));
#2715=DIRECTION('',(0.,1.,0.));
#2716=DIRECTION('',(0.,0.,1.));
#2717=DIRECTION('',(0.,0.,-1.));
#2718=DIRECTION('',(0.,1.,0.));
#2719=DIRECTION('',(0.,0.,1.));
#2720=DIRECTION('',(-1.,0.,0.));
#2721=DIRECTION('',(0.,1.,0.));
#2722=DIRECTION('',(0.,0.,1.));
#2723=DIRECTION('',(0.,0.,-1.));
#2724=DIRECTION('',(0.,1.,0.));
#2725=DIRECTION('',(0.,0.,1.));
#2726=DIRECTION('',(-1.,0.,0.));
#2727=DIRECTION('',(0.,1.,0.));
#2728=DIRECTION('',(0.,0.,1.));
#2729=DIRECTION('',(-6.19544098563147E-17,0.,-1.));
#2730=DIRECTION('',(0.,1.,0.));
#2731=DIRECTION('',(0.,0.,1.));
#2732=DIRECTION('',(-1.,0.,0.));
#2733=DIRECTION('',(0.,1.,0.));
#2734=DIRECTION('',(0.,0.,1.));
#2735=DIRECTION('',(-6.19544098563147E-17,0.,-1.));
#2736=DIRECTION('',(0.,1.,0.));
#2737=DIRECTION('',(0.,0.,1.));
#2738=DIRECTION('',(-1.,0.,0.));
#2739=DIRECTION('',(0.,1.,0.));
#2740=DIRECTION('',(0.,0.,1.));
#2741=DIRECTION('',(-6.19544098563147E-17,0.,-1.));
#2742=DIRECTION('',(0.,1.,0.));
#2743=DIRECTION('',(0.,0.,1.));
#2744=DIRECTION('',(-1.,0.,0.));
#2745=DIRECTION('',(0.,1.,0.));
#2746=DIRECTION('',(0.,0.,1.));
#2747=DIRECTION('',(-6.19544098563147E-17,0.,-1.));
#2748=DIRECTION('',(0.,1.,0.));
#2749=DIRECTION('',(0.,0.,1.));
#2750=DIRECTION('',(-1.,0.,0.));
#2751=DIRECTION('',(0.,1.,0.));
#2752=DIRECTION('',(0.,0.,1.));
#2753=DIRECTION('',(-6.19544098563147E-17,0.,-1.));
#2754=DIRECTION('',(0.,1.,0.));
#2755=DIRECTION('',(0.,0.,1.));
#2756=DIRECTION('',(-1.,0.,0.));
#2757=DIRECTION('',(0.,1.,0.));
#2758=DIRECTION('',(0.,0.,1.));
#2759=DIRECTION('',(-6.19544098563147E-17,0.,-1.));
#2760=DIRECTION('',(0.,1.,0.));
#2761=DIRECTION('',(0.,0.,1.));
#2762=DIRECTION('',(-1.,0.,0.));
#2763=DIRECTION('',(0.,1.,0.));
#2764=DIRECTION('',(0.,0.,1.));
#2765=DIRECTION('',(0.,0.,-1.));
#2766=DIRECTION('',(0.,1.,0.));
#2767=DIRECTION('',(0.,0.,1.));
#2768=DIRECTION('',(-1.,0.,0.));
#2769=DIRECTION('',(0.,1.,0.));
#2770=DIRECTION('',(0.,0.,1.));
#2771=DIRECTION('',(0.,0.,-1.));
#2772=DIRECTION('',(1.,0.,0.));
#2773=DIRECTION('',(0.,0.,-1.));
#2774=DIRECTION('',(1.,0.,0.));
#2775=DIRECTION('',(0.,0.,-1.));
#2776=DIRECTION('',(-1.,0.,0.));
#2777=DIRECTION('',(0.,0.,1.));
#2778=DIRECTION('',(1.,0.,0.));
#2779=DIRECTION('',(0.,0.,1.));
#2780=DIRECTION('',(1.,0.,0.));
#2781=DIRECTION('',(0.,0.,1.));
#2782=DIRECTION('',(1.,0.,0.));
#2783=DIRECTION('',(0.,0.,1.));
#2784=DIRECTION('',(1.,0.,0.));
#2785=DIRECTION('',(0.,0.,1.));
#2786=DIRECTION('',(1.,0.,0.));
#2787=DIRECTION('',(0.,0.,1.));
#2788=DIRECTION('',(1.,0.,0.));
#2789=DIRECTION('',(0.,0.,1.));
#2790=DIRECTION('',(1.,0.,0.));
#2791=DIRECTION('',(0.,0.,1.));
#2792=DIRECTION('',(1.,0.,0.));
#2793=DIRECTION('',(0.,0.,1.));
#2794=DIRECTION('',(1.,0.,0.));
#2795=DIRECTION('',(0.,0.,1.));
#2796=DIRECTION('',(1.,0.,0.));
#2797=DIRECTION('',(0.,0.,1.));
#2798=DIRECTION('',(1.,0.,0.));
#2799=DIRECTION('',(0.,0.,1.));
#2800=DIRECTION('',(1.,0.,0.));
#2801=DIRECTION('',(0.,0.,1.));
#2802=DIRECTION('',(1.,0.,0.));
#2803=DIRECTION('',(0.,0.,1.));
#2804=DIRECTION('',(1.,0.,0.));
#2805=DIRECTION('',(0.,0.,1.));
#2806=DIRECTION('',(1.,0.,0.));
#2807=DIRECTION('',(0.,0.,1.));
#2808=DIRECTION('',(1.,0.,0.));
#2809=DIRECTION('',(0.,0.,1.));
#2810=DIRECTION('',(1.,0.,0.));
#2811=DIRECTION('',(0.,0.,1.));
#2812=DIRECTION('',(1.,0.,0.));
#2813=DIRECTION('',(0.,0.,1.));
#2814=DIRECTION('',(1.,0.,0.));
#2815=DIRECTION('',(0.,0.,1.));
#2816=DIRECTION('',(1.,0.,0.));
#2817=DIRECTION('',(-1.,0.,0.));
#2818=DIRECTION('',(0.,0.,1.));
#2819=DIRECTION('',(0.,-1.,0.));
#2820=DIRECTION('',(0.,-1.,0.));
#2821=DIRECTION('',(0.,-1.,0.));
#2822=DIRECTION('',(0.,0.,-1.));
#2823=DIRECTION('',(0.,-1.,0.));
#2824=DIRECTION('',(2.00778180089908E-16,0.,-1.));
#2825=DIRECTION('',(-1.,0.,-2.00778180089908E-16));
#2826=DIRECTION('',(0.,-1.,0.));
#2827=DIRECTION('',(0.,-1.,0.));
#2828=DIRECTION('',(0.,0.,-1.));
#2829=DIRECTION('',(0.,-1.,0.));
#2830=DIRECTION('',(-1.,0.,0.));
#2831=DIRECTION('',(0.,0.,1.));
#2832=DIRECTION('',(0.,-1.,0.));
#2833=DIRECTION('',(0.,-1.,0.));
#2834=DIRECTION('',(0.,0.,-1.));
#2835=DIRECTION('',(0.,-1.,0.));
#2836=DIRECTION('',(2.00778180089908E-16,0.,-1.));
#2837=DIRECTION('',(-1.,0.,-2.00778180089908E-16));
#2838=DIRECTION('',(0.,-1.,0.));
#2839=DIRECTION('',(0.,-1.,0.));
#2840=DIRECTION('',(0.,0.,-1.));
#2841=DIRECTION('',(2.10269512239613E-16,0.,-1.));
#2842=DIRECTION('',(-1.,0.,-2.10269512239613E-16));
#2843=DIRECTION('',(0.,-1.,0.));
#2844=DIRECTION('',(0.,-1.,0.));
#2845=DIRECTION('',(-1.,0.,0.));
#2846=DIRECTION('',(0.,0.,1.));
#2847=DIRECTION('',(0.,-1.,0.));
#2848=DIRECTION('',(2.62836890299516E-16,0.,-1.));
#2849=DIRECTION('',(-1.,0.,-2.62836890299516E-16));
#2850=DIRECTION('',(0.,-1.,0.));
#2851=DIRECTION('',(-1.,0.,-4.8186763221578E-17));
#2852=DIRECTION('',(-4.8186763221578E-17,0.,1.));
#2853=DIRECTION('',(2.10269512239613E-16,0.,-1.));
#2854=DIRECTION('',(-1.,0.,-2.10269512239613E-16));
#2855=DIRECTION('',(0.,-1.,0.));
#2856=DIRECTION('',(0.,-1.,0.));
#2857=DIRECTION('',(-1.,0.,0.));
#2858=DIRECTION('',(0.,0.,1.));
#2859=DIRECTION('',(0.,-1.,0.));
#2860=DIRECTION('',(2.62836890299516E-16,0.,-1.));
#2861=DIRECTION('',(-1.,0.,-2.62836890299516E-16));
#2862=DIRECTION('',(0.,-1.,0.));
#2863=DIRECTION('',(-1.,0.,0.));
#2864=DIRECTION('',(0.,0.,1.));
#2865=DIRECTION('',(-1.,0.,0.));
#2866=DIRECTION('',(0.,0.,1.));
#2867=DIRECTION('',(0.,-1.87537673078574E-16,-1.));
#2868=DIRECTION('',(0.,1.,-1.87537673078574E-16));
#2869=DIRECTION('',(-1.,0.,0.));
#2870=DIRECTION('',(-1.,0.,0.));
#2871=DIRECTION('',(0.,1.,0.));
#2872=DIRECTION('',(0.,0.,1.));
#2873=DIRECTION('',(-1.,0.,0.));
#2874=DIRECTION('',(0.,-1.87537673078574E-16,-1.));
#2875=DIRECTION('',(0.,1.,-1.87537673078574E-16));
#2876=DIRECTION('',(-1.,0.,0.));
#2877=DIRECTION('',(0.,1.,0.));
#2878=DIRECTION('',(0.,0.,1.));
#2879=DIRECTION('',(0.,0.,-1.));
#2880=DIRECTION('',(-1.,0.,0.));
#2881=DIRECTION('',(0.,1.,0.));
#2882=DIRECTION('',(0.,1.,0.));
#2883=DIRECTION('',(0.,1.,0.));
#2884=DIRECTION('',(0.,0.,1.));
#2885=DIRECTION('',(0.,1.,0.));
#2886=DIRECTION('',(1.,0.,0.));
#2887=DIRECTION('',(0.,0.,-1.));
#2888=DIRECTION('',(0.,1.,0.));
#2889=DIRECTION('',(0.,1.,0.));
#2890=DIRECTION('',(0.,0.,1.));
#2891=DIRECTION('',(0.,1.,0.));
#2892=DIRECTION('',(0.,0.,-1.));
#2893=DIRECTION('',(-1.,0.,0.));
#2894=DIRECTION('',(0.,1.,0.));
#2895=DIRECTION('',(0.,1.,0.));
#2896=DIRECTION('',(0.,0.,1.));
#2897=DIRECTION('',(0.,1.,0.));
#2898=DIRECTION('',(1.,0.,0.));
#2899=DIRECTION('',(0.,0.,-1.));
#2900=DIRECTION('',(0.,1.,0.));
#2901=DIRECTION('',(0.,1.,0.));
#2902=DIRECTION('',(0.,0.,1.));
#2903=DIRECTION('',(0.,0.,-1.));
#2904=DIRECTION('',(-1.,0.,0.));
#2905=DIRECTION('',(0.,1.,0.));
#2906=DIRECTION('',(0.,1.,0.));
#2907=DIRECTION('',(0.,1.,0.));
#2908=DIRECTION('',(0.,0.,1.));
#2909=DIRECTION('',(0.,1.,0.));
#2910=DIRECTION('',(1.,0.,-6.19544098563147E-17));
#2911=DIRECTION('',(-6.19544098563147E-17,0.,-1.));
#2912=DIRECTION('',(0.,1.,0.));
#2913=DIRECTION('',(0.,1.,0.));
#2914=DIRECTION('',(0.,0.,1.));
#2915=DIRECTION('',(0.,1.,0.));
#2916=DIRECTION('',(0.,0.,-1.));
#2917=DIRECTION('',(-1.,0.,0.));
#2918=DIRECTION('',(0.,1.,0.));
#2919=DIRECTION('',(0.,1.,0.));
#2920=DIRECTION('',(0.,0.,1.));
#2921=DIRECTION('',(0.,1.,0.));
#2922=DIRECTION('',(1.,0.,-6.19544098563147E-17));
#2923=DIRECTION('',(-6.19544098563147E-17,0.,-1.));
#2924=DIRECTION('',(0.,1.,0.));
#2925=DIRECTION('',(0.,1.,0.));
#2926=DIRECTION('',(0.,0.,1.));
#2927=DIRECTION('',(0.,0.,-1.));
#2928=DIRECTION('',(-1.,0.,0.));
#2929=DIRECTION('',(0.,1.,0.));
#2930=DIRECTION('',(0.,1.,0.));
#2931=DIRECTION('',(0.,1.,0.));
#2932=DIRECTION('',(0.,0.,1.));
#2933=DIRECTION('',(0.,1.,0.));
#2934=DIRECTION('',(1.,0.,-6.19544098563147E-17));
#2935=DIRECTION('',(-6.19544098563147E-17,0.,-1.));
#2936=DIRECTION('',(0.,1.,0.));
#2937=DIRECTION('',(0.,1.,0.));
#2938=DIRECTION('',(0.,0.,1.));
#2939=DIRECTION('',(0.,1.,0.));
#2940=DIRECTION('',(0.,0.,-1.));
#2941=DIRECTION('',(-1.,0.,0.));
#2942=DIRECTION('',(0.,1.,0.));
#2943=DIRECTION('',(0.,1.,0.));
#2944=DIRECTION('',(0.,0.,1.));
#2945=DIRECTION('',(0.,1.,0.));
#2946=DIRECTION('',(1.,0.,-6.19544098563147E-17));
#2947=DIRECTION('',(-6.19544098563147E-17,0.,-1.));
#2948=DIRECTION('',(0.,1.,0.));
#2949=DIRECTION('',(0.,1.,0.));
#2950=DIRECTION('',(0.,0.,1.));
#2951=DIRECTION('',(0.,0.,-1.));
#2952=DIRECTION('',(-1.,0.,0.));
#2953=DIRECTION('',(0.,1.,0.));
#2954=DIRECTION('',(0.,1.,0.));
#2955=DIRECTION('',(0.,1.,0.));
#2956=DIRECTION('',(0.,0.,1.));
#2957=DIRECTION('',(0.,1.,0.));
#2958=DIRECTION('',(1.,0.,-6.19544098563147E-17));
#2959=DIRECTION('',(-6.19544098563147E-17,0.,-1.));
#2960=DIRECTION('',(0.,1.,0.));
#2961=DIRECTION('',(0.,1.,0.));
#2962=DIRECTION('',(0.,0.,1.));
#2963=DIRECTION('',(0.,1.,0.));
#2964=DIRECTION('',(0.,0.,-1.));
#2965=DIRECTION('',(-1.,0.,0.));
#2966=DIRECTION('',(0.,1.,0.));
#2967=DIRECTION('',(0.,1.,0.));
#2968=DIRECTION('',(0.,0.,1.));
#2969=DIRECTION('',(0.,1.,0.));
#2970=DIRECTION('',(1.,0.,-6.19544098563147E-17));
#2971=DIRECTION('',(-6.19544098563147E-17,0.,-1.));
#2972=DIRECTION('',(0.,1.,0.));
#2973=DIRECTION('',(0.,1.,0.));
#2974=DIRECTION('',(0.,0.,1.));
#2975=DIRECTION('',(0.,0.,-1.));
#2976=DIRECTION('',(-1.,0.,0.));
#2977=DIRECTION('',(0.,1.,0.));
#2978=DIRECTION('',(0.,1.,0.));
#2979=DIRECTION('',(0.,1.,0.));
#2980=DIRECTION('',(0.,0.,1.));
#2981=DIRECTION('',(0.,1.,0.));
#2982=DIRECTION('',(1.,0.,0.));
#2983=DIRECTION('',(0.,0.,-1.));
#2984=DIRECTION('',(0.,1.,0.));
#2985=DIRECTION('',(0.,1.,0.));
#2986=DIRECTION('',(0.,0.,1.));
#2987=DIRECTION('',(0.,1.,0.));
#2988=DIRECTION('',(0.,0.,-1.));
#2989=DIRECTION('',(-1.,0.,0.));
#2990=DIRECTION('',(0.,1.,0.));
#2991=DIRECTION('',(0.,1.,0.));
#2992=DIRECTION('',(0.,0.,1.));
#2993=DIRECTION('',(0.,1.,0.));
#2994=DIRECTION('',(1.,0.,0.));
#2995=DIRECTION('',(0.,0.,-1.));
#2996=DIRECTION('',(0.,1.,0.));
#2997=DIRECTION('',(0.,1.,0.));
#2998=DIRECTION('',(0.,0.,1.));
#2999=DIRECTION('',(0.,0.,-1.));
#3000=DIRECTION('',(-1.,0.,0.));
#3001=DIRECTION('',(0.,1.,0.));
#3002=DIRECTION('',(0.,1.,0.));
#3003=DIRECTION('',(0.,1.,0.));
#3004=DIRECTION('',(0.,0.,1.));
#3005=DIRECTION('',(0.,1.,0.));
#3006=DIRECTION('',(1.,0.,0.));
#3007=DIRECTION('',(0.,0.,-1.));
#3008=DIRECTION('',(0.,1.,0.));
#3009=DIRECTION('',(0.,1.,0.));
#3010=DIRECTION('',(0.,0.,1.));
#3011=DIRECTION('',(0.,1.,0.));
#3012=DIRECTION('',(0.,0.,-1.));
#3013=DIRECTION('',(-1.,0.,0.));
#3014=DIRECTION('',(0.,1.,0.));
#3015=DIRECTION('',(0.,1.,0.));
#3016=DIRECTION('',(0.,0.,1.));
#3017=DIRECTION('',(0.,1.,0.));
#3018=DIRECTION('',(1.,0.,-1.23908819712629E-16));
#3019=DIRECTION('',(-1.23908819712629E-16,0.,-1.));
#3020=DIRECTION('',(0.,1.,0.));
#3021=DIRECTION('',(0.,1.,0.));
#3022=DIRECTION('',(0.,0.,1.));
#3023=CARTESIAN_POINT('',(0.,0.,0.));
#3024=CARTESIAN_POINT('',(0.00361701443791389,0.0505321915447712,0.025));
#3025=CARTESIAN_POINT('',(0.00361701443791389,0.0505321915447712,0.024));
#3026=CARTESIAN_POINT('',(0.0108044235786089,0.0505321915447712,0.024));
#3027=CARTESIAN_POINT('',(0.00980442357860893,0.0505321915447712,0.024));
#3028=CARTESIAN_POINT('',(0.0108044235786089,0.0505321915447712,0.023));
#3029=CARTESIAN_POINT('',(0.0118044235786089,0.0505321915447712,0.023));
#3030=CARTESIAN_POINT('',(0.0118044235786089,0.0505321915447712,0.025));
#3031=CARTESIAN_POINT('',(0.0118044235786089,0.0505321915447712,0.009));
#3032=CARTESIAN_POINT('',(0.0108044235786089,0.0505321915447712,0.009));
#3033=CARTESIAN_POINT('',(0.0108044235786089,0.0505321915447712,0.008));
#3034=CARTESIAN_POINT('',(0.00361701443791389,0.0505321915447712,0.008));
#3035=CARTESIAN_POINT('',(0.00980442357860893,0.0505321915447712,0.008));
#3036=CARTESIAN_POINT('',(0.00980442357860893,0.0505321915447712,0.009));
#3037=CARTESIAN_POINT('',(0.00880442357860892,0.0505321915447712,0.009));
#3038=CARTESIAN_POINT('',(0.00880442357860891,0.0505321915447712,0.025));
#3039=CARTESIAN_POINT('',(0.00880442357860891,0.0505321915447712,0.023));
#3040=CARTESIAN_POINT('',(0.00980442357860893,0.0505321915447712,0.023));
#3041=CARTESIAN_POINT('',(0.00361701443791389,0.0505321915447712,0.024));
#3042=CARTESIAN_POINT('',(0.000804423578608902,0.0505321915447712,0.024));
#3043=CARTESIAN_POINT('',(-0.000195576421391063,0.0505321915447712,0.024));
#3044=CARTESIAN_POINT('',(0.000804423578608896,0.0505321915447712,0.023));
#3045=CARTESIAN_POINT('',(0.00180442357860891,0.0505321915447712,0.023));
#3046=CARTESIAN_POINT('',(0.00180442357860891,0.0505321915447712,0.025));
#3047=CARTESIAN_POINT('',(0.00180442357860891,0.0505321915447712,0.009));
#3048=CARTESIAN_POINT('',(0.000804423578608901,0.0505321915447712,0.009));
#3049=CARTESIAN_POINT('',(0.000804423578608901,0.0505321915447712,0.008));
#3050=CARTESIAN_POINT('',(0.00361701443791389,0.0505321915447712,0.008));
#3051=CARTESIAN_POINT('',(-0.00019557642139107,0.0505321915447712,0.008));
#3052=CARTESIAN_POINT('',(-0.00019557642139107,0.0505321915447712,0.009));
#3053=CARTESIAN_POINT('',(-0.00119557642139108,0.0505321915447712,0.009));
#3054=CARTESIAN_POINT('',(-0.00119557642139108,0.0505321915447712,0.025));
#3055=CARTESIAN_POINT('',(-0.00119557642139108,0.0505321915447712,0.023));
#3056=CARTESIAN_POINT('',(-0.000195576421391063,0.0505321915447712,0.023));
#3057=CARTESIAN_POINT('',(0.00361701443791389,0.0505321915447712,0.024));
#3058=CARTESIAN_POINT('',(-0.0091955764213911,0.0505321915447712,0.024));
#3059=CARTESIAN_POINT('',(-0.0101955764213911,0.0505321915447712,0.024));
#3060=CARTESIAN_POINT('',(-0.0091955764213911,0.0505321915447712,0.023));
#3061=CARTESIAN_POINT('',(-0.00819557642139108,0.0505321915447712,0.023));
#3062=CARTESIAN_POINT('',(-0.00819557642139108,0.0505321915447712,0.025));
#3063=CARTESIAN_POINT('',(-0.00819557642139108,0.0505321915447712,0.009));
#3064=CARTESIAN_POINT('',(-0.0091955764213911,0.0505321915447712,0.009));
#3065=CARTESIAN_POINT('',(-0.0091955764213911,0.0505321915447712,0.008));
#3066=CARTESIAN_POINT('',(0.00361701443791389,0.0505321915447712,0.008));
#3067=CARTESIAN_POINT('',(-0.0101955764213911,0.0505321915447712,0.008));
#3068=CARTESIAN_POINT('',(-0.0101955764213911,0.0505321915447712,0.009));
#3069=CARTESIAN_POINT('',(-0.0111955764213911,0.0505321915447712,0.009));
#3070=CARTESIAN_POINT('',(-0.0111955764213911,0.0505321915447712,0.025));
#3071=CARTESIAN_POINT('',(-0.0111955764213911,0.0505321915447712,0.023));
#3072=CARTESIAN_POINT('',(-0.0101955764213911,0.0505321915447712,0.023));
#3073=CARTESIAN_POINT('',(-0.0463829855620861,0.0505321915447712,0.025));
#3074=CARTESIAN_POINT('',(-0.0463829855620861,0.0505321915447712,0.025));
#3075=CARTESIAN_POINT('',(-0.0463829855620861,0.0505321915447712,0.003));
#3076=CARTESIAN_POINT('',(0.00361701443791389,0.0505321915447712,0.003));
#3077=CARTESIAN_POINT('',(0.0536170144379139,0.0505321915447712,0.003));
#3078=CARTESIAN_POINT('',(0.0536170144379139,0.0505321915447712,0.025));
#3079=CARTESIAN_POINT('',(0.0536170144379139,0.0505321915447712,0.025));
#3080=CARTESIAN_POINT('',(0.00361701443791389,0.0505321915447712,0.025));
#3081=CARTESIAN_POINT('',(0.00361701443791389,0.0505321915447712,0.024));
#3082=CARTESIAN_POINT('',(-0.0041955764213911,0.0505321915447712,0.024));
#3083=CARTESIAN_POINT('',(-0.00519557642139107,0.0505321915447712,0.024));
#3084=CARTESIAN_POINT('',(-0.00419557642139111,0.0505321915447712,0.023));
#3085=CARTESIAN_POINT('',(-0.00319557642139109,0.0505321915447712,0.023));
#3086=CARTESIAN_POINT('',(-0.00319557642139109,0.0505321915447712,0.025));
#3087=CARTESIAN_POINT('',(-0.00319557642139109,0.0505321915447712,0.009));
#3088=CARTESIAN_POINT('',(-0.0041955764213911,0.0505321915447712,0.009));
#3089=CARTESIAN_POINT('',(-0.0041955764213911,0.0505321915447712,0.008));
#3090=CARTESIAN_POINT('',(0.00361701443791389,0.0505321915447712,0.008));
#3091=CARTESIAN_POINT('',(-0.00519557642139107,0.0505321915447712,0.008));
#3092=CARTESIAN_POINT('',(-0.00519557642139107,0.0505321915447712,0.009));
#3093=CARTESIAN_POINT('',(-0.00619557642139109,0.0505321915447712,0.009));
#3094=CARTESIAN_POINT('',(-0.00619557642139109,0.0505321915447712,0.025));
#3095=CARTESIAN_POINT('',(-0.00619557642139109,0.0505321915447712,0.023));
#3096=CARTESIAN_POINT('',(-0.00519557642139107,0.0505321915447712,0.023));
#3097=CARTESIAN_POINT('',(0.00361701443791389,0.0505321915447712,0.024));
#3098=CARTESIAN_POINT('',(0.0058044235786089,0.0505321915447712,0.024));
#3099=CARTESIAN_POINT('',(0.00480442357860894,0.0505321915447712,0.024));
#3100=CARTESIAN_POINT('',(0.00580442357860889,0.0505321915447712,0.023));
#3101=CARTESIAN_POINT('',(0.00680442357860891,0.0505321915447712,0.023));
#3102=CARTESIAN_POINT('',(0.00680442357860891,0.0505321915447712,0.025));
#3103=CARTESIAN_POINT('',(0.00680442357860891,0.0505321915447712,0.009));
#3104=CARTESIAN_POINT('',(0.0058044235786089,0.0505321915447712,0.009));
#3105=CARTESIAN_POINT('',(0.0058044235786089,0.0505321915447712,0.008));
#3106=CARTESIAN_POINT('',(0.00361701443791389,0.0505321915447712,0.008));
#3107=CARTESIAN_POINT('',(0.00480442357860893,0.0505321915447712,0.008));
#3108=CARTESIAN_POINT('',(0.00480442357860893,0.0505321915447712,0.009));
#3109=CARTESIAN_POINT('',(0.00380442357860891,0.0505321915447712,0.009));
#3110=CARTESIAN_POINT('',(0.00380442357860891,0.0505321915447712,0.025));
#3111=CARTESIAN_POINT('',(0.00380442357860891,0.0505321915447712,0.023));
#3112=CARTESIAN_POINT('',(0.00480442357860894,0.0505321915447712,0.023));
#3113=CARTESIAN_POINT('',(0.00361701443791389,0.0505321915447712,0.024));
#3114=CARTESIAN_POINT('',(0.0158044235786089,0.0505321915447712,0.024));
#3115=CARTESIAN_POINT('',(0.0148044235786089,0.0505321915447712,0.024));
#3116=CARTESIAN_POINT('',(0.0158044235786089,0.0505321915447712,0.023));
#3117=CARTESIAN_POINT('',(0.0168044235786089,0.0505321915447712,0.023));
#3118=CARTESIAN_POINT('',(0.0168044235786089,0.0505321915447712,0.025));
#3119=CARTESIAN_POINT('',(0.0168044235786089,0.0505321915447712,0.009));
#3120=CARTESIAN_POINT('',(0.0158044235786089,0.0505321915447712,0.009));
#3121=CARTESIAN_POINT('',(0.0158044235786089,0.0505321915447712,0.008));
#3122=CARTESIAN_POINT('',(0.00361701443791389,0.0505321915447712,0.008));
#3123=CARTESIAN_POINT('',(0.0148044235786089,0.0505321915447712,0.008));
#3124=CARTESIAN_POINT('',(0.0148044235786089,0.0505321915447712,0.009));
#3125=CARTESIAN_POINT('',(0.0138044235786089,0.0505321915447712,0.009));
#3126=CARTESIAN_POINT('',(0.0138044235786089,0.0505321915447712,0.025));
#3127=CARTESIAN_POINT('',(0.0138044235786089,0.0505321915447712,0.023));
#3128=CARTESIAN_POINT('',(0.0148044235786089,0.0505321915447712,0.023));
#3129=CARTESIAN_POINT('',(-0.0463829855620861,0.000532191544771202,0.025));
#3130=CARTESIAN_POINT('',(-0.0463829855620861,0.000532191544771202,0.0125));
#3131=CARTESIAN_POINT('',(-0.0463829855620861,0.000532191544771202,0.0093));
#3132=CARTESIAN_POINT('',(-0.0463829855620861,0.000532191544771202,0.003));
#3133=CARTESIAN_POINT('',(-0.0463829855620861,-0.0494678084552288,0.003));
#3134=CARTESIAN_POINT('',(-0.0463829855620861,0.000532191544771202,0.025));
#3135=CARTESIAN_POINT('',(-0.0463829855620861,-0.0494678084552288,0.025));
#3136=CARTESIAN_POINT('',(-0.0463829855620861,-0.0494678084552288,0.025));
#3137=CARTESIAN_POINT('',(-0.0463829855620861,0.0159821915447712,0.025));
#3138=CARTESIAN_POINT('',(-0.0463829855620861,0.0159821915447712,0.0056));
#3139=CARTESIAN_POINT('',(-0.0463829855620861,0.0159821915447712,0.0236));
#3140=CARTESIAN_POINT('',(-0.0463829855620861,0.000532191544771202,0.0236));
#3141=CARTESIAN_POINT('',(-0.0463829855620861,0.0344821915447712,0.0236));
#3142=CARTESIAN_POINT('',(-0.0463829855620861,0.0344821915447712,0.025));
#3143=CARTESIAN_POINT('',(-0.0463829855620861,0.0344821915447712,0.0056));
#3144=CARTESIAN_POINT('',(-0.0463829855620861,0.000532191544771198,0.0056));
#3145=CARTESIAN_POINT('',(-0.0513829855620861,0.000532191544771202,0.025));
#3146=CARTESIAN_POINT('',(-0.0513829855620861,0.000532191544771202,0.));
#3147=CARTESIAN_POINT('',(-0.0513829855620861,0.0505321915447712,0.));
#3148=CARTESIAN_POINT('',(-0.0513829855620861,-0.0494678084552288,0.));
#3149=CARTESIAN_POINT('',(-0.0513829855620861,-0.0494678084552288,0.025));
#3150=CARTESIAN_POINT('',(-0.0513829855620861,-0.0494678084552288,0.025));
#3151=CARTESIAN_POINT('',(-0.0513829855620861,0.000532191544771202,0.025));
#3152=CARTESIAN_POINT('',(-0.0513829855620861,0.0505321915447712,0.025));
#3153=CARTESIAN_POINT('',(-0.0513829855620861,0.0505321915447712,0.025));
#3154=CARTESIAN_POINT('',(-0.0513829855620861,0.000532191544771202,0.0125));
#3155=CARTESIAN_POINT('',(-0.0513829855620861,0.000532191544771202,0.0157));
#3156=CARTESIAN_POINT('',(-0.0513829855620861,0.0252321915447712,0.0236));
#3157=CARTESIAN_POINT('',(-0.0513829855620861,0.0344821915447712,0.0236));
#3158=CARTESIAN_POINT('',(-0.0513829855620861,0.0159821915447712,0.0236));
#3159=CARTESIAN_POINT('',(-0.0513829855620861,0.0159821915447712,0.0146));
#3160=CARTESIAN_POINT('',(-0.0513829855620861,0.0159821915447712,0.0056));
#3161=CARTESIAN_POINT('',(-0.0513829855620861,0.0252321915447712,0.0056));
#3162=CARTESIAN_POINT('',(-0.0513829855620861,0.0344821915447712,0.0056));
#3163=CARTESIAN_POINT('',(-0.0513829855620861,0.0344821915447712,0.0146));
#3164=CARTESIAN_POINT('',(0.00361701443791389,-0.0494678084552288,0.025));
#3165=CARTESIAN_POINT('',(0.0106920144379139,-0.0494678084552288,0.025));
#3166=CARTESIAN_POINT('',(0.0106920144379139,-0.0494678084552288,0.007));
#3167=CARTESIAN_POINT('',(0.0106920144379139,-0.0494678084552288,0.01));
#3168=CARTESIAN_POINT('',(0.0116920144379139,-0.0494678084552288,0.007));
#3169=CARTESIAN_POINT('',(0.0116920144379139,-0.0494678084552288,0.006));
#3170=CARTESIAN_POINT('',(0.00361701443791389,-0.0494678084552288,0.006));
#3171=CARTESIAN_POINT('',(0.0203320144379139,-0.0494678084552288,0.006));
#3172=CARTESIAN_POINT('',(0.0203320144379139,-0.0494678084552288,0.007));
#3173=CARTESIAN_POINT('',(0.0213320144379139,-0.0494678084552288,0.007));
#3174=CARTESIAN_POINT('',(0.0213320144379139,-0.0494678084552288,0.025));
#3175=CARTESIAN_POINT('',(0.0213320144379139,-0.0494678084552288,0.01));
#3176=CARTESIAN_POINT('',(0.0203320144379139,-0.0494678084552288,0.01));
#3177=CARTESIAN_POINT('',(0.0203320144379139,-0.0494678084552288,0.011));
#3178=CARTESIAN_POINT('',(0.00361701443791389,-0.0494678084552288,0.011));
#3179=CARTESIAN_POINT('',(0.0116920144379139,-0.0494678084552288,0.011));
#3180=CARTESIAN_POINT('',(0.0116920144379139,-0.0494678084552288,0.01));
#3181=CARTESIAN_POINT('',(0.00361701443791389,-0.0494678084552288,0.003));
#3182=CARTESIAN_POINT('',(0.0536170144379139,-0.0494678084552288,0.003));
#3183=CARTESIAN_POINT('',(0.00361701443791389,-0.0494678084552288,0.025));
#3184=CARTESIAN_POINT('',(0.0536170144379139,-0.0494678084552288,0.025));
#3185=CARTESIAN_POINT('',(0.0536170144379139,-0.0494678084552288,0.025));
#3186=CARTESIAN_POINT('',(0.00109201443791389,-0.0494678084552288,0.025));
#3187=CARTESIAN_POINT('',(0.00109201443791389,-0.0494678084552288,0.0066));
#3188=CARTESIAN_POINT('',(0.00109201443791389,-0.0494678084552288,0.0201));
#3189=CARTESIAN_POINT('',(0.00361701443791389,-0.0494678084552288,0.0201));
#3190=CARTESIAN_POINT('',(-0.0154079855620861,-0.0494678084552288,0.0201));
#3191=CARTESIAN_POINT('',(-0.0154079855620861,-0.0494678084552288,0.025));
#3192=CARTESIAN_POINT('',(-0.0154079855620861,-0.0494678084552288,0.0066));
#3193=CARTESIAN_POINT('',(0.00361701443791389,-0.0494678084552288,0.0066));
#3194=CARTESIAN_POINT('',(-0.0188079855620861,-0.0494678084552288,0.025));
#3195=CARTESIAN_POINT('',(-0.0188079855620861,-0.0494678084552288,0.0066));
#3196=CARTESIAN_POINT('',(-0.0188079855620861,-0.0494678084552288,0.0201));
#3197=CARTESIAN_POINT('',(0.00361701443791389,-0.0494678084552288,0.0201));
#3198=CARTESIAN_POINT('',(-0.0353079855620861,-0.0494678084552288,0.0201));
#3199=CARTESIAN_POINT('',(-0.0353079855620861,-0.0494678084552288,0.025));
#3200=CARTESIAN_POINT('',(-0.0353079855620861,-0.0494678084552288,0.0066));
#3201=CARTESIAN_POINT('',(0.00361701443791389,-0.0494678084552288,0.0066));
#3202=CARTESIAN_POINT('',(0.00361701443791389,-0.0544678084552288,0.025));
#3203=CARTESIAN_POINT('',(-0.0270579855620861,-0.0544678084552288,0.0201));
#3204=CARTESIAN_POINT('',(-0.0353079855620861,-0.0544678084552288,0.0201));
#3205=CARTESIAN_POINT('',(-0.0188079855620861,-0.0544678084552288,0.0201));
#3206=CARTESIAN_POINT('',(-0.0188079855620861,-0.0544678084552288,0.01335));
#3207=CARTESIAN_POINT('',(-0.0188079855620861,-0.0544678084552288,0.0066));
#3208=CARTESIAN_POINT('',(-0.0270579855620861,-0.0544678084552288,0.0066));
#3209=CARTESIAN_POINT('',(-0.0353079855620861,-0.0544678084552288,0.0066));
#3210=CARTESIAN_POINT('',(-0.0353079855620861,-0.0544678084552288,0.01335));
#3211=CARTESIAN_POINT('',(0.00361701443791389,-0.0544678084552288,0.));
#3212=CARTESIAN_POINT('',(-0.0463829855620861,-0.0544678084552288,0.));
#3213=CARTESIAN_POINT('',(0.0536170144379139,-0.0544678084552288,0.));
#3214=CARTESIAN_POINT('',(0.0536170144379139,-0.0544678084552288,0.025));
#3215=CARTESIAN_POINT('',(0.0536170144379139,-0.0544678084552288,0.025));
#3216=CARTESIAN_POINT('',(0.00361701443791389,-0.0544678084552288,0.025));
#3217=CARTESIAN_POINT('',(-0.0463829855620861,-0.0544678084552288,0.025));
#3218=CARTESIAN_POINT('',(-0.0463829855620861,-0.0544678084552288,0.025));
#3219=CARTESIAN_POINT('',(-0.00715798556208611,-0.0544678084552288,0.0201));
#3220=CARTESIAN_POINT('',(-0.0154079855620861,-0.0544678084552288,0.0201));
#3221=CARTESIAN_POINT('',(0.00109201443791389,-0.0544678084552288,0.0201));
#3222=CARTESIAN_POINT('',(0.00109201443791389,-0.0544678084552288,0.01335));
#3223=CARTESIAN_POINT('',(0.00109201443791389,-0.0544678084552288,0.0066));
#3224=CARTESIAN_POINT('',(-0.00715798556208611,-0.0544678084552288,0.0066));
#3225=CARTESIAN_POINT('',(-0.0154079855620861,-0.0544678084552288,0.0066));
#3226=CARTESIAN_POINT('',(-0.0154079855620861,-0.0544678084552288,0.01335));
#3227=CARTESIAN_POINT('',(0.0116920144379139,-0.0544678084552288,0.007));
#3228=CARTESIAN_POINT('',(0.0106920144379139,-0.0544678084552288,0.007));
#3229=CARTESIAN_POINT('',(0.0116920144379139,-0.0544678084552288,0.006));
#3230=CARTESIAN_POINT('',(0.0106920144379139,-0.0544678084552288,0.0085));
#3231=CARTESIAN_POINT('',(0.0106920144379139,-0.0544678084552288,0.01));
#3232=CARTESIAN_POINT('',(0.0116920144379139,-0.0544678084552288,0.01));
#3233=CARTESIAN_POINT('',(0.0116920144379139,-0.0544678084552288,0.011));
#3234=CARTESIAN_POINT('',(0.0160120144379139,-0.0544678084552288,0.011));
#3235=CARTESIAN_POINT('',(0.0203320144379139,-0.0544678084552288,0.011));
#3236=CARTESIAN_POINT('',(0.0203320144379139,-0.0544678084552288,0.01));
#3237=CARTESIAN_POINT('',(0.0213320144379139,-0.0544678084552288,0.01));
#3238=CARTESIAN_POINT('',(0.0213320144379139,-0.0544678084552288,0.0085));
#3239=CARTESIAN_POINT('',(0.0213320144379139,-0.0544678084552288,0.007));
#3240=CARTESIAN_POINT('',(0.0203320144379139,-0.0544678084552288,0.007));
#3241=CARTESIAN_POINT('',(0.0203320144379139,-0.0544678084552288,0.006));
#3242=CARTESIAN_POINT('',(0.0160120144379139,-0.0544678084552288,0.006));
#3243=CARTESIAN_POINT('',(0.00361701443791389,0.000532191544771202,0.003));
#3244=CARTESIAN_POINT('',(-0.0413829855620861,0.0455321915447712,0.003));
#3245=CARTESIAN_POINT('',(-0.0387829855620861,0.0455321915447712,0.003));
#3246=CARTESIAN_POINT('',(0.0486170144379139,0.0455321915447712,0.003));
#3247=CARTESIAN_POINT('',(0.0512170144379139,0.0455321915447712,0.003));
#3248=CARTESIAN_POINT('',(0.0486170144379139,-0.0444678084552288,0.003));
#3249=CARTESIAN_POINT('',(0.0512170144379139,-0.0444678084552288,0.003));
#3250=CARTESIAN_POINT('',(-0.0413829855620861,-0.0444678084552288,0.003));
#3251=CARTESIAN_POINT('',(-0.0387829855620861,-0.0444678084552288,0.003));
#3252=CARTESIAN_POINT('',(-0.0126429855620861,0.0466321915447712,0.003));
#3253=CARTESIAN_POINT('',(-0.0103929855620861,0.0466321915447712,0.003));
#3254=CARTESIAN_POINT('',(0.0203570144379139,0.0466321915447712,0.003));
#3255=CARTESIAN_POINT('',(0.0226070144379139,0.0466321915447712,0.003));
#3256=CARTESIAN_POINT('',(-0.0126429855620861,-0.0013678084552288,0.003));
#3257=CARTESIAN_POINT('',(-0.0103929855620861,-0.0013678084552288,0.003));
#3258=CARTESIAN_POINT('',(0.0203570144379139,-0.0013678084552288,0.003));
#3259=CARTESIAN_POINT('',(0.0226070144379139,-0.0013678084552288,0.003));
#3260=CARTESIAN_POINT('',(0.0536170144379139,0.000532191544771202,0.003));
#3261=CARTESIAN_POINT('',(-0.0413829855620861,0.0455321915447712,0.005));
#3262=CARTESIAN_POINT('',(-0.0413829855620861,0.0455321915447712,0.002));
#3263=CARTESIAN_POINT('',(-0.0397829855620861,0.0455321915447712,0.002));
#3264=CARTESIAN_POINT('',(-0.0413829855620861,0.0455321915447712,0.005));
#3265=CARTESIAN_POINT('',(-0.0397829855620861,0.0455321915447712,0.005));
#3266=CARTESIAN_POINT('',(-0.0413829855620861,0.0455321915447712,0.005));
#3267=CARTESIAN_POINT('',(-0.0413829855620861,0.0455321915447712,0.005));
#3268=CARTESIAN_POINT('',(-0.0387829855620861,0.0455321915447712,0.005));
#3269=CARTESIAN_POINT('',(0.00361701443791389,0.000532191544771202,0.005));
#3270=CARTESIAN_POINT('',(0.0203570144379139,0.0466321915447712,0.005));
#3271=CARTESIAN_POINT('',(0.0203570144379139,0.0466321915447712,0.002));
#3272=CARTESIAN_POINT('',(0.0216070144379139,0.0466321915447712,0.002));
#3273=CARTESIAN_POINT('',(0.0203570144379139,0.0466321915447712,0.005));
#3274=CARTESIAN_POINT('',(0.0216070144379139,0.0466321915447712,0.005));
#3275=CARTESIAN_POINT('',(0.0203570144379139,0.0466321915447712,0.005));
#3276=CARTESIAN_POINT('',(0.0203570144379139,0.0466321915447712,0.005));
#3277=CARTESIAN_POINT('',(0.0226070144379139,0.0466321915447712,0.005));
#3278=CARTESIAN_POINT('',(0.00361701443791389,0.000532191544771202,0.005));
#3279=CARTESIAN_POINT('',(-0.0126429855620861,-0.0013678084552288,0.005));
#3280=CARTESIAN_POINT('',(-0.0126429855620861,-0.0013678084552288,0.002));
#3281=CARTESIAN_POINT('',(-0.0113929855620861,-0.0013678084552288,0.002));
#3282=CARTESIAN_POINT('',(-0.0126429855620861,-0.0013678084552288,0.005));
#3283=CARTESIAN_POINT('',(-0.0113929855620861,-0.0013678084552288,0.005));
#3284=CARTESIAN_POINT('',(-0.0126429855620861,-0.0013678084552288,0.005));
#3285=CARTESIAN_POINT('',(-0.0126429855620861,-0.0013678084552288,0.005));
#3286=CARTESIAN_POINT('',(-0.0103929855620861,-0.0013678084552288,0.005));
#3287=CARTESIAN_POINT('',(0.00361701443791389,0.000532191544771202,0.005));
#3288=CARTESIAN_POINT('',(0.0203570144379139,-0.0013678084552288,0.005));
#3289=CARTESIAN_POINT('',(0.0203570144379139,-0.0013678084552288,0.002));
#3290=CARTESIAN_POINT('',(0.0216070144379139,-0.0013678084552288,0.002));
#3291=CARTESIAN_POINT('',(0.0203570144379139,-0.0013678084552288,0.005));
#3292=CARTESIAN_POINT('',(0.0216070144379139,-0.0013678084552288,0.005));
#3293=CARTESIAN_POINT('',(0.0203570144379139,-0.0013678084552288,0.005));
#3294=CARTESIAN_POINT('',(0.0203570144379139,-0.0013678084552288,0.005));
#3295=CARTESIAN_POINT('',(0.0226070144379139,-0.0013678084552288,0.005));
#3296=CARTESIAN_POINT('',(0.00361701443791389,0.000532191544771202,0.005));
#3297=CARTESIAN_POINT('',(-0.0126429855620861,0.0466321915447712,0.005));
#3298=CARTESIAN_POINT('',(-0.0126429855620861,0.0466321915447712,0.002));
#3299=CARTESIAN_POINT('',(-0.0113929855620861,0.0466321915447712,0.002));
#3300=CARTESIAN_POINT('',(-0.0126429855620861,0.0466321915447712,0.005));
#3301=CARTESIAN_POINT('',(-0.0113929855620861,0.0466321915447712,0.005));
#3302=CARTESIAN_POINT('',(-0.0126429855620861,0.0466321915447712,0.005));
#3303=CARTESIAN_POINT('',(-0.0126429855620861,0.0466321915447712,0.005));
#3304=CARTESIAN_POINT('',(-0.0103929855620861,0.0466321915447712,0.005));
#3305=CARTESIAN_POINT('',(0.00361701443791389,0.000532191544771202,0.005));
#3306=CARTESIAN_POINT('',(-0.0413829855620861,-0.0444678084552288,0.005));
#3307=CARTESIAN_POINT('',(-0.0413829855620861,-0.0444678084552288,0.002));
#3308=CARTESIAN_POINT('',(-0.0397829855620861,-0.0444678084552288,0.002));
#3309=CARTESIAN_POINT('',(-0.0413829855620861,-0.0444678084552288,0.005));
#3310=CARTESIAN_POINT('',(-0.0397829855620861,-0.0444678084552288,0.005));
#3311=CARTESIAN_POINT('',(-0.0413829855620861,-0.0444678084552288,0.005));
#3312=CARTESIAN_POINT('',(-0.0413829855620861,-0.0444678084552288,0.005));
#3313=CARTESIAN_POINT('',(-0.0387829855620861,-0.0444678084552288,0.005));
#3314=CARTESIAN_POINT('',(0.00361701443791389,0.000532191544771202,0.005));
#3315=CARTESIAN_POINT('',(0.0486170144379139,-0.0444678084552288,0.005));
#3316=CARTESIAN_POINT('',(0.0486170144379139,-0.0444678084552288,0.002));
#3317=CARTESIAN_POINT('',(0.0502170144379139,-0.0444678084552288,0.002));
#3318=CARTESIAN_POINT('',(0.0486170144379139,-0.0444678084552288,0.005));
#3319=CARTESIAN_POINT('',(0.0502170144379139,-0.0444678084552288,0.005));
#3320=CARTESIAN_POINT('',(0.0486170144379139,-0.0444678084552288,0.005));
#3321=CARTESIAN_POINT('',(0.0486170144379139,-0.0444678084552288,0.005));
#3322=CARTESIAN_POINT('',(0.0512170144379139,-0.0444678084552288,0.005));
#3323=CARTESIAN_POINT('',(0.00361701443791389,0.000532191544771202,0.005));
#3324=CARTESIAN_POINT('',(0.0486170144379139,0.0455321915447712,0.005));
#3325=CARTESIAN_POINT('',(0.0486170144379139,0.0455321915447712,0.002));
#3326=CARTESIAN_POINT('',(0.0502170144379139,0.0455321915447712,0.002));
#3327=CARTESIAN_POINT('',(0.0486170144379139,0.0455321915447712,0.005));
#3328=CARTESIAN_POINT('',(0.0502170144379139,0.0455321915447712,0.005));
#3329=CARTESIAN_POINT('',(0.0486170144379139,0.0455321915447712,0.005));
#3330=CARTESIAN_POINT('',(0.0486170144379139,0.0455321915447712,0.005));
#3331=CARTESIAN_POINT('',(0.0512170144379139,0.0455321915447712,0.005));
#3332=CARTESIAN_POINT('',(0.00361701443791389,0.000532191544771202,0.005));
#3333=CARTESIAN_POINT('',(0.00361701443791389,0.000532191544771202,0.002));
#3334=CARTESIAN_POINT('',(0.00361701443791389,0.000532191544771202,0.002));
#3335=CARTESIAN_POINT('',(0.00361701443791389,0.000532191544771202,0.002));
#3336=CARTESIAN_POINT('',(0.00361701443791389,0.000532191544771202,0.002));
#3337=CARTESIAN_POINT('',(0.00361701443791389,0.000532191544771202,0.002));
#3338=CARTESIAN_POINT('',(0.00361701443791389,0.000532191544771202,0.002));
#3339=CARTESIAN_POINT('',(0.00361701443791389,0.000532191544771202,0.002));
#3340=CARTESIAN_POINT('',(0.00361701443791389,0.000532191544771202,0.002));
#3341=CARTESIAN_POINT('',(0.0536170144379139,0.000532191544771202,0.025));
#3342=CARTESIAN_POINT('',(0.0536170144379139,0.000532191544771202,0.025));
#3343=CARTESIAN_POINT('',(-0.0463829855620861,-0.0494678084552288,0.025));
#3344=CARTESIAN_POINT('',(-0.0463829855620861,-0.0494678084552288,0.));
#3345=CARTESIAN_POINT('',(-0.0463829855620861,-0.0494678084552288,0.025));
#3346=CARTESIAN_POINT('',(0.0536170144379139,-0.0494678084552288,0.025));
#3347=CARTESIAN_POINT('',(0.0536170144379139,-0.0494678084552288,0.));
#3348=CARTESIAN_POINT('',(0.0586170144379139,-0.0494678084552288,0.));
#3349=CARTESIAN_POINT('',(0.0586170144379139,-0.0494678084552288,0.025));
#3350=CARTESIAN_POINT('',(0.0586170144379139,-0.0494678084552288,0.025));
#3351=CARTESIAN_POINT('',(0.0536170144379139,-0.0494678084552288,0.025));
#3352=CARTESIAN_POINT('',(0.0586170144379139,0.000532191544771202,0.025));
#3353=CARTESIAN_POINT('',(0.0586170144379139,0.000532191544771202,0.));
#3354=CARTESIAN_POINT('',(0.0586170144379139,0.0505321915447712,0.));
#3355=CARTESIAN_POINT('',(0.0586170144379139,0.0505321915447712,0.025));
#3356=CARTESIAN_POINT('',(0.0586170144379139,0.0505321915447712,0.025));
#3357=CARTESIAN_POINT('',(0.0586170144379139,0.000532191544771202,0.025));
#3358=CARTESIAN_POINT('',(0.0536170144379139,0.0505321915447712,0.025));
#3359=CARTESIAN_POINT('',(0.0536170144379139,0.0505321915447712,0.));
#3360=CARTESIAN_POINT('',(0.0536170144379139,0.0555321915447712,0.));
#3361=CARTESIAN_POINT('',(0.0536170144379139,0.0555321915447712,0.025));
#3362=CARTESIAN_POINT('',(0.0536170144379139,0.0555321915447712,0.025));
#3363=CARTESIAN_POINT('',(0.0536170144379139,0.0505321915447712,0.025));
#3364=CARTESIAN_POINT('',(0.00361701443791389,0.0555321915447712,0.025));
#3365=CARTESIAN_POINT('',(0.0158044235786089,0.0555321915447712,0.023));
#3366=CARTESIAN_POINT('',(0.0158044235786089,0.0555321915447712,0.024));
#3367=CARTESIAN_POINT('',(0.0168044235786089,0.0555321915447712,0.023));
#3368=CARTESIAN_POINT('',(0.0153044235786089,0.0555321915447712,0.024));
#3369=CARTESIAN_POINT('',(0.0148044235786089,0.0555321915447712,0.024));
#3370=CARTESIAN_POINT('',(0.0148044235786089,0.0555321915447712,0.023));
#3371=CARTESIAN_POINT('',(0.0138044235786089,0.0555321915447712,0.023));
#3372=CARTESIAN_POINT('',(0.0138044235786089,0.0555321915447712,0.016));
#3373=CARTESIAN_POINT('',(0.0138044235786089,0.0555321915447712,0.009));
#3374=CARTESIAN_POINT('',(0.0148044235786089,0.0555321915447712,0.009));
#3375=CARTESIAN_POINT('',(0.0148044235786089,0.0555321915447712,0.008));
#3376=CARTESIAN_POINT('',(0.0153044235786089,0.0555321915447712,0.008));
#3377=CARTESIAN_POINT('',(0.0158044235786089,0.0555321915447712,0.008));
#3378=CARTESIAN_POINT('',(0.0158044235786089,0.0555321915447712,0.009));
#3379=CARTESIAN_POINT('',(0.0168044235786089,0.0555321915447712,0.009));
#3380=CARTESIAN_POINT('',(0.0168044235786089,0.0555321915447712,0.016));
#3381=CARTESIAN_POINT('',(0.0108044235786089,0.0555321915447712,0.023));
#3382=CARTESIAN_POINT('',(0.0108044235786089,0.0555321915447712,0.024));
#3383=CARTESIAN_POINT('',(0.0118044235786089,0.0555321915447712,0.023));
#3384=CARTESIAN_POINT('',(0.0103044235786089,0.0555321915447712,0.024));
#3385=CARTESIAN_POINT('',(0.00980442357860893,0.0555321915447712,0.024));
#3386=CARTESIAN_POINT('',(0.00980442357860893,0.0555321915447712,0.023));
#3387=CARTESIAN_POINT('',(0.00880442357860891,0.0555321915447712,0.023));
#3388=CARTESIAN_POINT('',(0.00880442357860891,0.0555321915447712,0.016));
#3389=CARTESIAN_POINT('',(0.00880442357860891,0.0555321915447712,0.009));
#3390=CARTESIAN_POINT('',(0.00980442357860893,0.0555321915447712,0.009));
#3391=CARTESIAN_POINT('',(0.00980442357860893,0.0555321915447712,0.008));
#3392=CARTESIAN_POINT('',(0.0103044235786089,0.0555321915447712,0.008));
#3393=CARTESIAN_POINT('',(0.0108044235786089,0.0555321915447712,0.008));
#3394=CARTESIAN_POINT('',(0.0108044235786089,0.0555321915447712,0.009));
#3395=CARTESIAN_POINT('',(0.0118044235786089,0.0555321915447712,0.009));
#3396=CARTESIAN_POINT('',(0.0118044235786089,0.0555321915447712,0.016));
#3397=CARTESIAN_POINT('',(0.00580442357860889,0.0555321915447712,0.023));
#3398=CARTESIAN_POINT('',(0.0058044235786089,0.0555321915447712,0.024));
#3399=CARTESIAN_POINT('',(0.00680442357860891,0.0555321915447712,0.023));
#3400=CARTESIAN_POINT('',(0.00530442357860892,0.0555321915447712,0.024));
#3401=CARTESIAN_POINT('',(0.00480442357860893,0.0555321915447712,0.024));
#3402=CARTESIAN_POINT('',(0.00480442357860894,0.0555321915447712,0.023));
#3403=CARTESIAN_POINT('',(0.00380442357860891,0.0555321915447712,0.023));
#3404=CARTESIAN_POINT('',(0.00380442357860891,0.0555321915447712,0.016));
#3405=CARTESIAN_POINT('',(0.00380442357860891,0.0555321915447712,0.009));
#3406=CARTESIAN_POINT('',(0.00480442357860893,0.0555321915447712,0.009));
#3407=CARTESIAN_POINT('',(0.00480442357860893,0.0555321915447712,0.008));
#3408=CARTESIAN_POINT('',(0.00530442357860891,0.0555321915447712,0.008));
#3409=CARTESIAN_POINT('',(0.0058044235786089,0.0555321915447712,0.008));
#3410=CARTESIAN_POINT('',(0.0058044235786089,0.0555321915447712,0.009));
#3411=CARTESIAN_POINT('',(0.00680442357860891,0.0555321915447712,0.009));
#3412=CARTESIAN_POINT('',(0.00680442357860891,0.0555321915447712,0.016));
#3413=CARTESIAN_POINT('',(0.000804423578608896,0.0555321915447712,0.023));
#3414=CARTESIAN_POINT('',(0.000804423578608902,0.0555321915447712,0.024));
#3415=CARTESIAN_POINT('',(0.00180442357860891,0.0555321915447712,0.023));
#3416=CARTESIAN_POINT('',(0.000304423578608916,0.0555321915447712,0.024));
#3417=CARTESIAN_POINT('',(-0.000195576421391069,0.0555321915447712,0.024));
#3418=CARTESIAN_POINT('',(-0.000195576421391063,0.0555321915447712,0.023));
#3419=CARTESIAN_POINT('',(-0.00119557642139108,0.0555321915447712,0.023));
#3420=CARTESIAN_POINT('',(-0.00119557642139108,0.0555321915447712,0.016));
#3421=CARTESIAN_POINT('',(-0.00119557642139108,0.0555321915447712,0.009));
#3422=CARTESIAN_POINT('',(-0.00019557642139107,0.0555321915447712,0.009));
#3423=CARTESIAN_POINT('',(-0.00019557642139107,0.0555321915447712,0.008));
#3424=CARTESIAN_POINT('',(0.000304423578608915,0.0555321915447712,0.008));
#3425=CARTESIAN_POINT('',(0.000804423578608901,0.0555321915447712,0.008));
#3426=CARTESIAN_POINT('',(0.000804423578608901,0.0555321915447712,0.009));
#3427=CARTESIAN_POINT('',(0.00180442357860891,0.0555321915447712,0.009));
#3428=CARTESIAN_POINT('',(0.00180442357860891,0.0555321915447712,0.016));
#3429=CARTESIAN_POINT('',(-0.00419557642139111,0.0555321915447712,0.023));
#3430=CARTESIAN_POINT('',(-0.0041955764213911,0.0555321915447712,0.024));
#3431=CARTESIAN_POINT('',(-0.00319557642139109,0.0555321915447712,0.023));
#3432=CARTESIAN_POINT('',(-0.00469557642139109,0.0555321915447712,0.024));
#3433=CARTESIAN_POINT('',(-0.00519557642139107,0.0555321915447712,0.024));
#3434=CARTESIAN_POINT('',(-0.00519557642139107,0.0555321915447712,0.023));
#3435=CARTESIAN_POINT('',(-0.00619557642139109,0.0555321915447712,0.023));
#3436=CARTESIAN_POINT('',(-0.00619557642139109,0.0555321915447712,0.016));
#3437=CARTESIAN_POINT('',(-0.00619557642139109,0.0555321915447712,0.009));
#3438=CARTESIAN_POINT('',(-0.00519557642139107,0.0555321915447712,0.009));
#3439=CARTESIAN_POINT('',(-0.00519557642139107,0.0555321915447712,0.008));
#3440=CARTESIAN_POINT('',(-0.00469557642139109,0.0555321915447712,0.008));
#3441=CARTESIAN_POINT('',(-0.0041955764213911,0.0555321915447712,0.008));
#3442=CARTESIAN_POINT('',(-0.0041955764213911,0.0555321915447712,0.009));
#3443=CARTESIAN_POINT('',(-0.00319557642139109,0.0555321915447712,0.009));
#3444=CARTESIAN_POINT('',(-0.00319557642139109,0.0555321915447712,0.016));
#3445=CARTESIAN_POINT('',(-0.0091955764213911,0.0555321915447712,0.023));
#3446=CARTESIAN_POINT('',(-0.0091955764213911,0.0555321915447712,0.024));
#3447=CARTESIAN_POINT('',(-0.00819557642139108,0.0555321915447712,0.023));
#3448=CARTESIAN_POINT('',(-0.00969557642139108,0.0555321915447712,0.024));
#3449=CARTESIAN_POINT('',(-0.0101955764213911,0.0555321915447712,0.024));
#3450=CARTESIAN_POINT('',(-0.0101955764213911,0.0555321915447712,0.023));
#3451=CARTESIAN_POINT('',(-0.0111955764213911,0.0555321915447712,0.023));
#3452=CARTESIAN_POINT('',(-0.0111955764213911,0.0555321915447712,0.016));
#3453=CARTESIAN_POINT('',(-0.0111955764213911,0.0555321915447712,0.009));
#3454=CARTESIAN_POINT('',(-0.0101955764213911,0.0555321915447712,0.009));
#3455=CARTESIAN_POINT('',(-0.0101955764213911,0.0555321915447712,0.008));
#3456=CARTESIAN_POINT('',(-0.00969557642139108,0.0555321915447712,0.008));
#3457=CARTESIAN_POINT('',(-0.0091955764213911,0.0555321915447712,0.008));
#3458=CARTESIAN_POINT('',(-0.0091955764213911,0.0555321915447712,0.009));
#3459=CARTESIAN_POINT('',(-0.00819557642139108,0.0555321915447712,0.009));
#3460=CARTESIAN_POINT('',(-0.00819557642139108,0.0555321915447712,0.016));
#3461=CARTESIAN_POINT('',(0.00361701443791389,0.0555321915447712,0.));
#3462=CARTESIAN_POINT('',(-0.0463829855620861,0.0555321915447712,0.));
#3463=CARTESIAN_POINT('',(-0.0463829855620861,0.0555321915447712,0.025));
#3464=CARTESIAN_POINT('',(-0.0463829855620861,0.0555321915447712,0.025));
#3465=CARTESIAN_POINT('',(0.00361701443791389,0.0555321915447712,0.025));
#3466=CARTESIAN_POINT('',(-0.0463829855620861,0.0505321915447712,0.025));
#3467=CARTESIAN_POINT('',(-0.0463829855620861,0.0505321915447712,0.));
#3468=CARTESIAN_POINT('',(-0.0463829855620861,0.0505321915447712,0.025));
#3469=CARTESIAN_POINT('',(0.00361701443791389,0.000532191544771202,0.025));
#3470=CARTESIAN_POINT('',(0.0556170144379139,-0.0514678084552288,0.025));
#3471=CARTESIAN_POINT('',(0.0565670144379139,-0.0514678084552288,0.025));
#3472=CARTESIAN_POINT('',(-0.0483829855620861,-0.0514678084552288,0.025));
#3473=CARTESIAN_POINT('',(-0.0474329855620861,-0.0514678084552288,0.025));
#3474=CARTESIAN_POINT('',(-0.0483829855620861,0.0525321915447712,0.025));
#3475=CARTESIAN_POINT('',(-0.0474329855620861,0.0525321915447712,0.025));
#3476=CARTESIAN_POINT('',(0.0556170144379139,0.0525321915447712,0.025));
#3477=CARTESIAN_POINT('',(0.0565670144379139,0.0525321915447712,0.025));
#3478=CARTESIAN_POINT('',(0.00361701443791389,0.000532191544771202,0.));
#3479=CARTESIAN_POINT('',(0.0556170144379139,0.0525321915447712,0.015));
#3480=CARTESIAN_POINT('',(0.0556170144379139,0.0525321915447712,0.015));
#3481=CARTESIAN_POINT('',(0.0565670144379139,0.0525321915447712,0.015));
#3482=CARTESIAN_POINT('',(0.00361701443791389,0.000532191544771202,0.015));
#3483=CARTESIAN_POINT('',(-0.0483829855620861,0.0525321915447712,0.015));
#3484=CARTESIAN_POINT('',(-0.0483829855620861,0.0525321915447712,0.015));
#3485=CARTESIAN_POINT('',(-0.0474329855620861,0.0525321915447712,0.015));
#3486=CARTESIAN_POINT('',(0.00361701443791389,0.000532191544771202,0.015));
#3487=CARTESIAN_POINT('',(-0.0483829855620861,-0.0514678084552288,0.015));
#3488=CARTESIAN_POINT('',(-0.0483829855620861,-0.0514678084552288,0.015));
#3489=CARTESIAN_POINT('',(-0.0474329855620861,-0.0514678084552288,0.015));
#3490=CARTESIAN_POINT('',(0.00361701443791389,0.000532191544771202,0.015));
#3491=CARTESIAN_POINT('',(0.0556170144379139,-0.0514678084552288,0.015));
#3492=CARTESIAN_POINT('',(0.0556170144379139,-0.0514678084552288,0.015));
#3493=CARTESIAN_POINT('',(0.0565670144379139,-0.0514678084552288,0.015));
#3494=CARTESIAN_POINT('',(0.00361701443791389,0.000532191544771202,0.015));
#3495=CARTESIAN_POINT('',(0.0106920144379139,-0.0294678084552288,0.0085));
#3496=CARTESIAN_POINT('',(0.0106920144379139,-0.0294678084552288,0.01));
#3497=CARTESIAN_POINT('',(0.0106920144379139,-0.0294678084552288,0.007));
#3498=CARTESIAN_POINT('',(0.0116920144379139,-0.0294678084552288,0.007));
#3499=CARTESIAN_POINT('',(0.0116920144379139,-0.0294678084552288,0.006));
#3500=CARTESIAN_POINT('',(0.0160120144379139,-0.0294678084552288,0.006));
#3501=CARTESIAN_POINT('',(0.0203320144379139,-0.0294678084552288,0.006));
#3502=CARTESIAN_POINT('',(0.0203320144379139,-0.0294678084552288,0.007));
#3503=CARTESIAN_POINT('',(0.0213320144379139,-0.0294678084552288,0.007));
#3504=CARTESIAN_POINT('',(0.0213320144379139,-0.0294678084552288,0.0085));
#3505=CARTESIAN_POINT('',(0.0213320144379139,-0.0294678084552288,0.01));
#3506=CARTESIAN_POINT('',(0.0203320144379139,-0.0294678084552288,0.01));
#3507=CARTESIAN_POINT('',(0.0203320144379139,-0.0294678084552288,0.011));
#3508=CARTESIAN_POINT('',(0.0160120144379139,-0.0294678084552288,0.011));
#3509=CARTESIAN_POINT('',(0.0116920144379139,-0.0294678084552288,0.011));
#3510=CARTESIAN_POINT('',(0.0116920144379139,-0.0294678084552288,0.01));
#3511=CARTESIAN_POINT('',(-0.00715798556208611,-0.0294678084552288,0.0201));
#3512=CARTESIAN_POINT('',(0.00109201443791389,-0.0294678084552288,0.0201));
#3513=CARTESIAN_POINT('',(-0.0154079855620861,-0.0294678084552288,0.0201));
#3514=CARTESIAN_POINT('',(-0.0154079855620861,-0.0294678084552288,0.01335));
#3515=CARTESIAN_POINT('',(-0.0154079855620861,-0.0294678084552288,0.0066));
#3516=CARTESIAN_POINT('',(-0.00715798556208611,-0.0294678084552288,0.0066));
#3517=CARTESIAN_POINT('',(0.00109201443791389,-0.0294678084552288,0.0066));
#3518=CARTESIAN_POINT('',(0.00109201443791389,-0.0294678084552288,0.01335));
#3519=CARTESIAN_POINT('',(-0.0270579855620861,-0.0294678084552288,0.0201));
#3520=CARTESIAN_POINT('',(-0.0188079855620861,-0.0294678084552288,0.0201));
#3521=CARTESIAN_POINT('',(-0.0353079855620861,-0.0294678084552288,0.0201));
#3522=CARTESIAN_POINT('',(-0.0353079855620861,-0.0294678084552288,0.01335));
#3523=CARTESIAN_POINT('',(-0.0353079855620861,-0.0294678084552288,0.0066));
#3524=CARTESIAN_POINT('',(-0.0270579855620861,-0.0294678084552288,0.0066));
#3525=CARTESIAN_POINT('',(-0.0188079855620861,-0.0294678084552288,0.0066));
#3526=CARTESIAN_POINT('',(-0.0188079855620861,-0.0294678084552288,0.01335));
#3527=CARTESIAN_POINT('',(-0.0263829855620861,0.000532191544771202,0.0125));
#3528=CARTESIAN_POINT('',(-0.0263829855620861,0.0252321915447712,0.0236));
#3529=CARTESIAN_POINT('',(-0.0263829855620861,0.0159821915447712,0.0236));
#3530=CARTESIAN_POINT('',(-0.0263829855620861,0.0344821915447712,0.0236));
#3531=CARTESIAN_POINT('',(-0.0263829855620861,0.0344821915447712,0.0146));
#3532=CARTESIAN_POINT('',(-0.0263829855620861,0.0344821915447712,0.0056));
#3533=CARTESIAN_POINT('',(-0.0263829855620861,0.0252321915447712,0.0056));
#3534=CARTESIAN_POINT('',(-0.0263829855620861,0.0159821915447712,0.0056));
#3535=CARTESIAN_POINT('',(-0.0263829855620861,0.0159821915447712,0.0146));
#3536=CARTESIAN_POINT('',(-0.00969557642139108,0.0305321915447712,0.024));
#3537=CARTESIAN_POINT('',(-0.0101955764213911,0.0305321915447712,0.024));
#3538=CARTESIAN_POINT('',(-0.0091955764213911,0.0305321915447712,0.024));
#3539=CARTESIAN_POINT('',(-0.0091955764213911,0.0305321915447712,0.023));
#3540=CARTESIAN_POINT('',(-0.00819557642139108,0.0305321915447712,0.023));
#3541=CARTESIAN_POINT('',(-0.00819557642139108,0.0305321915447712,0.016));
#3542=CARTESIAN_POINT('',(-0.00819557642139108,0.0305321915447712,0.009));
#3543=CARTESIAN_POINT('',(-0.0091955764213911,0.0305321915447712,0.009));
#3544=CARTESIAN_POINT('',(-0.0091955764213911,0.0305321915447712,0.008));
#3545=CARTESIAN_POINT('',(-0.00969557642139108,0.0305321915447712,0.008));
#3546=CARTESIAN_POINT('',(-0.0101955764213911,0.0305321915447712,0.008));
#3547=CARTESIAN_POINT('',(-0.0101955764213911,0.0305321915447712,0.009));
#3548=CARTESIAN_POINT('',(-0.0111955764213911,0.0305321915447712,0.009));
#3549=CARTESIAN_POINT('',(-0.0111955764213911,0.0305321915447712,0.016));
#3550=CARTESIAN_POINT('',(-0.0111955764213911,0.0305321915447712,0.023));
#3551=CARTESIAN_POINT('',(-0.0101955764213911,0.0305321915447712,0.023));
#3552=CARTESIAN_POINT('',(-0.00469557642139109,0.0305321915447712,0.024));
#3553=CARTESIAN_POINT('',(-0.00519557642139107,0.0305321915447712,0.024));
#3554=CARTESIAN_POINT('',(-0.0041955764213911,0.0305321915447712,0.024));
#3555=CARTESIAN_POINT('',(-0.00419557642139111,0.0305321915447712,0.023));
#3556=CARTESIAN_POINT('',(-0.00319557642139109,0.0305321915447712,0.023));
#3557=CARTESIAN_POINT('',(-0.00319557642139109,0.0305321915447712,0.016));
#3558=CARTESIAN_POINT('',(-0.00319557642139109,0.0305321915447712,0.009));
#3559=CARTESIAN_POINT('',(-0.0041955764213911,0.0305321915447712,0.009));
#3560=CARTESIAN_POINT('',(-0.0041955764213911,0.0305321915447712,0.008));
#3561=CARTESIAN_POINT('',(-0.00469557642139109,0.0305321915447712,0.008));
#3562=CARTESIAN_POINT('',(-0.00519557642139107,0.0305321915447712,0.008));
#3563=CARTESIAN_POINT('',(-0.00519557642139107,0.0305321915447712,0.009));
#3564=CARTESIAN_POINT('',(-0.00619557642139109,0.0305321915447712,0.009));
#3565=CARTESIAN_POINT('',(-0.00619557642139109,0.0305321915447712,0.016));
#3566=CARTESIAN_POINT('',(-0.00619557642139109,0.0305321915447712,0.023));
#3567=CARTESIAN_POINT('',(-0.00519557642139107,0.0305321915447712,0.023));
#3568=CARTESIAN_POINT('',(0.000304423578608916,0.0305321915447712,0.024));
#3569=CARTESIAN_POINT('',(-0.000195576421391069,0.0305321915447712,0.024));
#3570=CARTESIAN_POINT('',(0.000804423578608902,0.0305321915447712,0.024));
#3571=CARTESIAN_POINT('',(0.000804423578608896,0.0305321915447712,0.023));
#3572=CARTESIAN_POINT('',(0.00180442357860891,0.0305321915447712,0.023));
#3573=CARTESIAN_POINT('',(0.00180442357860891,0.0305321915447712,0.016));
#3574=CARTESIAN_POINT('',(0.00180442357860891,0.0305321915447712,0.009));
#3575=CARTESIAN_POINT('',(0.000804423578608901,0.0305321915447712,0.009));
#3576=CARTESIAN_POINT('',(0.000804423578608901,0.0305321915447712,0.008));
#3577=CARTESIAN_POINT('',(0.000304423578608915,0.0305321915447712,0.008));
#3578=CARTESIAN_POINT('',(-0.00019557642139107,0.0305321915447712,0.008));
#3579=CARTESIAN_POINT('',(-0.00019557642139107,0.0305321915447712,0.009));
#3580=CARTESIAN_POINT('',(-0.00119557642139108,0.0305321915447712,0.009));
#3581=CARTESIAN_POINT('',(-0.00119557642139108,0.0305321915447712,0.016));
#3582=CARTESIAN_POINT('',(-0.00119557642139108,0.0305321915447712,0.023));
#3583=CARTESIAN_POINT('',(-0.000195576421391063,0.0305321915447712,0.023));
#3584=CARTESIAN_POINT('',(0.00530442357860892,0.0305321915447712,0.024));
#3585=CARTESIAN_POINT('',(0.00480442357860893,0.0305321915447712,0.024));
#3586=CARTESIAN_POINT('',(0.0058044235786089,0.0305321915447712,0.024));
#3587=CARTESIAN_POINT('',(0.00580442357860889,0.0305321915447712,0.023));
#3588=CARTESIAN_POINT('',(0.00680442357860891,0.0305321915447712,0.023));
#3589=CARTESIAN_POINT('',(0.00680442357860891,0.0305321915447712,0.016));
#3590=CARTESIAN_POINT('',(0.00680442357860891,0.0305321915447712,0.009));
#3591=CARTESIAN_POINT('',(0.0058044235786089,0.0305321915447712,0.009));
#3592=CARTESIAN_POINT('',(0.0058044235786089,0.0305321915447712,0.008));
#3593=CARTESIAN_POINT('',(0.00530442357860891,0.0305321915447712,0.008));
#3594=CARTESIAN_POINT('',(0.00480442357860893,0.0305321915447712,0.008));
#3595=CARTESIAN_POINT('',(0.00480442357860893,0.0305321915447712,0.009));
#3596=CARTESIAN_POINT('',(0.00380442357860891,0.0305321915447712,0.009));
#3597=CARTESIAN_POINT('',(0.00380442357860891,0.0305321915447712,0.016));
#3598=CARTESIAN_POINT('',(0.00380442357860891,0.0305321915447712,0.023));
#3599=CARTESIAN_POINT('',(0.00480442357860894,0.0305321915447712,0.023));
#3600=CARTESIAN_POINT('',(0.0103044235786089,0.0305321915447712,0.024));
#3601=CARTESIAN_POINT('',(0.00980442357860893,0.0305321915447712,0.024));
#3602=CARTESIAN_POINT('',(0.0108044235786089,0.0305321915447712,0.024));
#3603=CARTESIAN_POINT('',(0.0108044235786089,0.0305321915447712,0.023));
#3604=CARTESIAN_POINT('',(0.0118044235786089,0.0305321915447712,0.023));
#3605=CARTESIAN_POINT('',(0.0118044235786089,0.0305321915447712,0.016));
#3606=CARTESIAN_POINT('',(0.0118044235786089,0.0305321915447712,0.009));
#3607=CARTESIAN_POINT('',(0.0108044235786089,0.0305321915447712,0.009));
#3608=CARTESIAN_POINT('',(0.0108044235786089,0.0305321915447712,0.008));
#3609=CARTESIAN_POINT('',(0.0103044235786089,0.0305321915447712,0.008));
#3610=CARTESIAN_POINT('',(0.00980442357860893,0.0305321915447712,0.008));
#3611=CARTESIAN_POINT('',(0.00980442357860893,0.0305321915447712,0.009));
#3612=CARTESIAN_POINT('',(0.00880442357860892,0.0305321915447712,0.009));
#3613=CARTESIAN_POINT('',(0.00880442357860891,0.0305321915447712,0.016));
#3614=CARTESIAN_POINT('',(0.00880442357860891,0.0305321915447712,0.023));
#3615=CARTESIAN_POINT('',(0.00980442357860893,0.0305321915447712,0.023));
#3616=CARTESIAN_POINT('',(0.0153044235786089,0.0305321915447712,0.024));
#3617=CARTESIAN_POINT('',(0.0148044235786089,0.0305321915447712,0.024));
#3618=CARTESIAN_POINT('',(0.0158044235786089,0.0305321915447712,0.024));
#3619=CARTESIAN_POINT('',(0.0158044235786089,0.0305321915447712,0.023));
#3620=CARTESIAN_POINT('',(0.0168044235786089,0.0305321915447712,0.023));
#3621=CARTESIAN_POINT('',(0.0168044235786089,0.0305321915447712,0.016));
#3622=CARTESIAN_POINT('',(0.0168044235786089,0.0305321915447712,0.009));
#3623=CARTESIAN_POINT('',(0.0158044235786089,0.0305321915447712,0.009));
#3624=CARTESIAN_POINT('',(0.0158044235786089,0.0305321915447712,0.008));
#3625=CARTESIAN_POINT('',(0.0153044235786089,0.0305321915447712,0.008));
#3626=CARTESIAN_POINT('',(0.0148044235786089,0.0305321915447712,0.008));
#3627=CARTESIAN_POINT('',(0.0148044235786089,0.0305321915447712,0.009));
#3628=CARTESIAN_POINT('',(0.0138044235786089,0.0305321915447712,0.009));
#3629=CARTESIAN_POINT('',(0.0138044235786089,0.0305321915447712,0.016));
#3630=CARTESIAN_POINT('',(0.0138044235786089,0.0305321915447712,0.023));
#3631=CARTESIAN_POINT('',(0.0148044235786089,0.0305321915447712,0.023));
#3632=MECHANICAL_DESIGN_GEOMETRIC_PRESENTATION_REPRESENTATION('',(#2143),
#3633);
#3633=(
GEOMETRIC_REPRESENTATION_CONTEXT(3)
GLOBAL_UNCERTAINTY_ASSIGNED_CONTEXT((#3634))
GLOBAL_UNIT_ASSIGNED_CONTEXT((#3637,#3636,#3635))
REPRESENTATION_CONTEXT('bottom case','TOP_LEVEL_ASSEMBLY_PART')
);
#3634=UNCERTAINTY_MEASURE_WITH_UNIT(LENGTH_MEASURE(1.E-8),#3637,
'DISTANCE_ACCURACY_VALUE','Maximum Tolerance applied to model');
#3635=(
NAMED_UNIT(*)
SI_UNIT($,.STERADIAN.)
SOLID_ANGLE_UNIT()
);
#3636=(
NAMED_UNIT(*)
PLANE_ANGLE_UNIT()
SI_UNIT($,.RADIAN.)
);
#3637=(
LENGTH_UNIT()
NAMED_UNIT(*)
SI_UNIT($,.METRE.)
);
#3638=PRODUCT_DEFINITION_SHAPE('','',#3639);
#3639=PRODUCT_DEFINITION('','',#3641,#3640);
#3640=PRODUCT_DEFINITION_CONTEXT('',#3647,'design');
#3641=PRODUCT_DEFINITION_FORMATION_WITH_SPECIFIED_SOURCE('','',#3643,
 .NOT_KNOWN.);
#3642=PRODUCT_RELATED_PRODUCT_CATEGORY('','',(#3643));
#3643=PRODUCT('bottom case','bottom case','bottom case',(#3645));
#3644=PRODUCT_CATEGORY('','');
#3645=PRODUCT_CONTEXT('',#3647,'mechanical');
#3646=APPLICATION_PROTOCOL_DEFINITION('international standard',
'ap242_managed_model_based_3d_engineering',2020,#3647);
#3647=APPLICATION_CONTEXT('managed model based 3d engineering');
ENDSEC;
END-ISO-10303-21;
